0,1,3,6,7,9,Targets
0.10526109915615703,-0.25581298403169694,0.21219067865901947,-0.3920520512473179,-0.3872056247291097,1.676762466141426,1
-0.7643982865787651,-0.7522377467980433,-0.38329434972871324,-0.3920520512473179,-0.3872056247291097,-0.7599135019161535,1
-0.7643982865787651,-0.7522377467980433,-0.46353701312847867,-0.3920520512473179,-0.3872056247291097,-0.7599135019161535,0
-0.7643982865787651,-0.7522377467980433,0.21219067865901947,-0.3920520512473179,-0.3872056247291097,1.2131471270862229,1
1.1923353313248095,0.364717969426236,-0.42411956444087456,-0.3920520512473179,-0.3872056247291097,-0.2531711545767454,0
1.1923353313248095,0.364717969426236,-0.46353701312847867,-0.3920520512473179,-0.3872056247291097,-0.7599135019161535,0
0.21396852237302227,1.7298860670336886,14.478491571522573,-0.3920520512473179,-0.3872056247291097,-0.7599135019161535,1
-0.7643982865787651,-0.7522377467980433,-0.2382944491993127,-0.3920520512473179,-0.3872056247291097,-0.7599135019161535,1
0.21396852237302227,1.7298860670336886,1.0385493350741473,-0.3920520512473179,-0.3872056247291097,-0.7599135019161535,1
1.1923353313248095,0.364717969426236,-0.46353701312847867,-0.3920520512473179,-0.3872056247291097,-0.7599135019161535,0
0.10526109915615703,-0.25581298403169694,-0.4353816926373329,-0.3920520512473179,-0.3872056247291097,-0.10222662558202805,1
-0.7643982865787651,-0.7522377467980433,-0.0876634845716829,-0.3920520512473179,-0.3872056247291097,0.10262666376794545,1
-1.8514725187474177,-1.3727687002559763,-0.3734399875568123,-0.3920520512473179,-0.3872056247291097,-0.39333393150041146,1
1.1923353313248095,0.364717969426236,-0.028537311540276826,-0.3920520512473179,-0.3872056247291097,1.0082938377362494,1
0.10526109915615703,-0.25581298403169694,-0.31290604850084885,1.224296162568728,1.2986473826613092,-0.6089689729214361,0
1.1923353313248095,0.364717969426236,-0.24110998124842722,4.204438181792063,6.004987028292895,1.5258179371467087,0
-0.7643982865787651,-0.7522377467980433,-0.16227508387321918,-0.3920520512473179,-0.3872056247291097,1.5905084495730162,1
-1.0542847484904057,1.4816736856505153,1.4890344629324792,-0.3920520512473179,-0.3872056247291097,-0.7599135019161535,1
1.1923353313248095,0.364717969426236,-0.46353701312847867,-0.3920520512473179,-0.3872056247291097,-0.7599135019161535,0
1.1923353313248095,0.364717969426236,-0.46353701312847867,-0.3920520512473179,-0.3872056247291097,-0.7599135019161535,0
1.1923353313248095,0.364717969426236,-0.46353701312847867,0.21407852893369927,0.45572087896609975,1.6875442182124771,0
1.1923353313248095,0.364717969426236,-0.0876634845716829,-0.3920520512473179,-0.3872056247291097,-0.7599135019161535,1
-0.7643982865787651,-0.7522377467980433,-0.46353701312847867,2.4365573229307627,1.776305734755261,-0.5119332042819751,0
0.10526109915615703,-0.25581298403169694,0.17558876202052978,-0.3920520512473179,-0.3872056247291097,-0.6952229894898461,0
1.1923353313248095,0.364717969426236,-0.5860126572649628,-0.291030287883815,-0.24671787411324145,-0.7275682457029998,0
0.10526109915615703,-0.25581298403169694,-0.127080933259287,-0.3920520512473179,-0.3872056247291097,0.8357858045994295,1
0.21396852237302227,1.7298860670336886,0.2882100439851129,-0.3920520512473179,-0.3872056247291097,2.0109967803440143,1
-0.7643982865787651,-0.7522377467980433,-0.16227508387321918,-0.34154116956556646,-0.34857149330974596,-0.6089689729214361,0
0.10526109915615703,-0.25581298403169694,-0.0876634845716829,0.06254588388844498,0.08694053359944565,-0.7599135019161535,0
-0.7643982865787651,-0.7522377467980433,0.6373360180753203,3.3962640748840394,2.5103542317231726,-0.7491317498451022,0
0.6487982152404833,2.226310829800035,0.7386951718434448,-0.3920520512473179,-0.3872056247291097,-0.7599135019161535,1
0.10526109915615703,-0.25581298403169694,-0.08907125059624016,-0.3920520512473179,-0.3872056247291097,-0.738349997774051,0
-0.329568593711304,4.336116071557007,1.7888886261631813,-0.3920520512473179,-0.3872056247291097,-0.7599135019161535,1
0.10526109915615703,-0.25581298403169694,-0.46353701312847867,1.577872334340988,1.667427728027963,-0.2316076504346429,0
1.1923353313248095,0.364717969426236,-0.46353701312847867,-0.3920520512473179,-0.3872056247291097,1.1161113584467617,0
-0.7643982865787651,-0.7522377467980433,-0.4353816926373329,-0.3920520512473179,-0.3872056247291097,-0.738349997774051,0
0.10526109915615703,-0.25581298403169694,-0.12426540121017235,-0.3920520512473179,-0.3872056247291097,0.5015514903968412,1
-0.329568593711304,1.1093551135757556,0.28680227796055563,-0.3920520512473179,-0.3872056247291097,-0.7599135019161535,1
-0.6556908633618997,3.5914789274074876,3.105149859124245,-0.3920520512473179,-0.3872056247291097,-0.738349997774051,1
1.1923353313248095,0.364717969426236,-0.08907125059624016,0.41612205566070504,0.7366963801978363,2.226631821765039,0
1.1923353313248095,0.364717969426236,-0.46353701312847867,-0.19000852452031217,-0.10623012349737321,1.4287821685072475,0
-0.329568593711304,1.1093551135757556,1.0385493350741473,-0.3920520512473179,-0.3872056247291097,-0.7599135019161535,1
0.10526109915615703,-0.25581298403169694,-0.0876634845716829,-0.3920520512473179,-0.3872056247291097,-0.7599135019161535,0
-0.7643982865787651,-0.7522377467980433,-0.46353701312847867,-0.3920520512473179,-0.3872056247291097,0.02715439927058679,1
0.10526109915615703,-0.25581298403169694,-0.0876634845716829,-0.3920520512473179,-0.3872056247291097,-0.7060047415608973,1
1.1923353313248095,0.364717969426236,-0.46353701312847867,-0.3920520512473179,-0.3872056247291097,1.0622025980915055,1
1.1923353313248095,0.364717969426236,-0.46353701312847867,-0.3920520512473179,-0.3872056247291097,1.3209646477967352,1
-0.7643982865787651,-0.7522377467980433,-0.08907125059624016,-0.3920520512473179,-0.3872056247291097,-0.7599135019161535,0
-2.6124244812654744,-1.4968748909475629,0.2882100439851129,-0.3920520512473179,-0.3872056247291097,-0.7599135019161535,1
0.10526109915615703,-0.25581298403169694,-0.46353701312847867,-0.3920520512473179,-0.3872056247291097,-0.4148974356425139,1
0.10526109915615703,-0.25581298403169694,-0.0876634845716829,0.8707199907964679,0.9298670372946551,-0.7599135019161535,0
-0.7643982865787651,-0.7522377467980433,-0.0876634845716829,-0.3920520512473179,-0.3872056247291097,0.005590895128484314,0
0.10526109915615703,-0.25581298403169694,-0.16227508387321918,-0.3920520512473179,-0.3872056247291097,0.11340841583899668,1
-0.7643982865787651,-0.7522377467980433,-0.46353701312847867,-0.3920520512473179,-0.3872056247291097,1.1592383667309667,1
1.1923353313248095,0.364717969426236,-0.46353701312847867,-0.3920520512473179,-0.3872056247291097,-0.7599135019161535,0
-0.7643982865787651,-0.7522377467980433,-0.40159530804795807,-0.3920520512473179,-0.3872056247291097,-0.6952229894898461,1
1.1923353313248095,0.364717969426236,-0.0876634845716829,-0.3920520512473179,-0.3872056247291097,0.7926587963152246,1
-0.329568593711304,1.1093551135757556,0.2882100439851129,-0.3920520512473179,-0.3872056247291097,-0.7599135019161535,1
0.10526109915615703,-0.25581298403169694,-0.041207205761292394,-0.3920520512473179,-0.3872056247291097,-0.7599135019161535,1
0.10526109915615703,-0.25581298403169694,-0.21436242678183884,-0.3920520512473179,-0.3872056247291097,-0.7599135019161535,0
1.1923353313248095,0.364717969426236,0.21219067865901947,-0.3920520512473179,-0.3872056247291097,0.005590895128484314,1
1.1923353313248095,0.364717969426236,-0.46353701312847867,-0.3920520512473179,-0.3872056247291097,-0.7275682457029998,1
1.1923353313248095,0.364717969426236,-0.46353701312847867,-0.3920520512473179,-0.3872056247291097,-0.7599135019161535,1
0.21396852237302227,1.7298860670336886,1.1877725336772196,-0.3920520512473179,-0.3872056247291097,0.7818770442441734,1
-0.4020402091892142,2.598629401874795,1.856461395341931,-0.3920520512473179,-0.3872056247291097,-0.7599135019161535,1
1.1923353313248095,0.364717969426236,-0.4128574362444163,-0.3920520512473179,-0.3872056247291097,-0.5766237167082825,0
-0.6556908633618997,0.7370365415009958,0.2882100439851129,-0.3920520512473179,-0.3872056247291097,-0.7599135019161535,1
-0.7643982865787651,-0.7522377467980433,-0.42411956444087456,2.689111731339519,1.9694763918520797,-0.7599135019161535,0
-0.7643982865787651,-0.7522377467980433,-0.46353701312847867,-0.3920520512473179,-0.3872056247291097,1.633635457857221,1
-0.7643982865787651,-0.7522377467980433,-0.31290604850084885,-0.3920520512473179,-0.3872056247291097,-0.7599135019161535,1
-0.7643982865787651,-0.7522377467980433,-0.46353701312847867,1.6283832160227394,1.158159632045441,0.630932515249456,0
1.1923353313248095,0.364717969426236,-0.4353816926373329,-0.34154116956556646,-0.31696174942117555,0.10262666376794545,0
1.1923353313248095,0.364717969426236,-0.0876634845716829,-0.3920520512473179,-0.3872056247291097,1.2454923832993765,1
1.1923353313248095,0.364717969426236,-0.46353701312847867,-0.3920520512473179,-0.3872056247291097,-0.7599135019161535,0
0.10526109915615703,-0.25581298403169694,-0.16227508387321918,-0.3920520512473179,-0.3872056247291097,-0.7599135019161535,1
-0.8368699020566752,1.8539922577252752,1.0357338030250327,-0.3920520512473179,-0.3872056247291097,-0.7599135019161535,1
1.1923353313248095,0.364717969426236,-0.0876634845716829,-0.3920520512473179,-0.3872056247291097,1.2131471270862229,1
0.21396852237302227,1.7298860670336886,0.2882100439851129,-0.3920520512473179,-0.3872056247291097,-0.45802444392671887,1
-1.3079354026630914,-0.007600602648523745,1.03714156904959,-0.3920520512473179,-0.3872056247291097,-0.3178616670030528,1
1.1923353313248095,0.364717969426236,-0.46353701312847867,0.06254588388844498,0.2449892530422974,-0.5981872208503849,0
0.21396852237302227,1.7298860670336886,0.7612194282363615,-0.3920520512473179,-0.3872056247291097,-0.7599135019161535,1
0.10526109915615703,-0.25581298403169694,10.210144985064877,1.6788940977044908,1.7727935409898645,0.32904345726002143,0
0.10526109915615703,-0.25581298403169694,-0.46353701312847867,-0.3920520512473179,-0.3872056247291097,-0.7599135019161535,1
1.1923353313248095,0.364717969426236,-0.6324689360753533,-0.3920520512473179,-0.3872056247291097,2.4207033590439613,1
0.10526109915615703,-0.25581298403169694,-0.13271199735751613,-0.3920520512473179,-0.3872056247291097,0.4368609779705338,1
1.1923353313248095,0.364717969426236,0.2910255760342274,-0.03847587947505783,0.1045015024264291,-0.7599135019161535,0
-1.4891144413578667,0.7370365415009958,1.0385493350741473,-0.3920520512473179,-0.3872056247291097,0.447642730041585,1
0.10526109915615703,-0.25581298403169694,-0.16227508387321918,4.6085252352460735,4.828402116884998,0.19966243240740658,0
1.1923353313248095,0.364717969426236,-0.46353701312847867,-0.3920520512473179,-0.3872056247291097,-0.7599135019161535,1
0.10526109915615703,-0.25581298403169694,-0.16227508387321918,-0.3920520512473179,-0.3872056247291097,-0.7599135019161535,1
0.10526109915615703,-0.25581298403169694,-0.3875176478023851,-0.3920520512473179,-0.3872056247291097,1.9678697720598093,1
1.1923353313248095,0.364717969426236,-0.46353701312847867,-0.3920520512473179,-0.3872056247291097,-0.7599135019161535,0
1.1923353313248095,0.364717969426236,-0.0876634845716829,-0.3920520512473179,-0.3872056247291097,-0.7599135019161535,1
0.10526109915615703,-0.25581298403169694,-0.46353701312847867,0.7696982274329651,0.824501224332754,1.6012902016440673,0
-2.503717058048609,-1.745087272330736,5.919274142214263,-0.3920520512473179,-0.3872056247291097,-0.7599135019161535,1
0.10526109915615703,-0.25581298403169694,-0.46353701312847867,1.0727635175234735,1.1405986632184575,-0.2639529066477966,0
1.1923353313248095,0.364717969426236,-0.0876634845716829,-0.19000852452031217,-0.10623012349737321,-0.3178616670030528,0
-1.8514725187474177,-1.3727687002559763,-0.3734399875568123,-0.19000852452031217,-0.30291297435958875,0.2320076886205603,0
1.1923353313248095,0.364717969426236,-0.6704786187384001,-0.3920520512473179,-0.3872056247291097,1.4611274247204014,1
0.10526109915615703,-0.25581298403169694,-0.46353701312847867,0.6686764640694621,0.7191354113708527,0.3829522176152776,0
0.21396852237302227,1.7298860670336886,0.3839381336550084,-0.3920520512473179,-0.3872056247291097,1.4826909288625036,1
1.1923353313248095,0.364717969426236,-0.46353701312847867,-0.291030287883815,-0.24671787411324145,-0.7491317498451022,0
0.10526109915615703,-0.25581298403169694,-0.37625551960592685,-0.3920520512473179,-0.3872056247291097,0.6632777714626098,1
-1.0252961022992415,3.9637974994822476,3.0629168783875267,-0.3920520512473179,-0.3872056247291097,0.39373396968632884,1
1.1923353313248095,0.364717969426236,-0.4353816926373329,0.41612205566070504,0.7366963801978363,-0.16691713800833546,0
-0.8731057097956303,0.48882416011782265,0.8316077294642258,-0.3920520512473179,-0.3872056247291097,1.407218664365145,1
0.10526109915615703,-0.25581298403169694,0.21219067865901947,-0.3920520512473179,-0.3872056247291097,-0.5227149563530263,1
0.10526109915615703,-0.25581298403169694,-0.607129147633322,-0.3920520512473179,-0.3872056247291097,-0.7599135019161535,0
-0.7643982865787651,-0.7522377467980433,-0.013051885270146741,-0.3920520512473179,-0.3872056247291097,-0.6089689729214361,1
1.1923353313248095,0.364717969426236,-0.31290604850084885,-0.3920520512473179,-0.3872056247291097,-0.7599135019161535,0
0.6487982152404833,2.226310829800035,0.2882100439851129,-0.3920520512473179,-0.3872056247291097,-0.7599135019161535,1
0.10526109915615703,-0.25581298403169694,-0.35654679526212485,-0.3920520512473179,-0.3872056247291097,-0.6952229894898461,1
0.10526109915615703,-0.25581298403169694,-0.42411956444087456,-0.3920520512473179,-0.3872056247291097,-0.7599135019161535,1
-0.329568593711304,1.1093551135757556,0.43743324258818544,-0.3920520512473179,-0.3872056247291097,-0.7599135019161535,1
0.6487982152404833,2.226310829800035,0.9090348608148767,-0.3920520512473179,-0.3872056247291097,-0.7599135019161535,1
-0.7643982865787651,-0.7522377467980433,-0.46353701312847867,-0.3920520512473179,-0.3872056247291097,2.7549376732465496,1
-1.8514725187474177,-1.3727687002559763,-0.11863433711194318,2.386046441249011,0.7718183178518032,0.10262666376794545,0
-0.329568593711304,1.1093551135757556,0.6626758065173514,-0.3920520512473179,-0.3872056247291097,1.1376748625888642,1
1.1923353313248095,0.364717969426236,-0.46353701312847867,-0.3920520512473179,-0.3872056247291097,1.8492704992782458,0
1.1923353313248095,0.364717969426236,-0.46353701312847867,1.325317925932231,2.00108613574065,2.226631821765039,0
-0.7643982865787651,-0.7522377467980433,-0.11581880506282867,-0.08898676115680931,-0.1554008362129271,0.22122593654950906,0
1.1923353313248095,0.364717969426236,-0.08907125059624016,-0.3920520512473179,-0.3872056247291097,-0.6305324770635387,1
1.1923353313248095,0.364717969426236,-0.46353701312847867,-0.3920520512473179,-0.3872056247291097,-0.7599135019161535,0
1.1923353313248095,0.364717969426236,-0.46353701312847867,-0.3920520512473179,-0.3872056247291097,-0.5334967084240775,1
0.10526109915615703,-0.25581298403169694,-0.37625551960592685,-0.3920520512473179,-0.3872056247291097,-0.7599135019161535,0
-0.7643982865787651,-0.7522377467980433,-0.46353701312847867,4.659036116927825,3.476207517207267,-0.6197507249924874,0
-0.7643982865787651,-0.7522377467980433,-0.0876634845716829,-0.3920520512473179,-0.3872056247291097,2.000215028272963,1
-0.7643982865787651,-0.7522377467980433,-0.46353701312847867,3.648818483292797,2.703524888819991,1.040639093949403,0
1.1923353313248095,0.364717969426236,-0.46353701312847867,-0.3920520512473179,-0.3872056247291097,-0.7599135019161535,0
-0.7643982865787651,-0.7522377467980433,-0.46353701312847867,-0.13949764283856073,-0.1940349676322909,-0.5874054687793338,0
0.10526109915615703,-0.25581298403169694,-0.0876634845716829,-0.3920520512473179,-0.3872056247291097,-0.7599135019161535,1
-0.7643982865787651,-0.7522377467980433,-0.0876634845716829,-0.3920520512473179,-0.3872056247291097,1.083766102233608,1
-1.8514725187474177,-1.3727687002559763,-0.46353701312847867,-0.3920520512473179,-0.3872056247291097,-0.7599135019161535,0
-0.8731057097956303,0.48882416011782265,1.0779667837617515,-0.3920520512473179,-0.3872056247291097,0.01637264719953555,1
0.10526109915615703,-0.25581298403169694,-0.46353701312847867,-0.3920520512473179,-0.3872056247291097,0.630932515249456,1
-0.6556908633618997,0.7370365415009958,1.639665427560109,-0.3920520512473179,-0.3872056247291097,-0.7599135019161535,1
-1.8514725187474177,-1.3727687002559763,-0.46353701312847867,-0.3920520512473179,-0.3872056247291097,-0.7599135019161535,1
-0.9818131330124955,-0.8763439374896299,-0.46353701312847867,-0.3920520512473179,-0.3872056247291097,-0.7599135019161535,0
1.1923353313248095,0.364717969426236,-0.46353701312847867,-0.3920520512473179,-0.3872056247291097,-0.7599135019161535,1
-2.395009634831744,-1.2486625095643897,0.9822386940918556,-0.3920520512473179,-0.3872056247291097,-0.7599135019161535,1
-0.7643982865787651,-0.7522377467980433,-0.46353701312847867,-0.3920520512473179,-0.3872056247291097,0.2320076886205603,1
-2.503717058048609,-1.745087272330736,-0.46353701312847867,-0.3920520512473179,-0.3872056247291097,-0.7599135019161535,0
-1.8514725187474177,-1.3727687002559763,-0.46353701312847867,0.5676547007059594,0.013184464526114796,-0.10222662558202805,0
-0.7643982865787651,-0.7522377467980433,-0.40159530804795807,-0.3920520512473179,-0.3872056247291097,-0.7599135019161535,0
-0.7643982865787651,-0.7522377467980433,-0.46353701312847867,-0.3920520512473179,-0.3872056247291097,-0.6089689729214361,1
-2.068887365181148,-1.4968748909475629,-0.46353701312847867,0.6686764640694621,-0.018425279362455554,-0.4795879480688213,0
-2.068887365181148,-1.4968748909475629,-0.46353701312847867,-0.3920520512473179,-0.3872056247291097,1.946306267917707,1
1.1923353313248095,0.364717969426236,-0.3889254138269424,-0.3920520512473179,-0.3872056247291097,-0.5334967084240775,0
-1.8514725187474177,-1.3727687002559763,-0.42411956444087456,-0.3920520512473179,-0.3872056247291097,-0.7275682457029998,0
-1.7427650955305523,-0.5040253654148701,0.28680227796055563,-0.3920520512473179,-0.3872056247291097,-0.7599135019161535,1
-0.7643982865787651,-0.7522377467980433,-0.46353701312847867,4.659036116927825,3.476207517207267,-0.5442784604951287,0
1.1923353313248095,0.364717969426236,-0.46353701312847867,-0.3920520512473179,-0.3872056247291097,1.903179259633502,1
-0.7643982865787651,-0.7522377467980433,-0.6338767020999104,-0.3920520512473179,-0.3872056247291097,2.3021040862623976,1
0.10526109915615703,-0.25581298403169694,-0.0876634845716829,1.4768505709774848,1.5620619150660622,1.633635457857221,0
1.1923353313248095,0.364717969426236,-0.0876634845716829,-0.3920520512473179,-0.3872056247291097,-0.7599135019161535,0
1.1923353313248095,0.364717969426236,-0.46353701312847867,0.5171438190242078,0.8771841308137045,0.8789128128836345,0
0.10526109915615703,-0.25581298403169694,0.21219067865901947,3.3457531932022877,3.511329454861234,1.0082938377362494,0
-0.7643982865787651,-0.7522377467980433,-0.40159530804795807,-0.3920520512473179,-0.3872056247291097,1.9247427637756045,0
0.10526109915615703,-0.25581298403169694,-0.46353701312847867,-0.3920520512473179,-0.3872056247291097,-0.7599135019161535,0
1.1923353313248095,0.364717969426236,-0.42411956444087456,-0.3920520512473179,-0.3872056247291097,-0.09144487351097681,1
0.10526109915615703,-0.25581298403169694,0.3895691977532377,3.446774956565791,3.616695267823135,2.3883581028308076,0
0.10526109915615703,-0.25581298403169694,0.21219067865901947,1.8304267427497454,1.930842260432716,0.4692062341836875,0
1.1923353313248095,0.364717969426236,-0.3889254138269424,-0.3920520512473179,-0.3872056247291097,-0.7599135019161535,0
0.10526109915615703,-0.25581298403169694,-0.46353701312847867,-0.3920520512473179,-0.3872056247291097,1.4826909288625036,1
1.1923353313248095,0.364717969426236,-0.5634884008720461,-0.34154116956556646,-0.31696174942117555,-0.6520959812056412,0
0.10526109915615703,-0.25581298403169694,-0.3002361542798333,1.7799158610679937,1.8781593539517656,1.860052251349297,0
-1.7790009032695073,0.24061177873464945,1.2271899823648238,-0.3920520512473179,-0.3872056247291097,2.7549376732465496,1
0.10526109915615703,-0.25581298403169694,-0.46353701312847867,-0.3920520512473179,-0.3872056247291097,0.8681310608125833,1
0.10526109915615703,-0.25581298403169694,-0.46353701312847867,-0.3920520512473179,-0.3872056247291097,-0.1992623942214892,1
0.10526109915615703,-0.25581298403169694,-0.0876634845716829,-0.3920520512473179,-0.3872056247291097,-0.7599135019161535,1
0.10526109915615703,-0.25581298403169694,-0.6141679777561085,-0.3920520512473179,-0.3872056247291097,1.0622025980915055,1
1.1923353313248095,0.364717969426236,-0.08907125059624016,-0.3920520512473179,-0.3872056247291097,-0.7599135019161535,1
-0.7643982865787651,-0.7522377467980433,-0.31290604850084885,-0.3920520512473179,-0.3872056247291097,-0.7599135019161535,1
0.21396852237302227,1.7298860670336886,0.49515164959503427,-0.3920520512473179,-0.3872056247291097,1.2131471270862229,1
-1.8514725187474177,-1.3727687002559763,-0.3875176478023851,-0.3920520512473179,-0.3872056247291097,-0.7599135019161535,0
0.6487982152404833,2.226310829800035,0.2882100439851129,-0.3920520512473179,-0.3872056247291097,0.7495317880310196,1
-0.7643982865787651,-0.7522377467980433,-0.46353701312847867,-0.3920520512473179,-0.3872056247291097,-0.7599135019161535,1
-0.7643982865787651,1.9780984484168618,2.0141311900923475,-0.3920520512473179,-0.3872056247291097,0.8896945649546857,1
1.1923353313248095,0.364717969426236,-0.46353701312847867,0.26458941061545077,0.525964754274034,0.37217046554422634,0
-0.7643982865787651,-0.7522377467980433,-0.15664401977499,-0.3920520512473179,-0.3872056247291097,0.25357119276266277,1
0.10526109915615703,-0.25581298403169694,0.21219067865901947,-0.3920520512473179,-0.3872056247291097,-0.7599135019161535,0
0.21396852237302227,1.7298860670336886,1.0385493350741473,-0.3920520512473179,-0.3872056247291097,0.814222300457327,1
1.1923353313248095,0.364717969426236,-0.1341197633820734,-0.3920520512473179,-0.3872056247291097,-0.7599135019161535,0
-1.9239441342253278,-0.007600602648523745,1.9395195907908112,-0.3920520512473179,-0.3872056247291097,-0.7599135019161535,1
0.10526109915615703,-0.25581298403169694,-0.02572177949116231,-0.3920520512473179,-0.3872056247291097,-0.6844412374187948,1
1.1923353313248095,0.364717969426236,-0.46353701312847867,1.8809376244314968,2.7737687641279254,-0.4688061959977701,0
-0.7643982865787651,-0.7522377467980433,-0.46353701312847867,-0.3920520512473179,-0.3872056247291097,-0.7599135019161535,0
1.1923353313248095,0.364717969426236,-0.0876634845716829,-0.08898676115680931,0.034257627118495,0.9867303335941469,0
-0.7643982865787651,-0.7522377467980433,-0.0876634845716829,-0.3920520512473179,-0.3872056247291097,-0.7599135019161535,1
-0.7643982865787651,-0.7522377467980433,-0.05106156793319345,-0.3920520512473179,-0.3872056247291097,-0.7599135019161535,0
0.10526109915615703,-0.25581298403169694,-0.46353701312847867,-0.3920520512473179,-0.3872056247291097,-0.7599135019161535,0
0.10526109915615703,-0.25581298403169694,-0.46353701312847867,-0.3920520512473179,-0.3872056247291097,-0.7599135019161535,0
-0.7643982865787651,-0.7522377467980433,-0.23970221522386997,0.7696982274329651,0.501379397916257,1.7953617389229897,0
0.10526109915615703,-0.25581298403169694,0.21219067865901947,-0.3920520512473179,-0.3872056247291097,-0.7599135019161535,0
-0.7643982865787651,-0.7522377467980433,-0.46353701312847867,-0.3920520512473179,-0.3872056247291097,-0.7599135019161535,0
-0.7643982865787651,-0.7522377467980433,-0.37907105165504146,-0.3920520512473179,-0.3872056247291097,1.7953617389229897,1
-0.7643982865787651,-0.7522377467980433,-0.3875176478023851,-0.3920520512473179,-0.3872056247291097,-0.7599135019161535,1
0.10526109915615703,-0.25581298403169694,-0.0876634845716829,-0.3920520512473179,-0.3872056247291097,1.4287821685072475,1
0.10526109915615703,-0.25581298403169694,-0.0876634845716829,0.012035002206693575,0.034257627118495,0.5231149945389437,0
1.1923353313248095,0.364717969426236,-0.46353701312847867,-0.3920520512473179,-0.3872056247291097,0.4368609779705338,1
1.1923353313248095,0.364717969426236,-0.46353701312847867,1.375828807613982,2.0713300110485844,1.903179259633502,0
0.6487982152404833,2.226310829800035,0.2882100439851129,-0.3920520512473179,-0.3872056247291097,0.6201507631784048,1
-0.18462536275548366,2.9709479739495546,2.1647621547199773,-0.3920520512473179,-0.3872056247291097,1.6012902016440673,1
0.10526109915615703,-0.25581298403169694,-0.46353701312847867,-0.3920520512473179,-0.3872056247291097,1.9786515241308607,1
1.1923353313248095,0.364717969426236,-0.42411956444087456,1.2748070442504795,1.930842260432716,1.7845799868519383,0
1.1923353313248095,0.364717969426236,-0.46353701312847867,-0.3920520512473179,-0.3872056247291097,-0.7599135019161535,0
0.6487982152404833,2.226310829800035,0.2882100439851129,-0.3920520512473179,-0.3872056247291097,0.8681310608125833,1
-0.8731057097956303,0.48882416011782265,0.6556369763945649,-0.3920520512473179,-0.3872056247291097,0.005590895128484314,1
1.1923353313248095,0.364717969426236,-0.46353701312847867,0.8707199907964679,1.3688912579692434,-0.17769889007938672,0
1.1923353313248095,0.364717969426236,-0.46353701312847867,2.8406443763847737,4.1084023949786745,-0.4688061959977701,0
1.1923353313248095,0.364717969426236,-0.46353701312847867,-0.3920520512473179,-0.3872056247291097,-0.7599135019161535,0
1.1923353313248095,0.364717969426236,-0.02572177949116231,-0.3920520512473179,-0.3872056247291097,-0.7599135019161535,1
0.10526109915615703,-0.25581298403169694,-0.0876634845716829,1.2748070442504795,1.3513302891422598,-0.7599135019161535,0
1.1923353313248095,0.364717969426236,-0.0876634845716829,-0.3920520512473179,-0.3872056247291097,-0.7599135019161535,0
1.1923353313248095,0.364717969426236,-0.31431381452540624,0.36561117397895354,0.6664525048899022,1.2886193915835815,0
-0.8731057097956303,0.48882416011782265,0.28680227796055563,-0.3920520512473179,-0.3872056247291097,-0.037536113155720634,1
0.10526109915615703,-0.25581298403169694,-0.46353701312847867,-0.3920520512473179,-0.3872056247291097,-0.6628777332766924,0
-0.7643982865787651,-0.7522377467980433,-0.3509157311638957,-0.3920520512473179,-0.3872056247291097,-0.7599135019161535,0
0.21396852237302227,1.7298860670336886,0.2882100439851129,-0.3920520512473179,-0.3872056247291097,-0.27473465871884784,1
-0.7643982865787651,-0.7522377467980433,-0.3734399875568123,-0.3920520512473179,-0.3872056247291097,-0.7599135019161535,1
-0.329568593711304,1.1093551135757556,1.1877725336772196,-0.3920520512473179,-0.3872056247291097,0.9651668294520444,1
-0.7643982865787651,-0.7522377467980433,-0.42130403239176006,-0.08898676115680931,-0.1554008362129271,-0.6736594853477436,0
-0.7643982865787651,-0.7522377467980433,-0.46353701312847867,-0.3920520512473179,-0.3872056247291097,-0.45802444392671887,1
1.1923353313248095,0.364717969426236,0.21219067865901947,-0.3920520512473179,-0.3872056247291097,-0.048317865226771874,1
0.10526109915615703,-0.25581298403169694,-0.4128574362444163,-0.3920520512473179,-0.3872056247291097,-0.6089689729214361,1
-0.7643982865787651,-0.7522377467980433,-0.46353701312847867,-0.03847587947505783,-0.11676670479356335,1.1700201188020178,0
1.1923353313248095,0.364717969426236,-0.13271199735751613,-0.3920520512473179,-0.3872056247291097,1.4611274247204014,1
-0.9818131330124955,-0.8763439374896299,-0.6141679777561085,-0.3920520512473179,-0.3872056247291097,-0.40411568357146266,1
-0.7643982865787651,-0.7522377467980433,0.12350141911191025,-0.3920520512473179,-0.3872056247291097,-0.7599135019161535,0
-0.7643982865787651,-0.7522377467980433,-0.46353701312847867,-0.3920520512473179,-0.3872056247291097,-0.7599135019161535,0
0.10526109915615703,-0.25581298403169694,-0.0876634845716829,-0.291030287883815,-0.28183981176720857,-0.7599135019161535,0
0.10526109915615703,-0.25581298403169694,-0.46353701312847867,-0.3920520512473179,-0.3872056247291097,-0.40411568357146266,1
1.1923353313248095,0.364717969426236,-0.40581860612162984,-0.3920520512473179,-0.3872056247291097,0.22122593654950906,1
-0.7643982865787651,1.9780984484168618,4.41578002798708,-0.3920520512473179,-0.3872056247291097,1.7845799868519383,1
1.1923353313248095,0.364717969426236,-0.46353701312847867,-0.3920520512473179,-0.3872056247291097,-0.7599135019161535,0
1.1923353313248095,0.364717969426236,-0.3889254138269424,-0.291030287883815,-0.24671787411324145,0.01637264719953555,0
0.6487982152404833,2.226310829800035,0.3656371753357638,-0.3920520512473179,-0.3872056247291097,-0.7599135019161535,1
-0.9818131330124955,-0.8763439374896299,-0.46353701312847867,-0.3920520512473179,-0.3872056247291097,-0.7599135019161535,1
-0.7643982865787651,-0.7522377467980433,-0.16227508387321918,-0.3920520512473179,-0.3872056247291097,-0.7599135019161535,1
-0.9093415175345854,1.7298860670336886,0.5472389925036538,-0.3920520512473179,-0.3872056247291097,-0.2962981628609503,1
-2.068887365181148,-1.4968748909475629,-0.46353701312847867,4.204438181792063,1.2108425385263915,-0.3178616670030528,0
0.1777327146340672,3.5914789274074876,2.390004718649143,-0.3920520512473179,-0.3872056247291097,-0.7275682457029998,1
0.10526109915615703,-0.25581298403169694,-0.28756626005881775,0.7191873457512136,0.7718183178518032,0.4368609779705338,0
-0.9818131330124955,-0.8763439374896299,-0.46353701312847867,1.4768505709774848,0.9123060684676717,-0.6844412374187948,0
-0.7643982865787651,-0.7522377467980433,-0.46353701312847867,-0.3920520512473179,-0.3872056247291097,1.2778376395125302,1
1.1923353313248095,0.364717969426236,-0.0876634845716829,-0.19000852452031217,-0.10623012349737321,-0.6520959812056412,0
-0.329568593711304,1.1093551135757556,0.3783070695567794,-0.3920520512473179,-0.3872056247291097,2.5285208797544736,1
0.10526109915615703,-0.25581298403169694,-0.3875176478023851,0.9212308724782194,0.9825499437756057,-0.17769889007938672,0
0.10526109915615703,-0.25581298403169694,-0.0876634845716829,-0.3920520512473179,-0.3872056247291097,0.6201507631784048,1
0.6487982152404833,2.226310829800035,1.0892289119582095,-0.3920520512473179,-0.3872056247291097,-0.7599135019161535,1
1.1923353313248095,0.364717969426236,-0.46353701312847867,3.143709666475282,4.529865646826279,1.8923975075624508,0
-1.199227979446226,0.11650558804306285,0.28680227796055563,-0.3920520512473179,-0.3872056247291097,-0.7599135019161535,1
0.10526109915615703,-0.25581298403169694,-0.46353701312847867,-0.3920520512473179,-0.3872056247291097,-0.7599135019161535,0
-0.7643982865787651,-0.7522377467980433,-0.35654679526212485,-0.3920520512473179,-0.3872056247291097,-0.6628777332766924,0
-1.634057672313687,-1.2486625095643897,-0.46353701312847867,-0.3920520512473179,-0.3872056247291097,0.4368609779705338,0
-0.4020402091892142,2.598629401874795,3.065732410436641,-0.3920520512473179,-0.3872056247291097,-0.4364609397846164,1
-0.7643982865787651,-0.7522377467980433,-0.46353701312847867,0.11305676557019646,-0.0008643105354720518,1.3856551602230427,0
-0.18462536275548366,2.9709479739495546,2.1647621547199773,-0.3920520512473179,-0.3872056247291097,-0.7599135019161535,1
-0.7643982865787651,-0.7522377467980433,-0.46353701312847867,-0.3920520512473179,-0.3872056247291097,1.4719091767914525,1
0.10526109915615703,-0.25581298403169694,-0.46353701312847867,0.26458941061545077,0.29767215952324794,1.7845799868519383,0
0.6487982152404833,2.226310829800035,0.6626758065173514,-0.3920520512473179,-0.3872056247291097,-0.7599135019161535,1
0.10526109915615703,-0.25581298403169694,-0.0876634845716829,-0.3920520512473179,-0.3872056247291097,2.1619413093387316,1
0.10526109915615703,-0.25581298403169694,-0.4396049907110048,-0.3920520512473179,-0.3872056247291097,-0.4903697001398726,1
1.1923353313248095,0.364717969426236,-0.23970221522386997,-0.3920520512473179,-0.3872056247291097,-0.7599135019161535,0
1.1923353313248095,0.364717969426236,-0.46353701312847867,-0.3920520512473179,-0.3872056247291097,0.49076973832578996,0
-0.7643982865787651,-0.7522377467980433,-0.46353701312847867,-0.3920520512473179,-0.3872056247291097,-0.7275682457029998,1
1.1923353313248095,0.364717969426236,2.388596952624586,-0.3920520512473179,-0.3872056247291097,0.9975120856651981,1
0.10526109915615703,-0.25581298403169694,-0.5719349970193899,-0.3920520512473179,-0.3872056247291097,-0.1992623942214892,1
1.1923353313248095,0.364717969426236,-0.0876634845716829,-0.3920520512473179,-0.3872056247291097,-0.7599135019161535,0
-1.8514725187474177,-1.3727687002559763,0.5880642072158152,-0.3920520512473179,-0.3872056247291097,-0.4688061959977701,1
-1.8514725187474177,-1.3727687002559763,-0.46353701312847867,4.659036116927825,1.7201106345089139,-0.40411568357146266,0
1.1923353313248095,0.364717969426236,-0.3706244555076977,-0.3920520512473179,-0.3872056247291097,-0.7599135019161535,0
0.10526109915615703,-0.25581298403169694,-0.3875176478023851,-0.13949764283856073,-0.12379109232435676,-0.7275682457029998,0
-0.7643982865787651,-0.7522377467980433,-0.31431381452540624,4.406481708519068,3.283036860110448,1.4611274247204014,0
0.10526109915615703,-0.25581298403169694,-0.0876634845716829,1.2748070442504795,1.3513302891422598,-0.7060047415608973,0
-1.8514725187474177,-1.3727687002559763,-0.37625551960592685,-0.3920520512473179,-0.3872056247291097,-0.7599135019161535,0
1.1923353313248095,0.364717969426236,-0.46353701312847867,-0.3920520512473179,-0.3872056247291097,-0.7599135019161535,0
-0.329568593711304,1.1093551135757556,1.110345402326569,-0.3920520512473179,-0.3872056247291097,2.3344493424755512,1
1.1923353313248095,0.364717969426236,-0.0876634845716829,-0.3920520512473179,-0.3872056247291097,0.02715439927058679,1
-0.7643982865787651,-0.7522377467980433,-0.46353701312847867,-0.3920520512473179,-0.3872056247291097,-0.7599135019161535,1
1.1923353313248095,0.364717969426236,-0.3889254138269424,-0.3920520512473179,-0.3872056247291097,-0.5227149563530263,1
0.10526109915615703,-0.25581298403169694,-0.46353701312847867,-0.3920520512473179,-0.3872056247291097,-0.7599135019161535,0
1.1923353313248095,0.364717969426236,-0.46353701312847867,-0.291030287883815,-0.24671787411324145,-0.7491317498451022,0
-1.8514725187474177,-1.3727687002559763,-0.0876634845716829,-0.3920520512473179,-0.3872056247291097,-0.7599135019161535,0
1.1923353313248095,0.364717969426236,-0.46353701312847867,-0.3920520512473179,-0.3872056247291097,-0.7167864936319486,0
0.10526109915615703,-0.25581298403169694,-0.46353701312847867,-0.3920520512473179,-0.3872056247291097,-0.7275682457029998,1
1.1923353313248095,0.364717969426236,-0.0876634845716829,-0.3920520512473179,-0.3872056247291097,0.7064047797468147,1
0.10526109915615703,-0.25581298403169694,-0.46353701312847867,-0.3920520512473179,-0.3872056247291097,0.19966243240740658,1
1.1923353313248095,0.364717969426236,-0.08907125059624016,1.4768505709774848,2.2118177616644528,0.5878055069652511,0
-0.7643982865787651,-0.7522377467980433,-0.14256635952941707,-0.3920520512473179,-0.3872056247291097,-0.7599135019161535,0
-2.503717058048609,-1.745087272330736,-0.46353701312847867,3.3962640748840394,0.40303797248514917,-0.7275682457029998,0
-0.8731057097956303,0.48882416011782265,0.7386951718434448,-0.3920520512473179,-0.3872056247291097,-0.4364609397846164,1
1.1923353313248095,0.364717969426236,-0.08907125059624016,-0.2405194062020636,-0.17647399880530734,2.7872829294597032,0
1.1923353313248095,0.364717969426236,-0.46353701312847867,-0.3920520512473179,-0.3872056247291097,-0.7275682457029998,0
-1.0180489407514506,5.204859406398113,4.191945230082471,-0.3920520512473179,-0.3872056247291097,2.5177391276834227,1
0.10526109915615703,-0.25581298403169694,-0.46353701312847867,-0.3920520512473179,-0.3872056247291097,0.3829522176152776,1
0.10526109915615703,-0.25581298403169694,-0.0876634845716829,-0.3920520512473179,-0.3872056247291097,-0.4364609397846164,1
1.1923353313248095,0.364717969426236,-0.46353701312847867,-0.3920520512473179,-0.3872056247291097,-0.7599135019161535,1
-1.8514725187474177,-1.3727687002559763,-0.3706244555076977,-0.3920520512473179,-0.3872056247291097,2.625556648393935,1
1.1923353313248095,0.364717969426236,13.42689035117828,-0.3920520512473179,-0.3872056247291097,0.0594996554837405,1
1.1923353313248095,0.364717969426236,-0.46353701312847867,-0.3920520512473179,-0.3872056247291097,1.903179259633502,1
0.6487982152404833,2.226310829800035,1.5481606359638855,-0.3920520512473179,-0.3872056247291097,2.043342036557168,1
-2.503717058048609,-1.745087272330736,0.21219067865901947,-0.3920520512473179,-0.3872056247291097,-0.7599135019161535,1
-0.7643982865787651,-0.7522377467980433,-0.08907125059624016,-0.3920520512473179,-0.3872056247291097,-0.5874054687793338,0
1.1923353313248095,0.364717969426236,-0.6704786187384001,-0.2405194062020636,-0.17647399880530734,-0.6628777332766924,0
0.10526109915615703,-0.25581298403169694,-0.0876634845716829,-0.3920520512473179,-0.3872056247291097,-0.17769889007938672,1
0.21396852237302227,1.7298860670336886,0.6612680404927942,-0.3920520512473179,-0.3872056247291097,-0.4148974356425139,1
-1.8514725187474177,-1.3727687002559763,-0.08907125059624016,1.1737852808869764,0.2660624156346776,1.4826909288625036,0
-0.7643982865787651,-0.7522377467980433,-0.4283428625145465,2.386046441249011,1.7376716033358972,2.2913223341913467,0
-0.7643982865787651,-0.7522377467980433,-0.46353701312847867,-0.2405194062020636,-0.2713032304710184,-0.7599135019161535,0
-0.7643982865787651,-0.7522377467980433,0.0319966275156865,4.456992590200819,3.3216709915298117,1.3748734081519913,0
1.1923353313248095,0.364717969426236,-0.08907125059624016,-0.3920520512473179,-0.3872056247291097,-0.7599135019161535,1
-1.634057672313687,-0.3799191747232835,-0.052469333957750705,-0.3920520512473179,-0.3872056247291097,-0.7599135019161535,1
0.10526109915615703,-0.25581298403169694,-0.0876634845716829,-0.3920520512473179,-0.3872056247291097,-0.7599135019161535,1
-2.068887365181148,-1.4968748909475629,-0.46353701312847867,-0.3920520512473179,-0.3872056247291097,-0.4472426918556676,1
0.10526109915615703,-0.25581298403169694,-0.46353701312847867,0.012035002206693575,0.034257627118495,-0.6413142291345899,0
1.1923353313248095,0.364717969426236,-0.6141679777561085,-0.3920520512473179,-0.3872056247291097,0.19966243240740658,1
-0.7643982865787651,-0.7522377467980433,-0.26363423764134386,-0.3920520512473179,-0.3872056247291097,-0.6844412374187948,1
-2.068887365181148,-1.4968748909475629,-0.4353816926373329,4.659036116927825,1.3688912579692434,-0.40411568357146266,0
0.10526109915615703,-0.25581298403169694,-0.0876634845716829,-0.19000852452031217,-0.17647399880530734,-0.01597260901361816,0
-2.503717058048609,-1.745087272330736,-0.0876634845716829,-0.3920520512473179,-0.3872056247291097,-0.7599135019161535,0
1.1923353313248095,0.364717969426236,-0.46353701312847867,-0.3920520512473179,-0.3872056247291097,-0.7599135019161535,0
-0.9818131330124955,-0.8763439374896299,-0.46353701312847867,0.8202091091147165,0.45572087896609975,-0.6089689729214361,0
0.10526109915615703,-0.25581298403169694,0.21219067865901947,-0.3920520512473179,-0.3872056247291097,1.8061434909940408,1
0.10526109915615703,-0.25581298403169694,-0.46353701312847867,4.6085252352460735,4.828402116884998,-0.7275682457029998,0
1.1923353313248095,0.364717969426236,0.14602567550482687,1.325317925932231,2.00108613574065,2.4207033590439613,0
-1.7790009032695073,0.24061177873464945,1.4130150976063858,-0.3920520512473179,-0.3872056247291097,2.032560284486117,1
-2.068887365181148,-1.4968748909475629,-0.46353701312847867,-0.3920520512473179,-0.3872056247291097,-0.2639529066477966,1
0.1777327146340672,3.5914789274074876,1.0385493350741473,-0.3920520512473179,-0.3872056247291097,-0.7599135019161535,1
0.21396852237302227,1.7298860670336886,0.2882100439851129,-0.3920520512473179,-0.3872056247291097,2.4314851111150126,1
-0.9818131330124955,-0.8763439374896299,-0.5170321220616556,-0.3920520512473179,-0.3872056247291097,-0.4364609397846164,1
-0.7643982865787651,-0.7522377467980433,-0.3875176478023851,-0.3920520512473179,-0.3872056247291097,-0.7491317498451022,0
0.1777327146340672,3.5914789274074876,1.0385493350741473,-0.3920520512473179,-0.3872056247291097,0.9651668294520444,1
1.1923353313248095,0.364717969426236,0.6795689988120388,0.41612205566070504,0.7366963801978363,-0.7275682457029998,0
1.1923353313248095,0.364717969426236,-0.46353701312847867,-0.2405194062020636,-0.17647399880530734,-0.40411568357146266,0
1.1923353313248095,0.364717969426236,-0.42411956444087456,2.1840029145220052,3.19523201597553,-0.5119332042819751,0
1.1923353313248095,0.364717969426236,-0.5170321220616556,-0.3920520512473179,-0.3872056247291097,-0.7599135019161535,0
0.10526109915615703,-0.25581298403169694,-0.3875176478023851,-0.3920520512473179,-0.3872056247291097,-0.037536113155720634,1
-0.7643982865787651,-0.7522377467980433,-0.21717795883095334,-0.3920520512473179,-0.3872056247291097,-0.7060047415608973,0
-0.9818131330124955,-0.8763439374896299,0.127724717185582,1.7799158610679937,1.123037694391474,-0.738349997774051,0
-0.7643982865787651,-0.7522377467980433,0.21219067865901947,-0.3920520512473179,-0.3872056247291097,-0.7599135019161535,1
-0.329568593711304,1.1093551135757556,0.2882100439851129,-0.3920520512473179,-0.3872056247291097,0.5554602507520974,1
0.10526109915615703,-0.25581298403169694,-0.0876634845716829,-0.3920520512473179,-0.3872056247291097,-0.2531711545767454,1
1.1923353313248095,0.364717969426236,-0.46353701312847867,0.8202091091147165,1.2986473826613092,0.37217046554422634,0
0.10526109915615703,-0.25581298403169694,-0.46353701312847867,-0.2405194062020636,-0.2291569052862579,-0.6736594853477436,0
-0.7643982865787651,-0.7522377467980433,0.21219067865901947,-0.3920520512473179,-0.3872056247291097,-0.7599135019161535,0
-2.7211319044823394,-1.8691934630223226,0.21219067865901947,-0.3920520512473179,-0.3872056247291097,-0.7599135019161535,1
1.1923353313248095,0.364717969426236,-0.46353701312847867,-0.3920520512473179,-0.3872056247291097,-0.7599135019161535,1
0.10526109915615703,-0.25581298403169694,0.17558876202052978,-0.3920520512473179,-0.3872056247291097,-0.7167864936319486,1
1.1923353313248095,0.364717969426236,-0.46353701312847867,0.21407852893369927,0.45572087896609975,0.5878055069652511,0
-0.7643982865787651,-0.7522377467980433,-0.46353701312847867,-0.3920520512473179,-0.3872056247291097,-0.7599135019161535,0
1.1923353313248095,0.364717969426236,-0.46353701312847867,-0.3920520512473179,-0.3872056247291097,-0.7599135019161535,1
1.1923353313248095,0.364717969426236,0.28117121386232635,-0.3920520512473179,-0.3872056247291097,-0.7599135019161535,0
0.10526109915615703,-0.25581298403169694,0.21219067865901947,-0.3920520512473179,-0.3872056247291097,1.1161113584467617,0
1.1923353313248095,0.364717969426236,0.21219067865901947,-0.3920520512473179,-0.3872056247291097,-0.7599135019161535,1
-0.7643982865787651,-0.7522377467980433,-0.02572177949116231,2.5880899679760163,1.8922081290133523,-0.4688061959977701,0
1.1923353313248095,0.364717969426236,-0.0876634845716829,1.123274399205225,1.7201106345089139,0.7495317880310196,0
0.10526109915615703,-0.25581298403169694,-0.08907125059624016,-0.3920520512473179,-0.3872056247291097,-0.7599135019161535,1
1.1923353313248095,0.364717969426236,-0.37625551960592685,0.5171438190242078,0.8771841308137045,-0.7275682457029998,0
1.1923353313248095,0.364717969426236,-0.3509157311638957,-0.3920520512473179,-0.3872056247291097,-0.7599135019161535,0
1.1923353313248095,0.364717969426236,0.21219067865901947,-0.3920520512473179,-0.3872056247291097,0.19966243240740658,1
-0.329568593711304,1.1093551135757556,0.0404432236630303,-0.3920520512473179,-0.3872056247291097,1.2994011436546327,1
0.10526109915615703,-0.25581298403169694,-0.46353701312847867,-0.3920520512473179,-0.3872056247291097,1.2886193915835815,1
-1.8514725187474177,-1.3727687002559763,-0.2382944491993127,0.3151002922972022,-0.0921813484357864,-0.2531711545767454,0
1.1923353313248095,0.364717969426236,0.53879239635631,1.5273614526592365,2.2820616369723865,0.4692062341836875,0
1.1923353313248095,0.364717969426236,-0.46353701312847867,-0.3920520512473179,-0.3872056247291097,-0.45802444392671887,1
1.1923353313248095,0.364717969426236,-0.46353701312847867,0.7191873457512136,1.158159632045441,-0.6952229894898461,0
-0.7643982865787651,-0.7522377467980433,-0.46353701312847867,-0.3920520512473179,-0.3872056247291097,1.1376748625888642,1
0.6487982152404833,2.226310829800035,0.2882100439851129,-0.3920520512473179,-0.3872056247291097,-0.7599135019161535,1
1.1923353313248095,0.364717969426236,-0.0876634845716829,0.46663293734245653,0.8069402555057703,-0.7060047415608973,0
-0.7643982865787651,-0.7522377467980433,-0.46353701312847867,-0.3920520512473179,-0.3872056247291097,0.9543850773809931,1
-0.7643982865787651,-0.7522377467980433,-0.0876634845716829,0.06254588388844498,-0.0394984419548358,0.36138871347317514,0
-0.7643982865787651,-0.7522377467980433,-0.028537311540276826,-0.3920520512473179,-0.3872056247291097,-0.7599135019161535,0
1.1923353313248095,0.364717969426236,-0.46353701312847867,-0.3920520512473179,-0.3872056247291097,-0.7599135019161535,1
0.10526109915615703,-0.25581298403169694,-0.46353701312847867,-0.3920520512473179,-0.3872056247291097,-0.7599135019161535,1
-0.7643982865787651,-0.7522377467980433,-0.14256635952941707,-0.19000852452031217,-0.23266909905165464,2.2589770779781926,0
0.1777327146340672,3.5914789274074876,1.1779181715053184,-0.3920520512473179,-0.3872056247291097,0.8896945649546857,1
0.10526109915615703,-0.25581298403169694,-0.0876634845716829,-0.08898676115680931,-0.07110818584340615,-0.7599135019161535,0
-0.7643982865787651,-0.7522377467980433,-0.036983907687620624,-0.3920520512473179,-0.3872056247291097,-0.7491317498451022,0
-0.4745118246671243,2.4745232111832083,1.0385493350741473,-0.3920520512473179,-0.3872056247291097,-0.32864341907410405,1
1.1923353313248095,0.364717969426236,-0.41848850034264545,-0.291030287883815,-0.24671787411324145,1.1161113584467617,0
1.1923353313248095,0.364717969426236,-0.46353701312847867,-0.3920520512473179,-0.3872056247291097,-0.7599135019161535,0
1.1923353313248095,0.364717969426236,-0.46353701312847867,-0.3920520512473179,-0.3872056247291097,1.1053296063757105,0
0.10526109915615703,-0.25581298403169694,-0.0876634845716829,-0.3920520512473179,-0.3872056247291097,2.2050683176229366,1
0.10526109915615703,-0.25581298403169694,-0.46353701312847867,-0.3920520512473179,-0.3872056247291097,-0.24238940250569413,1
-0.7643982865787651,-0.7522377467980433,-0.46353701312847867,-0.3920520512473179,-0.3872056247291097,-0.7167864936319486,1
-0.7643982865787651,-0.7522377467980433,-0.46353701312847867,-0.3920520512473179,-0.3872056247291097,-0.7599135019161535,1
0.10526109915615703,-0.25581298403169694,-0.2382944491993127,-0.3920520512473179,-0.3872056247291097,-0.7599135019161535,1
0.10526109915615703,-0.25581298403169694,0.21219067865901947,-0.3920520512473179,-0.3872056247291097,0.7818770442441734,1
-0.7643982865787651,-0.7522377467980433,-0.3509157311638957,-0.3920520512473179,-0.3872056247291097,-0.7599135019161535,0
-0.9818131330124955,-0.8763439374896299,-0.46353701312847867,-0.08898676115680931,-0.17647399880530734,-0.10222662558202805,0
1.1923353313248095,0.364717969426236,-0.16368284989777643,-0.3920520512473179,-0.3872056247291097,0.7495317880310196,0
-0.4600175015715422,5.577177978472873,1.928257462594353,-0.3920520512473179,-0.3872056247291097,-0.7599135019161535,1
-0.329568593711304,1.1093551135757556,1.0301027389268034,-0.3920520512473179,-0.3872056247291097,-0.32864341907410405,1
1.1923353313248095,0.364717969426236,-0.46353701312847867,-0.291030287883815,-0.24671787411324145,1.4287821685072475,0
1.1923353313248095,0.364717969426236,0.13194801525925404,-0.3920520512473179,-0.3872056247291097,-0.6305324770635387,0
1.1923353313248095,0.364717969426236,-0.0876634845716829,-0.3920520512473179,-0.3872056247291097,0.15653542412320162,1
-0.329568593711304,1.1093551135757556,0.9625299697480538,-0.3920520512473179,-0.3872056247291097,-0.7275682457029998,1
0.10526109915615703,-0.25581298403169694,-0.46353701312847867,0.3151002922972022,0.3503550660041986,0.6632777714626098,0
-0.8731057097956303,3.0950541646411414,4.4917993933131735,-0.3920520512473179,-0.3872056247291097,-0.45802444392671887,1
-0.7643982865787651,-0.7522377467980433,-0.12004210313650057,-0.34154116956556646,-0.34857149330974596,0.037936151341638025,0
-0.7643982865787651,-0.7522377467980433,-0.46353701312847867,1.9819593877949992,1.4285985519809874,-0.3502069232162065,0
-0.7643982865787651,-0.7522377467980433,-0.0876634845716829,-0.3920520512473179,-0.3872056247291097,-0.30707991493200154,1
-0.9818131330124955,-0.8763439374896299,-0.46353701312847867,2.5375790862942647,1.6498667592009797,0.3182617051889702,0
-0.7643982865787651,-0.7522377467980433,-0.0876634845716829,1.2748070442504795,0.8877207121098947,-0.2531711545767454,0
-0.7643982865787651,-0.7522377467980433,-0.46353701312847867,-0.3920520512473179,-0.3872056247291097,-0.7599135019161535,0
0.10526109915615703,-0.25581298403169694,-0.4931000996441817,-0.3920520512473179,-0.3872056247291097,0.6524960193915585,1
0.10526109915615703,-0.25581298403169694,-0.46353701312847867,-0.3920520512473179,-0.3872056247291097,-0.7599135019161535,0
-0.7643982865787651,-0.7522377467980433,-0.46353701312847867,1.0222526358417223,0.6945500550130758,0.7387500359599685,0
-0.7643982865787651,-0.7522377467980433,-0.31290604850084885,-0.3920520512473179,-0.3872056247291097,1.6551989619993235,1
0.10526109915615703,-0.25581298403169694,-0.46353701312847867,-0.3920520512473179,-0.3872056247291097,-0.5227149563530263,0
-0.9093415175345854,1.7298860670336886,2.8250044202373457,-0.3920520512473179,-0.3872056247291097,-0.7599135019161535,1
0.10526109915615703,-0.25581298403169694,-0.46353701312847867,-0.3920520512473179,-0.3872056247291097,0.5446784986810461,1
-0.7643982865787651,-0.7522377467980433,-0.46353701312847867,-0.3920520512473179,-0.3872056247291097,1.1053296063757105,1
-0.9818131330124955,-0.8763439374896299,-0.42130403239176006,3.8003511283380504,2.527915200550156,-0.45802444392671887,0
-0.7643982865787651,-0.7522377467980433,0.16573439984862898,2.4365573229307627,1.776305734755261,1.5689449454309137,0
1.1923353313248095,0.364717969426236,-0.46353701312847867,-0.3920520512473179,-0.3872056247291097,0.15653542412320162,1
-2.503717058048609,-1.745087272330736,-0.0876634845716829,-0.3920520512473179,-0.3872056247291097,-0.7599135019161535,1
0.10526109915615703,-0.25581298403169694,-0.12144986916105782,-0.3920520512473179,-0.3872056247291097,-0.7599135019161535,0
-0.43827601692816925,0.985248922884169,0.28680227796055563,-0.3920520512473179,-0.3872056247291097,-0.7599135019161535,1
0.10526109915615703,-0.25581298403169694,-0.46353701312847867,-0.3920520512473179,-0.3872056247291097,-0.7599135019161535,0
-0.7643982865787651,-0.7522377467980433,0.21219067865901947,-0.08898676115680931,-0.1554008362129271,0.9328215732388907,0
1.1923353313248095,0.364717969426236,-0.46353701312847867,0.5676547007059594,0.9474280061216386,-0.7491317498451022,0
-1.8514725187474177,-1.3727687002559763,0.04748205378581684,-0.3920520512473179,-0.3872056247291097,0.10262666376794545,1
-0.7643982865787651,-0.7522377467980433,-0.46353701312847867,-0.3920520512473179,-0.3872056247291097,-0.7599135019161535,1
-0.43827601692816925,0.985248922884169,0.28680227796055563,-0.3920520512473179,-0.3872056247291097,-0.12379012972413053,1
-0.7643982865787651,-0.7522377467980433,-0.46353701312847867,-0.34154116956556646,-0.34857149330974596,-0.6844412374187948,0
1.1923353313248095,0.364717969426236,-0.46353701312847867,-0.3920520512473179,-0.3872056247291097,1.9786515241308607,1
0.10526109915615703,-0.25581298403169694,-0.46353701312847867,-0.3920520512473179,-0.3872056247291097,0.4368609779705338,1
-0.329568593711304,1.1093551135757556,0.3825303676304512,-0.3920520512473179,-0.3872056247291097,0.5123332424678925,1
-2.503717058048609,-1.745087272330736,-0.0876634845716829,-0.3920520512473179,-0.3872056247291097,-0.7599135019161535,1
1.1923353313248095,0.364717969426236,-0.028537311540276826,3.4972858382475422,5.021572773981817,-0.3502069232162065,0
1.1923353313248095,0.364717969426236,-0.6141679777561085,1.375828807613982,2.0713300110485844,-0.4795879480688213,0
-0.7643982865787651,-0.7522377467980433,-0.46353701312847867,-0.3920520512473179,-0.3872056247291097,-0.7599135019161535,0
-0.7643982865787651,-0.7522377467980433,0.21219067865901947,-0.3920520512473179,-0.3872056247291097,2.183504813480834,0
0.10526109915615703,-0.25581298403169694,-0.46353701312847867,-0.3920520512473179,-0.3872056247291097,-0.7599135019161535,1
1.1923353313248095,0.364717969426236,-0.28756626005881775,-0.13949764283856073,-0.0359862481894391,-0.7060047415608973,0
1.1923353313248095,0.364717969426236,-0.0876634845716829,-0.3920520512473179,-0.3872056247291097,-0.6844412374187948,1
1.1923353313248095,0.364717969426236,-0.46353701312847867,-0.3920520512473179,-0.3872056247291097,-0.7275682457029998,1
-1.4166428258799566,-0.13170679334011035,0.36282164328664906,-0.3920520512473179,-0.3872056247291097,-0.16691713800833546,1
0.21396852237302227,1.7298860670336886,1.639665427560109,-0.3920520512473179,-0.3872056247291097,1.267055887441479,1
-0.7643982865787651,-0.7522377467980433,-0.46353701312847867,-0.3920520512473179,-0.3872056247291097,-0.7599135019161535,1
1.1923353313248095,0.364717969426236,-0.0876634845716829,-0.3920520512473179,-0.3872056247291097,-0.7599135019161535,1
-1.8514725187474177,-1.3727687002559763,-0.0876634845716829,1.2748070442504795,0.3082087408194381,-0.3178616670030528,0
1.1923353313248095,0.364717969426236,0.21219067865901947,0.8707199907964679,1.3688912579692434,2.172723061409783,0
-0.329568593711304,1.1093551135757556,1.0385493350741473,-0.3920520512473179,-0.3872056247291097,0.10262666376794545,1
-1.8514725187474177,-1.3727687002559763,0.21219067865901947,-0.3920520512473179,-0.3872056247291097,1.2454923832993765,1
0.10526109915615703,-0.25581298403169694,1.5636460622340156,-0.2405194062020636,-0.2291569052862579,1.493472680933555,0
0.10526109915615703,-0.25581298403169694,-0.46353701312847867,-0.3920520512473179,-0.3872056247291097,-0.7599135019161535,1
1.1923353313248095,0.364717969426236,-0.40581860612162984,-0.3920520512473179,-0.3872056247291097,0.15653542412320162,1
1.1923353313248095,0.364717969426236,-0.013051885270146741,4.153927300110311,5.934743152984961,-0.5011514522109238,0
-0.7643982865787651,-0.7522377467980433,-0.46353701312847867,1.5273614526592365,1.0808913692067135,-0.16691713800833546,0
-0.329568593711304,1.1093551135757556,0.6626758065173514,-0.3920520512473179,-0.3872056247291097,1.2023653750151715,1
1.1923353313248095,0.364717969426236,-0.3875176478023851,-0.3920520512473179,-0.3872056247291097,-0.4364609397846164,1
-1.8514725187474177,-1.3727687002559763,-0.28756626005881775,-0.3920520512473179,-0.3872056247291097,-0.7599135019161535,0
1.1923353313248095,0.364717969426236,-0.46353701312847867,-0.3920520512473179,-0.3872056247291097,1.8277069951361433,1
1.1923353313248095,0.364717969426236,-0.46353701312847867,-0.3920520512473179,-0.3872056247291097,1.4611274247204014,1
0.10526109915615703,-0.25581298403169694,-0.1341197633820734,-0.3920520512473179,-0.3872056247291097,-0.7599135019161535,1
-2.7211319044823394,-1.8691934630223226,0.20374408251167567,-0.3920520512473179,-0.3872056247291097,-0.7599135019161535,0
1.1923353313248095,0.364717969426236,-0.46353701312847867,-0.3920520512473179,-0.3872056247291097,-0.7599135019161535,0
-1.8514725187474177,-1.3727687002559763,-0.42411956444087456,-0.3920520512473179,-0.3872056247291097,-0.5227149563530263,1
-1.8514725187474177,-1.3727687002559763,-0.46353701312847867,0.46663293734245653,-0.028961860658645703,-0.7599135019161535,0
-0.7643982865787651,-0.7522377467980433,-0.46353701312847867,-0.3920520512473179,-0.3872056247291097,-0.7599135019161535,0
-0.7643982865787651,-0.7522377467980433,0.17558876202052978,0.16356764725194786,0.03776982088389175,-0.738349997774051,0
1.1923353313248095,0.364717969426236,-0.29460509018160413,-0.3920520512473179,-0.3872056247291097,-0.4148974356425139,0
0.10526109915615703,-0.25581298403169694,0.24738482927295166,-0.3920520512473179,-0.3872056247291097,-0.6413142291345899,0
-0.329568593711304,1.1093551135757556,0.724617511597872,-0.3920520512473179,-0.3872056247291097,-0.5011514522109238,1
-0.8731057097956303,0.48882416011782265,1.639665427560109,-0.3920520512473179,-0.3872056247291097,-0.17769889007938672,1
-0.7643982865787651,-0.7522377467980433,-0.46353701312847867,1.0727635175234735,0.7331841864324395,1.0729843501625567,0
0.10526109915615703,-0.25581298403169694,0.33185079074638885,-0.3920520512473179,-0.3872056247291097,2.4853938714702686,1
1.1923353313248095,0.364717969426236,-0.6141679777561085,2.638600849657768,3.8274268937469373,-0.21004414629254042,0
-0.7643982865787651,-0.7522377467980433,-0.6704786187384001,0.26458941061545077,0.11503808372261926,0.3074799531179189,0
1.1923353313248095,0.364717969426236,-0.46353701312847867,-0.3920520512473179,-0.3872056247291097,-0.7599135019161535,0
-0.7643982865787651,-0.7522377467980433,-0.3509157311638957,-0.3920520512473179,-0.3872056247291097,-0.2316076504346429,1
-0.7643982865787651,-0.7522377467980433,0.21219067865901947,-0.3920520512473179,-0.3872056247291097,-0.7599135019161535,1
-0.329568593711304,1.1093551135757556,0.2882100439851129,-0.3920520512473179,-0.3872056247291097,-0.6305324770635387,1
0.6487982152404833,2.226310829800035,1.639665427560109,-0.3920520512473179,-0.3872056247291097,-0.7599135019161535,1
-0.9818131330124955,-0.8763439374896299,-0.38329434972871324,-0.3920520512473179,-0.3872056247291097,-0.6413142291345899,0
-1.7427650955305523,-0.5040253654148701,1.639665427560109,-0.3920520512473179,-0.3872056247291097,-0.7599135019161535,1
0.10526109915615703,-0.25581298403169694,-0.46353701312847867,-0.3920520512473179,-0.3872056247291097,-0.7599135019161535,0
-0.7643982865787651,-0.7522377467980433,-0.0876634845716829,-0.3920520512473179,-0.3872056247291097,-0.7599135019161535,0
0.6487982152404833,2.226310829800035,0.2882100439851129,-0.3920520512473179,-0.3872056247291097,1.267055887441479,1
-2.503717058048609,-1.745087272330736,-0.3875176478023851,-0.3920520512473179,-0.3872056247291097,-0.7599135019161535,0
-0.7643982865787651,-0.7522377467980433,-0.46353701312847867,-0.3920520512473179,-0.3872056247291097,-0.5334967084240775,0
-0.7643982865787651,-0.7522377467980433,-0.46353701312847867,-0.3920520512473179,-0.3872056247291097,-0.7491317498451022,1
0.10526109915615703,-0.25581298403169694,-0.0876634845716829,-0.3920520512473179,-0.3872056247291097,-0.7599135019161535,0
1.1923353313248095,0.364717969426236,-0.16227508387321918,-0.3920520512473179,-0.3872056247291097,-0.7599135019161535,0
1.1923353313248095,0.364717969426236,-0.46353701312847867,-0.3920520512473179,-0.3872056247291097,-0.7599135019161535,0
0.10526109915615703,-0.25581298403169694,-0.46353701312847867,-0.3920520512473179,-0.3872056247291097,-0.7599135019161535,0
-0.7643982865787651,-0.7522377467980433,-0.0876634845716829,-0.3920520512473179,-0.3872056247291097,-0.7599135019161535,0
-0.7643982865787651,-0.7522377467980433,-0.11159550698915678,-0.3920520512473179,-0.3872056247291097,-0.7599135019161535,1
0.10526109915615703,-0.25581298403169694,0.21219067865901947,1.0222526358417223,1.0879157567375068,1.5797266975019648,0
-0.7643982865787651,-0.7522377467980433,-0.46353701312847867,-0.3920520512473179,-0.3872056247291097,-0.7599135019161535,0
0.10526109915615703,-0.25581298403169694,-0.46353701312847867,-0.3920520512473179,-0.3872056247291097,-0.42567918771356517,1
1.1923353313248095,0.364717969426236,-0.4128574362444163,1.0727635175234735,1.6498667592009797,2.58242964010973,0
0.10526109915615703,-0.25581298403169694,-0.46353701312847867,-0.3920520512473179,-0.3872056247291097,-0.7599135019161535,1
0.6487982152404833,2.226310829800035,0.2882100439851129,-0.3920520512473179,-0.3872056247291097,0.0594996554837405,1
1.1923353313248095,0.364717969426236,-0.46353701312847867,-0.3920520512473179,-0.3872056247291097,-0.7599135019161535,0
1.1923353313248095,0.364717969426236,-0.08907125059624016,-0.34154116956556646,-0.31696174942117555,0.7603135401020709,0
0.10526109915615703,-0.25581298403169694,-0.0876634845716829,-0.3920520512473179,-0.3872056247291097,-0.7599135019161535,0
0.10526109915615703,-0.25581298403169694,-0.6141679777561085,-0.3920520512473179,-0.3872056247291097,-0.5227149563530263,1
0.10526109915615703,-0.25581298403169694,-0.0876634845716829,2.4365573229307627,2.5630371382041233,0.37217046554422634,0
0.10526109915615703,-0.25581298403169694,-0.3875176478023851,-0.3920520512473179,-0.3872056247291097,-0.7599135019161535,0
1.1923353313248095,0.364717969426236,-0.46353701312847867,-0.3920520512473179,-0.3872056247291097,-0.7599135019161535,0
1.1923353313248095,0.364717969426236,-0.0876634845716829,-0.3920520512473179,-0.3872056247291097,-0.7599135019161535,1
0.10526109915615703,-0.25581298403169694,-0.46353701312847867,-0.3920520512473179,-0.3872056247291097,-0.7599135019161535,0
-1.8514725187474177,-1.3727687002559763,-0.46353701312847867,2.0324702694767507,0.6243061797051418,-0.11300837765307929,0
1.1923353313248095,0.364717969426236,-0.15664401977499,-0.3920520512473179,-0.3872056247291097,0.6740595235336609,1
-1.8514725187474177,-1.3727687002559763,-0.26363423764134386,0.5676547007059594,0.013184464526114796,-0.7275682457029998,0
0.10526109915615703,3.4673727367159013,1.2835006233471151,-0.3920520512473179,-0.3872056247291097,1.0514208460204544,1
0.10526109915615703,-0.25581298403169694,-0.0876634845716829,2.9921770214300283,3.14254910949458,-0.5658419646372312,0
-2.503717058048609,-1.745087272330736,-0.0876634845716829,-0.3920520512473179,-0.3872056247291097,-0.7599135019161535,1
-1.8514725187474177,-1.3727687002559763,0.21219067865901947,0.5676547007059594,0.013184464526114796,-0.7060047415608973,0
-0.7643982865787651,-0.7522377467980433,-0.46353701312847867,-0.3920520512473179,-0.3872056247291097,2.949009210525472,1
0.10526109915615703,-0.25581298403169694,-0.0876634845716829,0.11305676557019646,0.1396234400803962,-0.7275682457029998,0
0.10526109915615703,-0.25581298403169694,-0.0876634845716829,-0.3920520512473179,-0.3872056247291097,-0.7599135019161535,0
0.10526109915615703,-0.25581298403169694,-0.31290604850084885,-0.3920520512473179,-0.3872056247291097,1.1592383667309667,1
1.1923353313248095,0.364717969426236,-0.42411956444087456,-0.3920520512473179,-0.3872056247291097,-0.7599135019161535,0
-0.7643982865787651,-0.7522377467980433,-0.46916807722670784,-0.3920520512473179,-0.3872056247291097,-0.7491317498451022,1
1.1923353313248095,0.364717969426236,-0.46353701312847867,1.325317925932231,2.00108613574065,-0.5658419646372312,0
0.10526109915615703,-0.25581298403169694,-0.08907125059624016,-0.3920520512473179,-0.3872056247291097,-0.7599135019161535,0
-0.7643982865787651,-0.7522377467980433,-0.46353701312847867,-0.3920520512473179,-0.3872056247291097,-0.7599135019161535,1
1.1923353313248095,0.364717969426236,-0.46353701312847867,0.5171438190242078,0.8771841308137045,1.860052251349297,0
1.1923353313248095,0.364717969426236,-0.0876634845716829,1.123274399205225,1.7201106345089139,0.5878055069652511,0
1.1923353313248095,0.364717969426236,-0.0876634845716829,2.4365573229307627,3.5464513925152006,-0.7060047415608973,0
0.6487982152404833,2.226310829800035,0.2882100439851129,-0.3920520512473179,-0.3872056247291097,-0.7599135019161535,1
-0.7643982865787651,-0.7522377467980433,-0.46353701312847867,-0.3920520512473179,-0.3872056247291097,-0.7599135019161535,1
0.10526109915615703,-0.25581298403169694,0.33185079074638885,4.1034164184285595,4.301573052075493,2.1619413093387316,0
1.1923353313248095,0.364717969426236,-0.02572177949116231,-0.3920520512473179,-0.3872056247291097,1.083766102233608,1
-2.503717058048609,-1.745087272330736,-0.46353701312847867,-0.3920520512473179,-0.3872056247291097,-0.7599135019161535,0
-1.8514725187474177,-1.3727687002559763,-0.0876634845716829,-0.3920520512473179,-0.3872056247291097,-0.7599135019161535,0
-2.503717058048609,-1.745087272330736,-0.0876634845716829,-0.3920520512473179,-0.3872056247291097,-0.7599135019161535,1
-0.7643982865787651,-0.7522377467980433,-0.2382944491993127,-0.3920520512473179,-0.3872056247291097,-0.7599135019161535,0
1.1923353313248095,0.364717969426236,-0.0876634845716829,-0.3920520512473179,-0.3872056247291097,0.7495317880310196,1
-0.7643982865787651,-0.7522377467980433,-0.5860126572649628,-0.3920520512473179,-0.3872056247291097,-0.7599135019161535,0
-1.3079354026630914,-0.007600602648523745,0.925928053109564,-0.3920520512473179,-0.3872056247291097,-0.7599135019161535,1
1.1923353313248095,0.364717969426236,-0.34950796513933846,-0.3920520512473179,-0.3872056247291097,1.6659807140703748,0
-0.7643982865787651,-0.7522377467980433,-0.3692166894831404,-0.3920520512473179,-0.3872056247291097,0.8681310608125833,1
0.10526109915615703,-0.25581298403169694,-0.46353701312847867,-0.3920520512473179,-0.3872056247291097,-0.7599135019161535,0
-0.9818131330124955,-0.8763439374896299,-0.2763041318623594,-0.3920520512473179,-0.3872056247291097,-0.7599135019161535,0
1.1923353313248095,0.364717969426236,-0.46353701312847867,-0.3920520512473179,-0.3872056247291097,-0.7599135019161535,0
0.10526109915615703,-0.25581298403169694,0.16573439984862898,-0.3920520512473179,-0.3872056247291097,0.6524960193915585,0
0.10526109915615703,-0.25581298403169694,-0.0876634845716829,-0.3920520512473179,-0.3872056247291097,-0.7599135019161535,0
1.1923353313248095,0.364717969426236,-0.31290604850084885,-0.291030287883815,-0.24671787411324145,-0.7491317498451022,0
-0.7643982865787651,-0.7522377467980433,-0.46353701312847867,-0.3920520512473179,-0.3872056247291097,1.0514208460204544,1
1.1923353313248095,0.364717969426236,-0.46353701312847867,-0.3920520512473179,-0.3872056247291097,-0.7599135019161535,1
0.10526109915615703,-0.25581298403169694,-0.46353701312847867,1.7799158610679937,1.8781593539517656,0.6956230276757635,0
-0.329568593711304,1.1093551135757556,0.6626758065173514,-0.3920520512473179,-0.3872056247291097,-0.6952229894898461,1
0.10526109915615703,-0.25581298403169694,-0.4128574362444163,-0.3920520512473179,-0.3872056247291097,-0.6413142291345899,0
-1.634057672313687,-0.3799191747232835,1.6213644692408644,-0.3920520512473179,-0.3872056247291097,-0.7599135019161535,1
-1.1267563639683158,1.3575674949589287,1.638257661535552,-0.3920520512473179,-0.3872056247291097,-0.7599135019161535,1
-1.8514725187474177,-1.3727687002559763,-0.3396536029674374,-0.3920520512473179,-0.3872056247291097,1.4826909288625036,1
0.10526109915615703,-0.25581298403169694,-0.3706244555076977,-0.3920520512473179,-0.3872056247291097,0.9867303335941469,1
-0.7643982865787651,-0.7522377467980433,-0.46353701312847867,-0.34154116956556646,-0.34857149330974596,-0.7599135019161535,0
0.10526109915615703,-0.25581298403169694,-0.056692632031422475,2.2345137962037565,2.3523055122803207,-0.16691713800833546,0
1.1923353313248095,0.364717969426236,-0.46353701312847867,1.325317925932231,2.00108613574065,0.42607922589948255,0
0.10526109915615703,-0.25581298403169694,-0.46353701312847867,4.558014353564322,4.775719210404048,-0.45802444392671887,0
0.6487982152404833,2.226310829800035,0.28680227796055563,-0.3920520512473179,-0.3872056247291097,0.1457536720521504,1
1.1923353313248095,0.364717969426236,-0.38329434972871324,0.06254588388844498,0.2449892530422974,-0.6520959812056412,0
-1.8514725187474177,-1.3727687002559763,-0.46353701312847867,4.406481708519068,1.6147448215470128,-0.6628777332766924,0
1.1923353313248095,0.364717969426236,-0.0876634845716829,0.06254588388844498,0.2449892530422974,2.539302631825525,0
0.10526109915615703,-0.25581298403169694,-0.16227508387321918,-0.3920520512473179,-0.3872056247291097,-0.7599135019161535,1
0.10526109915615703,-0.25581298403169694,-0.0876634845716829,-0.3920520512473179,-0.3872056247291097,-0.7599135019161535,0
0.10526109915615703,-0.25581298403169694,-0.0876634845716829,0.012035002206693575,0.034257627118495,-0.7275682457029998,0
0.10526109915615703,-0.25581298403169694,-0.46353701312847867,0.11305676557019646,0.1396234400803962,-0.738349997774051,0
0.10526109915615703,-0.25581298403169694,-0.46353701312847867,-0.3920520512473179,-0.3872056247291097,0.4045157217573801,1
1.1923353313248095,0.364717969426236,-0.46353701312847867,-0.3920520512473179,-0.3872056247291097,-0.7599135019161535,0
-0.7643982865787651,-0.7522377467980433,-0.46353701312847867,0.41612205566070504,0.2309404779807106,-0.40411568357146266,0
0.10526109915615703,-0.25581298403169694,-0.0876634845716829,-0.3920520512473179,-0.3872056247291097,-0.7599135019161535,0
1.1923353313248095,0.364717969426236,-0.46353701312847867,-0.3920520512473179,-0.3872056247291097,0.5878055069652511,1
-0.7643982865787651,-0.7522377467980433,-0.46353701312847867,2.5880899679760163,1.8922081290133523,0.717186531817866,0
-0.4745118246671243,2.4745232111832083,2.3153931193476067,-0.3920520512473179,-0.3872056247291097,1.6012902016440673,1
-0.329568593711304,1.1093551135757556,0.2882100439851129,-0.3920520512473179,-0.3872056247291097,0.6848412756047122,1
0.10526109915615703,-0.25581298403169694,-0.37625551960592685,-0.3920520512473179,-0.3872056247291097,0.45842448211263626,1
0.10526109915615703,-0.25581298403169694,-0.0876634845716829,-0.3920520512473179,-0.3872056247291097,-0.7599135019161535,0
-0.9818131330124955,-0.8763439374896299,0.21219067865901947,-0.3920520512473179,-0.3872056247291097,0.8250040525283783,1
-2.503717058048609,-1.745087272330736,-0.46353701312847867,-0.3920520512473179,-0.3872056247291097,-0.7599135019161535,1
-0.8731057097956303,0.48882416011782265,0.2882100439851129,-0.3920520512473179,-0.3872056247291097,-0.7599135019161535,1
0.21396852237302227,1.7298860670336886,0.9625299697480538,-0.3920520512473179,-0.3872056247291097,0.08106315962584297,1
-0.329568593711304,1.1093551135757556,1.0385493350741473,-0.3920520512473179,-0.3872056247291097,0.4045157217573801,1
-1.8514725187474177,-1.3727687002559763,-0.46353701312847867,-0.3920520512473179,-0.3872056247291097,-0.7599135019161535,1
0.10526109915615703,-0.25581298403169694,-0.46353701312847867,-0.3920520512473179,-0.3872056247291097,-0.5766237167082825,1
1.1923353313248095,0.364717969426236,-0.46353701312847867,0.06254588388844498,0.2449892530422974,-0.6844412374187948,0
1.1923353313248095,0.364717969426236,-0.46353701312847867,-0.3920520512473179,-0.3872056247291097,1.3533099040098888,1
1.1923353313248095,0.364717969426236,-0.08907125059624016,-0.3920520512473179,-0.3872056247291097,0.9220398211678394,1
-0.8731057097956303,0.48882416011782265,0.2882100439851129,-0.3920520512473179,-0.3872056247291097,-0.7599135019161535,1
-1.634057672313687,-0.3799191747232835,0.2882100439851129,-0.3920520512473179,-0.3872056247291097,2.269758830049244,1
1.1923353313248095,0.364717969426236,-0.46353701312847867,-0.3920520512473179,-0.3872056247291097,-0.7599135019161535,1
0.10526109915615703,-0.25581298403169694,-0.46353701312847867,-0.3920520512473179,-0.3872056247291097,-0.12379012972413053,1
1.1923353313248095,0.364717969426236,-0.46353701312847867,-0.3920520512473179,-0.3872056247291097,-0.7275682457029998,0
1.1923353313248095,0.364717969426236,-0.3734399875568123,-0.3920520512473179,-0.3872056247291097,-0.7275682457029998,1
0.10526109915615703,-0.25581298403169694,-0.5860126572649628,-0.3920520512473179,-0.3872056247291097,-0.7060047415608973,1
1.1923353313248095,0.364717969426236,-0.46353701312847867,1.0222526358417223,1.5796228838930455,-0.6197507249924874,0
0.10526109915615703,-0.25581298403169694,-0.46353701312847867,-0.3920520512473179,-0.3872056247291097,-0.7599135019161535,0
1.1923353313248095,0.364717969426236,-0.46353701312847867,-0.3920520512473179,-0.3872056247291097,3.1862077560885993,1
0.21396852237302227,1.7298860670336886,0.28680227796055563,-0.3920520512473179,-0.3872056247291097,0.5231149945389437,1
0.10526109915615703,-0.25581298403169694,-0.46353701312847867,1.6788940977044908,1.7727935409898645,-0.5011514522109238,0
0.6487982152404833,2.226310829800035,0.6626758065173514,-0.3920520512473179,-0.3872056247291097,-0.7599135019161535,1
-0.7643982865787651,-0.7522377467980433,-0.29460509018160413,-0.3920520512473179,-0.3872056247291097,0.3829522176152776,1
0.10526109915615703,-0.25581298403169694,-0.0876634845716829,-0.3920520512473179,-0.3872056247291097,-0.7599135019161535,1
-1.8514725187474177,-1.3727687002559763,-0.0017897570736884307,-0.3920520512473179,-0.3872056247291097,-0.7599135019161535,1
0.10526109915615703,-0.25581298403169694,-0.2382944491993127,1.224296162568728,1.2986473826613092,0.08106315962584297,0
0.10526109915615703,-0.25581298403169694,0.16995769792230075,-0.3920520512473179,-0.3872056247291097,-0.7599135019161535,0
0.10526109915615703,-0.25581298403169694,-0.0876634845716829,-0.3920520512473179,-0.3872056247291097,1.3748734081519913,1
0.10526109915615703,-0.25581298403169694,0.21219067865901947,2.285024677885508,2.4049884187612713,-0.6197507249924874,0
0.10526109915615703,-0.25581298403169694,-0.0876634845716829,-0.3920520512473179,-0.3872056247291097,0.45842448211263626,1
-0.7643982865787651,-0.7522377467980433,-0.3875176478023851,-0.3920520512473179,-0.3872056247291097,-0.7599135019161535,1
-0.7643982865787651,-0.7522377467980433,-0.46353701312847867,-0.3920520512473179,-0.3872056247291097,-0.7599135019161535,0
1.1923353313248095,0.364717969426236,-0.21717795883095334,2.8406443763847737,4.1084023949786745,2.0756872927703216,0
1.1923353313248095,0.364717969426236,-0.46353701312847867,3.2952423115205365,4.7405972727500805,-0.24238940250569413,0
0.10526109915615703,-0.25581298403169694,-0.0876634845716829,1.224296162568728,1.2986473826613092,-0.3502069232162065,0
0.10526109915615703,-0.25581298403169694,-0.46353701312847867,0.06254588388844498,0.08694053359944565,2.5716478880386786,0
-0.7643982865787651,-0.7522377467980433,-0.0876634845716829,-0.2405194062020636,-0.2713032304710184,1.4611274247204014,0
1.1923353313248095,0.364717969426236,-0.38329434972871324,-0.3920520512473179,-0.3872056247291097,-0.7599135019161535,1
1.1923353313248095,0.364717969426236,-0.0876634845716829,0.9212308724782194,1.4391351332771776,0.18888068033635533,0
1.1923353313248095,0.364717969426236,-0.0876634845716829,-0.19000852452031217,-0.10623012349737321,0.8250040525283783,0
0.10526109915615703,-0.25581298403169694,-0.0876634845716829,-0.3920520512473179,-0.3872056247291097,-0.4795879480688213,1
-0.7643982865787651,-0.7522377467980433,-0.4170807343180882,-0.3920520512473179,-0.3872056247291097,-0.7599135019161535,1
-0.7643982865787651,-0.7522377467980433,-0.3875176478023851,-0.3920520512473179,-0.3872056247291097,-0.7599135019161535,0
1.1923353313248095,0.364717969426236,2.388596952624586,-0.3920520512473179,-0.3872056247291097,-0.738349997774051,1
1.1923353313248095,0.364717969426236,-0.26785753571501575,-0.3920520512473179,-0.3872056247291097,-0.7599135019161535,0
-0.7643982865787651,-0.7522377467980433,-0.46353701312847867,-0.3920520512473179,-0.3872056247291097,-0.7599135019161535,0
-0.18462536275548366,2.9709479739495546,2.390004718649143,-0.3920520512473179,-0.3872056247291097,-0.7599135019161535,1
-1.8514725187474177,-1.3727687002559763,-0.46353701312847867,-0.3920520512473179,-0.3872056247291097,-0.7599135019161535,1
-0.7643982865787651,-0.7522377467980433,-0.35936232731123935,-0.3920520512473179,-0.3872056247291097,-0.5981872208503849,1
-0.7643982865787651,-0.7522377467980433,0.0319966275156865,1.0222526358417223,0.6945500550130758,0.3182617051889702,0
0.10526109915615703,-0.25581298403169694,-0.46353701312847867,-0.3920520512473179,-0.3872056247291097,1.1268931105178128,1
0.10526109915615703,-0.25581298403169694,-0.0876634845716829,-0.2405194062020636,-0.2291569052862579,-0.738349997774051,0
-0.7643982865787651,-0.7522377467980433,0.0319966275156865,-0.3920520512473179,-0.3872056247291097,1.1268931105178128,1
0.10526109915615703,-0.25581298403169694,-0.46353701312847867,-0.3920520512473179,-0.3872056247291097,0.037936151341638025,1
1.1923353313248095,0.364717969426236,0.21219067865901947,-0.19000852452031217,-0.10623012349737321,-0.10222662558202805,0
-0.7643982865787651,-0.7522377467980433,-0.46353701312847867,-0.3920520512473179,-0.3872056247291097,1.9786515241308607,1
1.1923353313248095,0.364717969426236,-0.46353701312847867,3.7498402466562992,5.372792150521488,1.1915836229441203,0
-0.6556908633618997,0.7370365415009958,1.0385493350741473,-0.3920520512473179,-0.3872056247291097,1.5258179371467087,1
-0.7643982865787651,-0.7522377467980433,-0.46353701312847867,-0.3920520512473179,-0.3872056247291097,-0.7599135019161535,1
-0.18462536275548366,2.9709479739495546,1.2398598765858393,-0.3920520512473179,-0.3872056247291097,0.7710952921731221,1
0.10526109915615703,-0.25581298403169694,-0.0876634845716829,-0.3920520512473179,-0.3872056247291097,-0.7599135019161535,1
-0.7643982865787651,-0.7522377467980433,0.12209365308735298,3.850862010019802,2.8580614144974463,-0.738349997774051,0
-0.7643982865787651,-0.7522377467980433,-0.46353701312847867,-0.3920520512473179,-0.3872056247291097,-0.7491317498451022,1
0.10526109915615703,-0.25581298403169694,-0.42130403239176006,-0.3920520512473179,-0.3872056247291097,-0.7599135019161535,0
1.1923353313248095,0.364717969426236,-0.46353701312847867,-0.3920520512473179,-0.3872056247291097,-0.7599135019161535,0
1.1923353313248095,0.364717969426236,-0.0876634845716829,-0.3920520512473179,-0.3872056247291097,-0.7599135019161535,0
-0.7643982865787651,-0.7522377467980433,-0.056692632031422475,-0.3920520512473179,-0.3872056247291097,-0.7599135019161535,1
1.1923353313248095,0.364717969426236,-0.0876634845716829,1.123274399205225,1.7201106345089139,-0.026754361084669397,0
1.1923353313248095,0.364717969426236,-0.16227508387321918,-0.3920520512473179,-0.3872056247291097,1.267055887441479,1
-0.7643982865787651,-0.7522377467980433,-0.46353701312847867,-0.3920520512473179,-0.3872056247291097,0.5554602507520974,1
-1.8514725187474177,-1.3727687002559763,-0.46353701312847867,-0.3920520512473179,-0.3872056247291097,-0.7599135019161535,0
-0.4745118246671243,2.4745232111832083,1.0385493350741473,-0.3920520512473179,-0.3872056247291097,-0.7599135019161535,1
0.10526109915615703,-0.25581298403169694,-0.46353701312847867,-0.3920520512473179,-0.3872056247291097,-0.7599135019161535,1
-0.7643982865787651,-0.7522377467980433,-0.2382944491993127,-0.3920520512473179,-0.3872056247291097,-0.7599135019161535,1
-1.634057672313687,-0.3799191747232835,0.963937735772611,-0.3920520512473179,-0.3872056247291097,-0.7599135019161535,1
0.10526109915615703,-0.25581298403169694,-0.0876634845716829,-0.3920520512473179,-0.3872056247291097,-0.7599135019161535,0
1.1923353313248095,0.364717969426236,-0.0876634845716829,1.1737852808869764,1.790354509816848,-0.4148974356425139,0
1.1923353313248095,0.364717969426236,-0.46353701312847867,0.36561117397895354,0.6664525048899022,0.7279682838889172,0
1.1923353313248095,0.364717969426236,-0.34950796513933846,-0.3920520512473179,-0.3872056247291097,-0.7599135019161535,0
-0.9818131330124955,-0.8763439374896299,-0.31290604850084885,-0.3920520512473179,-0.3872056247291097,-0.7599135019161535,0
1.1923353313248095,0.364717969426236,-0.46353701312847867,-0.3920520512473179,-0.3872056247291097,-0.7599135019161535,0
1.1923353313248095,0.364717969426236,-0.0017897570736884307,-0.3920520512473179,-0.3872056247291097,-0.7599135019161535,1
-0.7643982865787651,-0.7522377467980433,-0.0876634845716829,1.9314485061132483,1.3899644205616237,-0.08066312143992559,0
0.10526109915615703,-0.25581298403169694,-0.42411956444087456,-0.3920520512473179,-0.3872056247291097,1.407218664365145,1
0.10526109915615703,-0.25581298403169694,-0.0876634845716829,-0.19000852452031217,-0.17647399880530734,-0.7491317498451022,0
-1.8514725187474177,-1.3727687002559763,0.5134526079142788,0.9212308724782194,0.1606966026727764,-0.7060047415608973,0
0.10526109915615703,-0.25581298403169694,-0.42411956444087456,-0.3920520512473179,-0.3872056247291097,2.0972507969124243,1
1.1923353313248095,0.364717969426236,-0.14256635952941707,1.375828807613982,2.0713300110485844,1.2778376395125302,0
0.10526109915615703,-0.25581298403169694,-0.4170807343180882,1.9314485061132483,2.0362080733946173,1.53659968921776,0
1.1923353313248095,0.364717969426236,-0.0876634845716829,-0.3920520512473179,-0.3872056247291097,-0.7599135019161535,0
1.1923353313248095,0.364717969426236,-0.0876634845716829,-0.3920520512473179,-0.3872056247291097,0.6417142673205073,1
1.1923353313248095,0.364717969426236,-0.045430503834964164,1.1737852808869764,1.790354509816848,-0.7060047415608973,0
-0.7643982865787651,-0.7522377467980433,-0.46353701312847867,-0.3920520512473179,-0.3872056247291097,-0.7599135019161535,1
0.6487982152404833,2.226310829800035,0.2882100439851129,-0.3920520512473179,-0.3872056247291097,0.4368609779705338,1
-0.7643982865787651,-0.7522377467980433,0.21219067865901947,-0.3920520512473179,-0.3872056247291097,-0.3502069232162065,0
-0.7643982865787651,-0.7522377467980433,-0.31290604850084885,-0.3920520512473179,-0.3872056247291097,-0.7599135019161535,0
0.10526109915615703,-0.25581298403169694,-0.46353701312847867,-0.3920520512473179,-0.3872056247291097,-0.7599135019161535,1
-0.8731057097956303,0.48882416011782265,1.639665427560109,-0.3920520512473179,-0.3872056247291097,2.2805405821202953,1
0.21396852237302227,1.7298860670336886,0.963937735772611,-0.3920520512473179,-0.3872056247291097,1.1376748625888642,1
-1.8514725187474177,-1.3727687002559763,-0.46353701312847867,1.2748070442504795,0.3082087408194381,-0.36098867528725775,0
1.1923353313248095,0.364717969426236,0.21219067865901947,-0.13949764283856073,-0.0359862481894391,-0.7275682457029998,0
1.1923353313248095,0.364717969426236,-0.46353701312847867,-0.3920520512473179,-0.3872056247291097,0.3829522176152776,1
0.10526109915615703,-0.25581298403169694,0.26005472349396724,-0.3920520512473179,-0.3872056247291097,-0.7060047415608973,1
-0.7643982865787651,-0.7522377467980433,-0.46353701312847867,-0.3920520512473179,-0.3872056247291097,1.9894332762019118,1
-1.8514725187474177,-1.3727687002559763,-0.0876634845716829,-0.3920520512473179,-0.3872056247291097,0.8357858045994295,0
0.6487982152404833,2.226310829800035,0.28680227796055563,-0.3920520512473179,-0.3872056247291097,-0.5119332042819751,1
0.10526109915615703,-0.25581298403169694,-0.46353701312847867,0.012035002206693575,0.034257627118495,-0.5442784604951287,0
1.1923353313248095,0.364717969426236,-0.46353701312847867,-0.3920520512473179,-0.3872056247291097,1.7630164827098358,0
-0.329568593711304,1.1093551135757556,1.0385493350741473,-0.3920520512473179,-0.3872056247291097,-0.6089689729214361,1
1.1923353313248095,0.364717969426236,-0.0876634845716829,-0.3920520512473179,-0.3872056247291097,-0.7599135019161535,1
-0.7643982865787651,-0.7522377467980433,-0.31290604850084885,-0.3920520512473179,-0.3872056247291097,2.3344493424755512,1
0.21396852237302227,1.7298860670336886,0.2882100439851129,-0.3920520512473179,-0.3872056247291097,-0.7599135019161535,1
-0.7643982865787651,-0.7522377467980433,-0.0017897570736884307,-0.3920520512473179,-0.3872056247291097,-0.11300837765307929,1
-0.7643982865787651,-0.7522377467980433,-0.2382944491993127,-0.3920520512473179,-0.3872056247291097,-0.37177042735830895,1
1.1923353313248095,0.364717969426236,-0.46353701312847867,4.153927300110311,5.934743152984961,-0.4472426918556676,0
-1.634057672313687,-0.3799191747232835,0.8133067711449812,-0.3920520512473179,-0.3872056247291097,-0.7599135019161535,1
1.1923353313248095,0.364717969426236,0.21219067865901947,-0.34154116956556646,-0.31696174942117555,-0.7599135019161535,0
0.10526109915615703,-0.25581298403169694,-0.37625551960592685,-0.3920520512473179,-0.3872056247291097,0.8465675566704808,1
-0.7643982865787651,-0.7522377467980433,-0.46353701312847867,-0.3920520512473179,-0.3872056247291097,-0.7599135019161535,0
-0.7643982865787651,-0.7522377467980433,-0.46353701312847867,-0.3920520512473179,-0.3872056247291097,-0.7491317498451022,0
0.10526109915615703,-0.25581298403169694,-0.0876634845716829,0.11305676557019646,0.1396234400803962,-0.5442784604951287,0
-0.7643982865787651,-0.7522377467980433,0.00947237112276988,-0.3920520512473179,-0.3872056247291097,-0.7599135019161535,1
-0.7643982865787651,-0.7522377467980433,-0.46353701312847867,-0.3920520512473179,-0.3872056247291097,1.9355245158466556,1
1.1923353313248095,0.364717969426236,-0.46353701312847867,-0.3920520512473179,-0.3872056247291097,-0.7599135019161535,0
-0.7643982865787651,-0.7522377467980433,-0.16368284989777643,-0.3920520512473179,-0.3872056247291097,1.9247427637756045,1
1.1923353313248095,0.364717969426236,-0.3509157311638957,-0.3920520512473179,-0.3872056247291097,-0.7599135019161535,0
0.10526109915615703,-0.25581298403169694,-0.46353701312847867,-0.19000852452031217,-0.17647399880530734,0.36138871347317514,0
1.1923353313248095,0.364717969426236,-0.08907125059624016,-0.3920520512473179,-0.3872056247291097,-0.36098867528725775,1
-0.9818131330124955,-0.8763439374896299,1.5636460622340156,2.082981151158502,1.3337693203152765,0.8034405483862759,0
0.10526109915615703,-0.25581298403169694,-0.0876634845716829,-0.3920520512473179,-0.3872056247291097,-0.2855164107898991,1
0.10526109915615703,-0.25581298403169694,-0.0876634845716829,-0.3920520512473179,-0.3872056247291097,-0.7599135019161535,0
-0.329568593711304,4.336116071557007,2.090150555418441,-0.3920520512473179,-0.3872056247291097,-0.15613538593728424,1
0.10526109915615703,-0.25581298403169694,-0.46353701312847867,1.6788940977044908,1.7727935409898645,0.5985872590363024,0
-0.9818131330124955,-0.8763439374896299,-0.46353701312847867,-0.3920520512473179,-0.3872056247291097,-0.7599135019161535,0
1.1923353313248095,0.364717969426236,-0.46353701312847867,-0.3920520512473179,-0.3872056247291097,-0.5658419646372312,0
-0.7643982865787651,-0.7522377467980433,-0.46353701312847867,-0.3920520512473179,-0.3872056247291097,-0.7599135019161535,0
1.1923353313248095,0.364717969426236,-0.0876634845716829,-0.3920520512473179,-0.3872056247291097,-0.7599135019161535,0
1.1923353313248095,0.364717969426236,-0.46353701312847867,-0.3920520512473179,-0.3872056247291097,-0.37177042735830895,0
1.1923353313248095,0.364717969426236,-0.46353701312847867,-0.3920520512473179,-0.3872056247291097,1.1376748625888642,0
-1.960179941964283,0.6129303508094093,1.3271413701083912,-0.3920520512473179,-0.3872056247291097,2.8843186980991646,1
0.10526109915615703,-0.25581298403169694,0.21219067865901947,-0.3920520512473179,-0.3872056247291097,-0.32864341907410405,0
-2.503717058048609,-1.745087272330736,-0.08907125059624016,-0.3920520512473179,-0.3872056247291097,2.4314851111150126,1
0.10526109915615703,-0.25581298403169694,-0.46353701312847867,-0.3920520512473179,-0.3872056247291097,-0.7599135019161535,0
-0.7643982865787651,-0.7522377467980433,-0.28615849403426047,-0.3920520512473179,-0.3872056247291097,-0.738349997774051,0
0.10526109915615703,-0.25581298403169694,-0.46353701312847867,-0.3920520512473179,-0.3872056247291097,-0.7599135019161535,0
-1.8514725187474177,-1.3727687002559763,0.21219067865901947,-0.3920520512473179,-0.3872056247291097,-0.6197507249924874,1
0.10526109915615703,-0.25581298403169694,-0.46353701312847867,-0.3920520512473179,-0.3872056247291097,-0.7599135019161535,0
0.10526109915615703,-0.25581298403169694,-0.46353701312847867,-0.3920520512473179,-0.3872056247291097,0.9867303335941469,1
0.10526109915615703,-0.25581298403169694,-0.0876634845716829,0.9717417541599709,1.0352328502565562,-0.7491317498451022,0
-0.7643982865787651,-0.7522377467980433,-0.31290604850084885,-0.3920520512473179,-0.3872056247291097,-0.7599135019161535,1
1.1923353313248095,0.364717969426236,-0.46353701312847867,-0.3920520512473179,-0.3872056247291097,-0.7599135019161535,0
0.10526109915615703,-0.25581298403169694,-0.15242072170131812,0.36561117397895354,0.40303797248514917,-0.7599135019161535,0
0.10526109915615703,-0.25581298403169694,-0.46353701312847867,-0.3920520512473179,-0.3872056247291097,-0.7599135019161535,0
0.10526109915615703,-0.25581298403169694,-0.46353701312847867,-0.3920520512473179,-0.3872056247291097,-0.7599135019161535,0
0.10526109915615703,-0.25581298403169694,0.21219067865901947,-0.3920520512473179,-0.3872056247291097,1.8816157554913995,1
-0.7643982865787651,-0.7522377467980433,-0.3706244555076977,-0.3920520512473179,-0.3872056247291097,2.5932113921807813,1
-0.7643982865787651,-0.7522377467980433,-0.3875176478023851,-0.3920520512473179,-0.3872056247291097,1.0729843501625567,1
-0.7643982865787651,-0.7522377467980433,-0.2382944491993127,-0.3920520512473179,-0.3872056247291097,0.3074799531179189,1
1.1923353313248095,0.364717969426236,-0.46353701312847867,-0.3920520512473179,-0.3872056247291097,0.7710952921731221,1
1.1923353313248095,0.364717969426236,-0.31431381452540624,-0.3920520512473179,-0.3872056247291097,-0.7599135019161535,0
0.10526109915615703,-0.25581298403169694,-0.3875176478023851,-0.3920520512473179,-0.3872056247291097,-0.7599135019161535,0
0.10526109915615703,-0.25581298403169694,-0.2382944491993127,-0.3920520512473179,-0.3872056247291097,-0.7599135019161535,1
1.1923353313248095,0.364717969426236,-0.46353701312847867,-0.3920520512473179,-0.3872056247291097,-0.7599135019161535,1
1.1923353313248095,0.364717969426236,-0.0876634845716829,0.6181655823877108,1.0176718814295727,-0.09144487351097681,0
0.10526109915615703,-0.25581298403169694,-0.5860126572649628,2.1840029145220052,2.2996226057993705,0.5662420028231486,0
0.10526109915615703,-0.25581298403169694,-0.46353701312847867,-0.3920520512473179,-0.3872056247291097,-0.7599135019161535,0
0.10526109915615703,-0.25581298403169694,-0.46353701312847867,-0.3920520512473179,-0.3872056247291097,2.043342036557168,1
0.10526109915615703,-0.25581298403169694,-0.3734399875568123,-0.3920520512473179,-0.3872056247291097,-0.7599135019161535,1
0.10526109915615703,-0.25581298403169694,-0.46353701312847867,-0.3920520512473179,-0.3872056247291097,-0.7599135019161535,1
-1.960179941964283,-0.7522377467980433,7.045486961860093,-0.3920520512473179,-0.3872056247291097,-0.7599135019161535,1
-0.7643982865787651,-0.7522377467980433,-0.46353701312847867,-0.3920520512473179,-0.3872056247291097,-0.7167864936319486,1
0.10526109915615703,-0.25581298403169694,-0.0876634845716829,-0.3920520512473179,-0.3872056247291097,-0.7599135019161535,0
1.1923353313248095,0.364717969426236,-0.08907125059624016,-0.3920520512473179,-0.3872056247291097,-0.7599135019161535,1
-0.7643982865787651,-0.7522377467980433,-0.46353701312847867,3.1942205481570336,2.3558177060457175,1.8169252430650922,0
0.10526109915615703,-0.25581298403169694,-0.46353701312847867,0.8707199907964679,0.9298670372946551,1.7091077223545796,0
1.1923353313248095,0.364717969426236,-0.42411956444087456,-0.3920520512473179,-0.3872056247291097,-0.7599135019161535,0
0.10526109915615703,-0.25581298403169694,-0.46353701312847867,-0.3920520512473179,-0.3872056247291097,1.2562741353704279,1
0.21396852237302227,1.7298860670336886,0.5810253770930287,-0.3920520512473179,-0.3872056247291097,2.312885838333449,1
-0.329568593711304,1.1093551135757556,0.6626758065173514,-0.3920520512473179,-0.3872056247291097,-0.7599135019161535,1
0.10526109915615703,-0.25581298403169694,-0.0876634845716829,-0.3920520512473179,-0.3872056247291097,-0.7599135019161535,1
0.10526109915615703,-0.25581298403169694,-0.46353701312847867,1.9314485061132483,2.0362080733946173,1.3209646477967352,0
1.1923353313248095,0.364717969426236,-0.46353701312847867,-0.3920520512473179,-0.3872056247291097,0.5554602507520974,1
0.10526109915615703,-0.25581298403169694,-0.46353701312847867,-0.3920520512473179,-0.3872056247291097,-0.7599135019161535,0
0.10526109915615703,-0.25581298403169694,-0.46353701312847867,-0.3920520512473179,-0.3872056247291097,-0.30707991493200154,1
0.21396852237302227,1.7298860670336886,0.7358796397943304,-0.3920520512473179,-0.3872056247291097,2.7118106649623446,1
0.6487982152404833,2.226310829800035,0.3656371753357638,-0.3920520512473179,-0.3872056247291097,1.860052251349297,1
1.1923353313248095,0.364717969426236,-0.40581860612162984,-0.3920520512473179,-0.3872056247291097,-0.7599135019161535,1
0.10526109915615703,-0.25581298403169694,-0.46353701312847867,-0.3920520512473179,-0.3872056247291097,-0.7599135019161535,0
1.1923353313248095,0.364717969426236,-0.46353701312847867,-0.3920520512473179,-0.3872056247291097,-0.3825521794293602,0
-0.7643982865787651,-0.7522377467980433,-0.0876634845716829,0.5171438190242078,0.3082087408194381,0.13497191998109914,0
1.1923353313248095,0.364717969426236,-0.46353701312847867,1.7799158610679937,2.633281013512057,0.9328215732388907,0
0.10526109915615703,-0.25581298403169694,-0.46353701312847867,-0.3920520512473179,-0.3872056247291097,-0.7167864936319486,0
0.10526109915615703,-0.25581298403169694,-0.0017897570736884307,-0.3920520512473179,-0.3872056247291097,-0.22082589836359165,1
1.1923353313248095,0.364717969426236,-0.46353701312847867,-0.3920520512473179,-0.3872056247291097,-0.7599135019161535,0
1.1923353313248095,0.364717969426236,-0.31290604850084885,-0.19000852452031217,-0.10623012349737321,1.1161113584467617,0
0.10526109915615703,-0.25581298403169694,-0.46353701312847867,-0.291030287883815,-0.28183981176720857,-0.7491317498451022,0
-1.8514725187474177,-1.3727687002559763,5.917866376189705,0.21407852893369927,-0.13432767362054684,-0.3178616670030528,0
-0.7643982865787651,-0.7522377467980433,-0.08907125059624016,-0.3920520512473179,-0.3872056247291097,1.1484566146599153,1
1.1923353313248095,0.364717969426236,-0.0876634845716829,0.06254588388844498,0.2449892530422974,1.3640916560809402,0
-0.7643982865787651,-0.7522377467980433,-0.46353701312847867,-0.3920520512473179,-0.3872056247291097,0.1780989282653041,1
1.1923353313248095,0.364717969426236,-0.46353701312847867,-0.3920520512473179,-0.3872056247291097,-0.7599135019161535,1
1.1923353313248095,0.364717969426236,-0.46353701312847867,-0.3920520512473179,-0.3872056247291097,-0.7599135019161535,1
-0.7643982865787651,-0.7522377467980433,-0.3706244555076977,-0.3920520512473179,-0.3872056247291097,2.6902471608202423,1
0.6487982152404833,2.226310829800035,0.2882100439851129,-0.3920520512473179,-0.3872056247291097,-0.7599135019161535,1
-2.503717058048609,-1.745087272330736,-0.46353701312847867,-0.3920520512473179,-0.3872056247291097,-0.7599135019161535,1
0.10526109915615703,-0.25581298403169694,-0.46353701312847867,-0.19000852452031217,-0.17647399880530734,0.9975120856651981,0
-0.7643982865787651,-0.7522377467980433,-0.3875176478023851,-0.291030287883815,-0.3099373618903822,1.719889474425631,0
0.10526109915615703,-0.25581298403169694,-0.34950796513933846,-0.3920520512473179,-0.3872056247291097,-0.7599135019161535,1
-0.7643982865787651,-0.7522377467980433,-0.2382944491993127,-0.3920520512473179,-0.3872056247291097,-0.7599135019161535,1
1.1923353313248095,0.364717969426236,-0.42411956444087456,-0.3920520512473179,-0.3872056247291097,0.717186531817866,0
-0.7643982865787651,-0.7522377467980433,-0.3875176478023851,-0.3920520512473179,-0.3872056247291097,-0.7599135019161535,0
1.1923353313248095,0.364717969426236,-0.46353701312847867,-0.3920520512473179,-0.3872056247291097,-0.7599135019161535,1
-0.7643982865787651,-0.7522377467980433,-0.2382944491993127,-0.3920520512473179,-0.3872056247291097,-0.01597260901361816,1
-0.7643982865787651,-0.7522377467980433,-0.024314013466605052,-0.3920520512473179,-0.3872056247291097,-0.7599135019161535,1
-0.5469834401450345,2.3504170204916215,2.025393318288806,-0.3920520512473179,-0.3872056247291097,1.2778376395125302,1
1.1923353313248095,0.364717969426236,-0.6366922341490251,-0.3920520512473179,-0.3872056247291097,-0.7599135019161535,0
0.10526109915615703,-0.25581298403169694,-0.0876634845716829,-0.3920520512473179,-0.3872056247291097,0.15653542412320162,1
1.1923353313248095,0.364717969426236,-0.0876634845716829,-0.2405194062020636,-0.17647399880530734,-0.7599135019161535,0
1.1923353313248095,0.364717969426236,2.388596952624586,-0.3920520512473179,-0.3872056247291097,-0.7599135019161535,1
0.10526109915615703,-0.25581298403169694,-0.46353701312847867,-0.08898676115680931,-0.07110818584340615,-0.5011514522109238,0
-2.503717058048609,-1.745087272330736,-0.0876634845716829,4.659036116927825,0.6664525048899022,-0.6089689729214361,0
-1.8514725187474177,-1.3727687002559763,-0.46353701312847867,-0.3920520512473179,-0.3872056247291097,-0.7599135019161535,0
1.1923353313248095,0.364717969426236,-0.3509157311638957,-0.3920520512473179,-0.3872056247291097,1.7845799868519383,1
-0.7643982865787651,-0.7522377467980433,-0.3875176478023851,-0.3920520512473179,-0.3872056247291097,2.9382274584544206,1
1.1923353313248095,0.364717969426236,-0.28615849403426047,-0.3920520512473179,-0.3872056247291097,-0.7599135019161535,0
1.1923353313248095,0.364717969426236,-0.31431381452540624,-0.3920520512473179,-0.3872056247291097,-0.4472426918556676,1
1.1923353313248095,0.364717969426236,-0.0876634845716829,1.224296162568728,1.8605983851247823,-0.026754361084669397,0
-1.8514725187474177,-1.3727687002559763,-0.0876634845716829,-0.3920520512473179,-0.3872056247291097,-0.4148974356425139,1
-0.9818131330124955,-0.8763439374896299,-0.0876634845716829,-0.08898676115680931,-0.17647399880530734,-0.7167864936319486,0
0.10526109915615703,-0.25581298403169694,7.445292512834363,1.375828807613982,1.4566961021041611,-0.7275682457029998,0
0.10526109915615703,-0.25581298403169694,-0.46353701312847867,-0.291030287883815,-0.28183981176720857,-0.7599135019161535,0
-2.7211319044823394,-1.8691934630223226,-0.46353701312847867,-0.3920520512473179,-0.3872056247291097,-0.7599135019161535,1
1.1923353313248095,0.364717969426236,-0.2382944491993127,0.41612205566070504,0.7366963801978363,-0.048317865226771874,0
0.10526109915615703,-0.25581298403169694,-0.0876634845716829,-0.3920520512473179,-0.3872056247291097,-0.7599135019161535,0
-0.7643982865787651,-0.7522377467980433,-0.46353701312847867,-0.3920520512473179,-0.3872056247291097,1.1268931105178128,1
0.10526109915615703,-0.25581298403169694,-0.2382944491993127,-0.3920520512473179,-0.3872056247291097,0.8034405483862759,1
0.10526109915615703,-0.25581298403169694,-0.045430503834964164,-0.3920520512473179,-0.3872056247291097,-0.7599135019161535,0
0.10526109915615703,-0.25581298403169694,-0.46353701312847867,0.11305676557019646,0.1396234400803962,1.310182895725684,0
1.1923353313248095,0.364717969426236,-0.46353701312847867,1.325317925932231,2.00108613574065,1.5042544330046062,0
-0.7643982865787651,-0.7522377467980433,-0.35654679526212485,-0.3920520512473179,-0.3872056247291097,-0.7599135019161535,1
1.1923353313248095,0.364717969426236,-0.40159530804795807,-0.3920520512473179,-0.3872056247291097,-0.2962981628609503,1
1.1923353313248095,0.364717969426236,-0.46353701312847867,-0.3920520512473179,-0.3872056247291097,-0.7599135019161535,0
0.6487982152404833,2.226310829800035,0.07000631017873321,-0.3920520512473179,-0.3872056247291097,-0.7599135019161535,1
-0.7643982865787651,-0.7522377467980433,-0.46353701312847867,-0.3920520512473179,-0.3872056247291097,-0.7599135019161535,0
-0.9818131330124955,-0.8763439374896299,-0.46353701312847867,0.7191873457512136,0.3854770036581656,0.2859164489758165,0
-0.7643982865787651,-0.7522377467980433,0.21219067865901947,-0.3920520512473179,-0.3872056247291097,2.722592417033396,1
-0.7643982865787651,-0.7522377467980433,-0.46353701312847867,-0.3920520512473179,-0.3872056247291097,-0.7599135019161535,1
0.10526109915615703,-0.25581298403169694,-0.0876634845716829,-0.3920520512473179,-0.3872056247291097,0.8465675566704808,1
0.10526109915615703,-0.25581298403169694,-0.46353701312847867,-0.291030287883815,-0.28183981176720857,-0.738349997774051,0
-0.7643982865787651,-0.7522377467980433,-0.0876634845716829,-0.3920520512473179,-0.3872056247291097,1.1376748625888642,1
0.10526109915615703,-0.25581298403169694,-0.46353701312847867,-0.3920520512473179,-0.3872056247291097,-0.7599135019161535,0
1.1923353313248095,0.364717969426236,-0.0876634845716829,2.082981151158502,3.0547442653596626,1.2347106312283254,0
1.1923353313248095,0.364717969426236,-0.46353701312847867,-0.3920520512473179,-0.3872056247291097,1.860052251349297,1
0.6487982152404833,2.226310829800035,1.1553939151124017,-0.3920520512473179,-0.3872056247291097,1.2131471270862229,1
-0.7643982865787651,-0.7522377467980433,-0.2382944491993127,-0.3920520512473179,-0.3872056247291097,-0.7599135019161535,0
1.1923353313248095,0.364717969426236,-0.5057699938651973,-0.3920520512473179,-0.3872056247291097,-0.7599135019161535,0
0.10526109915615703,-0.25581298403169694,-0.02572177949116231,1.123274399205225,1.1932815696994081,-0.33942517114515525,0
1.1923353313248095,0.364717969426236,-0.6366922341490251,1.123274399205225,1.7201106345089139,0.5015514903968412,0
-0.7643982865787651,-0.7522377467980433,-0.46353701312847867,-0.3920520512473179,-0.3872056247291097,1.3317463998677865,1
1.1923353313248095,0.364717969426236,0.04748205378581684,0.36561117397895354,0.6664525048899022,0.33982520933107263,0
1.1923353313248095,0.364717969426236,-0.4142652022689737,-0.3920520512473179,-0.3872056247291097,1.0082938377362494,1
-0.9818131330124955,-0.8763439374896299,-0.4353816926373329,-0.3920520512473179,-0.3872056247291097,-0.7599135019161535,0
-0.7643982865787651,-0.7522377467980433,-0.0876634845716829,-0.3920520512473179,-0.3872056247291097,1.8277069951361433,1
1.1923353313248095,0.364717969426236,-0.46353701312847867,-0.291030287883815,-0.24671787411324145,1.5905084495730162,0
0.10526109915615703,-0.25581298403169694,-0.08907125059624016,-0.3920520512473179,-0.3872056247291097,-0.7599135019161535,1
0.6487982152404833,2.226310829800035,0.3417051529182899,-0.3920520512473179,-0.3872056247291097,-0.16691713800833546,1
1.1923353313248095,0.364717969426236,-0.46353701312847867,-0.3920520512473179,-0.3872056247291097,0.02715439927058679,1
1.1923353313248095,0.364717969426236,-0.0017897570736884307,-0.3920520512473179,-0.3872056247291097,-0.7599135019161535,0
0.10526109915615703,-0.25581298403169694,-0.24110998124842722,-0.3920520512473179,-0.3872056247291097,-0.7599135019161535,0
-0.7643982865787651,-0.7522377467980433,-0.2382944491993127,-0.3920520512473179,-0.3872056247291097,-0.7599135019161535,0
-0.7643982865787651,-0.7522377467980433,-0.46353701312847867,-0.3920520512473179,-0.3872056247291097,-0.7599135019161535,0
-0.7643982865787651,-0.7522377467980433,-0.46353701312847867,-0.2405194062020636,-0.2713032304710184,2.5932113921807813,0
-0.7643982865787651,-0.7522377467980433,-0.23970221522386997,-0.08898676115680931,-0.1554008362129271,0.5231149945389437,0
1.1923353313248095,0.364717969426236,-0.42130403239176006,-0.3920520512473179,-0.3872056247291097,-0.7599135019161535,1
-0.9818131330124955,-0.8763439374896299,-0.0876634845716829,-0.3920520512473179,-0.3872056247291097,-0.36098867528725775,0
1.1923353313248095,0.364717969426236,-0.34950796513933846,-0.3920520512473179,-0.3872056247291097,-0.7599135019161535,0
-0.7643982865787651,-0.7522377467980433,-0.3734399875568123,-0.3920520512473179,-0.3872056247291097,-0.7599135019161535,0
1.1923353313248095,0.364717969426236,0.21219067865901947,0.5676547007059594,0.9474280061216386,-0.4795879480688213,0
0.10526109915615703,-0.25581298403169694,-0.0876634845716829,0.26458941061545077,0.29767215952324794,-0.6844412374187948,0
1.1923353313248095,0.364717969426236,-0.46353701312847867,-0.3920520512473179,-0.3872056247291097,-0.7599135019161535,0
-0.9818131330124955,-0.8763439374896299,-0.46353701312847867,4.659036116927825,3.1249881406675963,-0.45802444392671887,0
-1.8514725187474177,-1.3727687002559763,-0.0876634845716829,0.6181655823877108,0.034257627118495,-0.7060047415608973,0
0.10526109915615703,-0.25581298403169694,-0.0876634845716829,-0.3920520512473179,-0.3872056247291097,-0.7599135019161535,1
0.6487982152404833,2.226310829800035,0.2882100439851129,-0.3920520512473179,-0.3872056247291097,-0.7599135019161535,1
0.10526109915615703,-0.25581298403169694,-0.0876634845716829,3.598307601611045,3.7747439872659867,-0.32864341907410405,0
-0.7643982865787651,-0.7522377467980433,2.1112670457868004,1.7294049793862423,1.2354278948841684,0.4799879862547387,0
0.10526109915615703,-0.25581298403169694,-0.46353701312847867,-0.3920520512473179,-0.3872056247291097,-0.7599135019161535,0
-0.329568593711304,4.336116071557007,1.560830530184901,-0.3920520512473179,-0.3872056247291097,-0.7599135019161535,1
-1.8514725187474177,-1.3727687002559763,-0.23970221522386997,3.3962640748840394,1.1932815696994081,2.6039931442518323,0
-0.5469834401450345,3.839691308790661,3.4965088139511713,-0.3920520512473179,-0.3872056247291097,-0.7599135019161535,1
-0.329568593711304,1.1093551135757556,6.66820566727874,-0.3920520512473179,-0.3872056247291097,-0.7599135019161535,1
1.1923353313248095,0.364717969426236,-0.46353701312847867,-0.03847587947505783,0.1045015024264291,0.8465675566704808,0
1.1923353313248095,0.364717969426236,-0.35936232731123935,-0.3920520512473179,-0.3872056247291097,-0.7599135019161535,1
1.1923353313248095,0.364717969426236,-0.46353701312847867,0.26458941061545077,0.525964754274034,-0.6844412374187948,0
0.10526109915615703,-0.25581298403169694,-0.46353701312847867,-0.3920520512473179,-0.3872056247291097,-0.2855164107898991,1
-0.9818131330124955,-0.8763439374896299,-0.46353701312847867,-0.3920520512473179,-0.3872056247291097,-0.7599135019161535,0
1.1923353313248095,0.364717969426236,-0.0876634845716829,-0.03847587947505783,0.1045015024264291,0.10262666376794545,0
0.10526109915615703,-0.25581298403169694,-0.0876634845716829,1.8304267427497454,1.930842260432716,0.9004763170257369,0
0.6487982152404833,2.226310829800035,1.0385493350741473,-0.3920520512473179,-0.3872056247291097,-0.7599135019161535,1
1.1923353313248095,0.364717969426236,-0.46353701312847867,-0.3920520512473179,-0.3872056247291097,-0.7599135019161535,0
1.1923353313248095,0.364717969426236,-0.14397412555397446,-0.3920520512473179,-0.3872056247291097,-0.6844412374187948,1
1.1923353313248095,0.364717969426236,-0.46353701312847867,-0.3920520512473179,-0.3872056247291097,-0.7599135019161535,1
0.10526109915615703,-0.25581298403169694,-0.08907125059624016,0.26458941061545077,0.29767215952324794,1.719889474425631,0
-0.7643982865787651,-0.7522377467980433,-0.0876634845716829,-0.19000852452031217,-0.23266909905165464,1.7414529785677335,0
1.1923353313248095,0.364717969426236,0.16995769792230075,-0.3920520512473179,-0.3872056247291097,0.2751346969047652,1
-0.9818131330124955,-0.8763439374896299,-0.40581860612162984,0.41612205566070504,0.1747453777343633,0.447642730041585,0
0.10526109915615703,-0.25581298403169694,-0.42411956444087456,2.2345137962037565,2.3523055122803207,-0.11300837765307929,0
1.1923353313248095,0.364717969426236,-0.46353701312847867,-0.3920520512473179,-0.3872056247291097,-0.7599135019161535,0
-0.4745118246671243,2.4745232111832083,1.5636460622340156,-0.3920520512473179,-0.3872056247291097,1.0298573418783519,1
0.10526109915615703,-0.25581298403169694,-0.46353701312847867,-0.3920520512473179,-0.3872056247291097,-0.7599135019161535,1
0.10526109915615703,-0.25581298403169694,-0.21717795883095334,2.689111731339519,2.8264516706088765,0.42607922589948255,0
-0.7643982865787651,-0.7522377467980433,-0.46353701312847867,-0.3920520512473179,-0.3872056247291097,1.1484566146599153,1
0.10526109915615703,-0.25581298403169694,-0.42975062853910373,-0.3920520512473179,-0.3872056247291097,-0.7599135019161535,0
-0.7643982865787651,-0.7522377467980433,-0.46353701312847867,-0.3920520512473179,-0.3872056247291097,1.3317463998677865,1
0.10526109915615703,-0.25581298403169694,-0.0876634845716829,1.6788940977044908,1.7727935409898645,-0.738349997774051,0
-0.9093415175345854,1.7298860670336886,1.7888886261631813,-0.3920520512473179,-0.3872056247291097,-0.2316076504346429,1
0.10526109915615703,-0.25581298403169694,-0.46353701312847867,-0.3920520512473179,-0.3872056247291097,-0.7491317498451022,0
0.6487982152404833,2.226310829800035,0.2882100439851129,-0.3920520512473179,-0.3872056247291097,-0.6844412374187948,1
-0.7643982865787651,-0.7522377467980433,1.5889858506760466,-0.3920520512473179,-0.3872056247291097,-0.7167864936319486,0
0.10526109915615703,-0.25581298403169694,-0.46353701312847867,-0.3920520512473179,-0.3872056247291097,-0.7060047415608973,1
1.1923353313248095,0.364717969426236,-0.46353701312847867,-0.3920520512473179,-0.3872056247291097,-0.7599135019161535,0
-0.7643982865787651,-0.7522377467980433,-0.46353701312847867,-0.3920520512473179,-0.3872056247291097,-0.7491317498451022,1
1.1923353313248095,0.364717969426236,0.21219067865901947,-0.3920520512473179,-0.3872056247291097,0.005590895128484314,1
-2.068887365181148,-1.4968748909475629,-0.46353701312847867,0.21407852893369927,-0.17647399880530734,1.3533099040098888,0
0.10526109915615703,-0.25581298403169694,-0.0876634845716829,0.3151002922972022,0.3503550660041986,0.04871790341268926,0
1.1923353313248095,0.364717969426236,-0.46353701312847867,-0.3920520512473179,-0.3872056247291097,-0.4688061959977701,1
1.1923353313248095,0.364717969426236,-0.07217805830155281,-0.3920520512473179,-0.3872056247291097,-0.7599135019161535,0
1.1923353313248095,0.364717969426236,-0.0876634845716829,2.891155258066525,4.178646270286608,-0.12379012972413053,0
1.1923353313248095,0.364717969426236,-0.46353701312847867,-0.3920520512473179,-0.3872056247291097,-0.2962981628609503,1
-1.8514725187474177,-1.3727687002559763,0.21219067865901947,2.638600849657768,0.8771841308137045,-0.45802444392671887,0
-1.8514725187474177,-1.3727687002559763,-0.0876634845716829,-0.3920520512473179,-0.3872056247291097,-0.7599135019161535,1
0.10526109915615703,-0.25581298403169694,-0.3875176478023851,-0.3920520512473179,-0.3872056247291097,1.2023653750151715,1
1.1923353313248095,0.364717969426236,-0.46353701312847867,-0.3920520512473179,-0.3872056247291097,3.078390235378087,1
0.10526109915615703,-0.25581298403169694,0.4303944124653989,3.1942205481570336,3.3532807354183825,-0.4903697001398726,0
-0.7643982865787651,-0.7522377467980433,-0.0876634845716829,-0.3920520512473179,-0.3872056247291097,-0.048317865226771874,1
0.10526109915615703,-0.25581298403169694,-0.0876634845716829,-0.3920520512473179,-0.3872056247291097,-0.21004414629254042,1
1.1923353313248095,0.364717969426236,-0.46353701312847867,-0.3920520512473179,-0.3872056247291097,-0.6520959812056412,0
-0.7643982865787651,-0.7522377467980433,-0.0876634845716829,-0.3920520512473179,-0.3872056247291097,-0.5011514522109238,1
0.6487982152404833,2.226310829800035,0.2882100439851129,-0.3920520512473179,-0.3872056247291097,-0.7599135019161535,1
1.1923353313248095,0.364717969426236,-0.0876634845716829,-0.3920520512473179,-0.3872056247291097,1.7414529785677335,1
1.1923353313248095,0.364717969426236,-0.46353701312847867,-0.3920520512473179,-0.3872056247291097,-0.7599135019161535,0
-0.9818131330124955,-0.8763439374896299,-0.46353701312847867,-0.3920520512473179,-0.3872056247291097,1.7414529785677335,1
0.10526109915615703,-0.25581298403169694,-0.5001389297669682,0.5676547007059594,0.6137695984089516,0.07028140755479173,0
0.10526109915615703,-0.25581298403169694,-0.40581860612162984,2.790133494703022,2.9318174835707773,-0.2962981628609503,0
-0.7643982865787651,-0.7522377467980433,-0.38329434972871324,-0.3920520512473179,-0.3872056247291097,-0.7599135019161535,1
0.10526109915615703,-0.25581298403169694,0.21219067865901947,1.7294049793862423,1.825476447470815,0.3182617051889702,0
1.1923353313248095,0.364717969426236,-0.46353701312847867,0.06254588388844498,0.2449892530422974,-0.7599135019161535,0
0.10526109915615703,-0.25581298403169694,-0.46353701312847867,-0.3920520512473179,-0.3872056247291097,-0.7599135019161535,0
0.10526109915615703,-0.25581298403169694,-0.46353701312847867,-0.3920520512473179,-0.3872056247291097,-0.7599135019161535,0
1.1923353313248095,0.364717969426236,0.307918768328915,2.891155258066525,4.178646270286608,2.0756872927703216,0
1.1923353313248095,0.364717969426236,-0.46353701312847867,-0.3920520512473179,-0.3872056247291097,-0.5227149563530263,1
1.1923353313248095,0.364717969426236,-0.46353701312847867,-0.3920520512473179,-0.3872056247291097,-0.7599135019161535,1
-0.4745118246671243,2.4745232111832083,1.4144228636309433,-0.3920520512473179,-0.3872056247291097,-0.7491317498451022,1
0.10526109915615703,-0.25581298403169694,-0.28756626005881775,-0.3920520512473179,-0.3872056247291097,-0.7599135019161535,0
1.1923353313248095,0.364717969426236,-0.0876634845716829,-0.3920520512473179,-0.3872056247291097,1.2454923832993765,1
1.1923353313248095,0.364717969426236,-0.46353701312847867,-0.34154116956556646,-0.31696174942117555,-0.3502069232162065,0
0.10526109915615703,-0.25581298403169694,-0.46353701312847867,-0.3920520512473179,-0.3872056247291097,-0.7491317498451022,0
1.1923353313248095,0.364717969426236,-0.26785753571501575,-0.3920520512473179,-0.3872056247291097,-0.7599135019161535,0
0.21396852237302227,1.7298860670336886,0.6626758065173514,-0.3920520512473179,-0.3872056247291097,2.3344493424755512,1
-1.8514725187474177,-1.3727687002559763,-0.46353701312847867,-0.3920520512473179,-0.3872056247291097,-0.7599135019161535,0
-0.9818131330124955,-0.8763439374896299,-0.42693509648998923,-0.08898676115680931,-0.17647399880530734,-0.6736594853477436,0
1.1923353313248095,0.364717969426236,-0.46353701312847867,0.6181655823877108,1.0176718814295727,1.1268931105178128,0
1.1923353313248095,0.364717969426236,-0.3734399875568123,3.6993293649745485,5.302548275213554,0.264352944833714,0
1.1923353313248095,0.364717969426236,-0.16227508387321918,0.5171438190242078,0.8771841308137045,2.2374135738360903,0
1.1923353313248095,0.364717969426236,-0.0876634845716829,-0.3920520512473179,-0.3872056247291097,-0.7599135019161535,0
1.1923353313248095,0.364717969426236,-0.46353701312847867,-0.03847587947505783,0.1045015024264291,-0.5981872208503849,0
-0.9818131330124955,-0.8763439374896299,-0.46353701312847867,-0.3920520512473179,-0.3872056247291097,-0.7599135019161535,0
-0.7643982865787651,-0.7522377467980433,-0.3509157311638957,-0.3920520512473179,-0.3872056247291097,0.5015514903968412,1
0.10526109915615703,-0.25581298403169694,-0.46353701312847867,-0.3920520512473179,-0.3872056247291097,-0.55506021256618,1
-0.7643982865787651,-0.7522377467980433,-0.46353701312847867,-0.3920520512473179,-0.3872056247291097,-0.5874054687793338,1
-0.9818131330124955,2.846841783257968,1.9395195907908112,-0.3920520512473179,-0.3872056247291097,-0.39333393150041146,1
-1.8514725187474177,-1.3727687002559763,-0.0876634845716829,-0.3920520512473179,-0.3872056247291097,-0.22082589836359165,1
-0.7643982865787651,-0.7522377467980433,-0.46353701312847867,-0.3920520512473179,-0.3872056247291097,1.5042544330046062,1
1.1923353313248095,0.364717969426236,-0.46353701312847867,-0.3920520512473179,-0.3872056247291097,1.5581631933598623,1
-1.8514725187474177,-1.3727687002559763,-0.16227508387321918,1.325317925932231,0.3292819034118183,-0.6736594853477436,0
1.1923353313248095,0.364717969426236,2.388596952624586,-0.3920520512473179,-0.3872056247291097,1.6120719537151187,1
0.21396852237302227,1.7298860670336886,1.277869559248886,-0.3920520512473179,-0.3872056247291097,0.5231149945389437,1
-0.7643982865787651,-0.7522377467980433,-0.42130403239176006,-0.3920520512473179,-0.3872056247291097,-0.3502069232162065,1
-0.7643982865787651,-0.7522377467980433,-0.3875176478023851,-0.3920520512473179,-0.3872056247291097,1.5042544330046062,1
-0.7643982865787651,-0.7522377467980433,-0.01868294936837577,-0.3920520512473179,-0.3872056247291097,-0.7599135019161535,0
-2.068887365181148,-1.4968748909475629,5.919274142214263,-0.3920520512473179,-0.3872056247291097,-0.7599135019161535,0
-1.8514725187474177,-1.3727687002559763,-0.5198476541107703,-0.3920520512473179,-0.3872056247291097,-0.7599135019161535,1
1.1923353313248095,0.364717969426236,-0.42411956444087456,-0.3920520512473179,-0.3872056247291097,0.11340841583899668,1
0.10526109915615703,-0.25581298403169694,-0.46353701312847867,-0.3920520512473179,-0.3872056247291097,-0.05909961729782311,1
0.10526109915615703,-0.25581298403169694,-0.46353701312847867,-0.3920520512473179,-0.3872056247291097,-0.7599135019161535,0
-1.8514725187474177,-1.3727687002559763,-0.0876634845716829,-0.3920520512473179,-0.3872056247291097,-0.7599135019161535,1
0.10526109915615703,-0.25581298403169694,-0.3509157311638957,0.11305676557019646,0.1396234400803962,-0.6844412374187948,0
1.1923353313248095,0.364717969426236,-0.46353701312847867,1.325317925932231,2.00108613574065,0.9004763170257369,0
0.10526109915615703,-0.25581298403169694,-0.31290604850084885,0.012035002206693575,0.034257627118495,0.09184491169689421,0
0.10526109915615703,-0.25581298403169694,-0.0876634845716829,-0.3920520512473179,-0.3872056247291097,0.8896945649546857,1
-0.7643982865787651,-0.7522377467980433,-0.40581860612162984,-0.3920520512473179,-0.3872056247291097,-0.7275682457029998,1
0.10526109915615703,-0.25581298403169694,-0.0017897570736884307,-0.3920520512473179,-0.3872056247291097,-0.7599135019161535,0
1.1923353313248095,0.364717969426236,-0.46353701312847867,0.7191873457512136,1.158159632045441,0.3829522176152776,0
0.6487982152404833,2.226310829800035,0.43743324258818544,-0.3920520512473179,-0.3872056247291097,-0.11300837765307929,1
-0.329568593711304,1.1093551135757556,1.0385493350741473,-0.3920520512473179,-0.3872056247291097,1.8384887472071945,1
1.1923353313248095,0.364717969426236,-0.0017897570736884307,-0.3920520512473179,-0.3872056247291097,-0.7599135019161535,0
0.10526109915615703,-0.25581298403169694,-0.46353701312847867,0.46663293734245653,0.5084037854470503,1.7306712264966821,0
1.1923353313248095,0.364717969426236,-0.0876634845716829,-0.3920520512473179,-0.3872056247291097,-0.7491317498451022,1
1.1923353313248095,0.364717969426236,-0.46353701312847867,-0.3920520512473179,-0.3872056247291097,-0.7599135019161535,1
0.10526109915615703,-0.25581298403169694,-0.2382944491993127,-0.3920520512473179,-0.3872056247291097,0.45842448211263626,1
1.1923353313248095,0.364717969426236,-0.0876634845716829,-0.3920520512473179,-0.3872056247291097,0.01637264719953555,1
0.10526109915615703,-0.25581298403169694,1.5636460622340156,-0.3920520512473179,-0.3872056247291097,-0.1992623942214892,1
1.1923353313248095,0.364717969426236,-0.46353701312847867,-0.3920520512473179,-0.3872056247291097,-0.7599135019161535,0
0.10526109915615703,-0.25581298403169694,-0.46353701312847867,-0.3920520512473179,-0.3872056247291097,-0.7599135019161535,0
1.1923353313248095,0.364717969426236,-0.46353701312847867,-0.03847587947505783,0.1045015024264291,2.4853938714702686,0
0.10526109915615703,-0.25581298403169694,-0.3875176478023851,1.6283832160227394,1.7201106345089139,-0.6089689729214361,0
-0.7643982865787651,-0.7522377467980433,-0.37625551960592685,-0.3920520512473179,-0.3872056247291097,-0.16691713800833546,1
0.10526109915615703,-0.25581298403169694,-0.46353701312847867,-0.3920520512473179,-0.3872056247291097,1.1376748625888642,1
-0.7643982865787651,-0.7522377467980433,-0.2382944491993127,-0.3920520512473179,-0.3872056247291097,-0.7599135019161535,0
-0.7643982865787651,3.3432665460243145,2.011315658043233,-0.3920520512473179,-0.3872056247291097,2.2805405821202953,1
-0.7643982865787651,-0.7522377467980433,-0.46353701312847867,-0.3920520512473179,-0.3872056247291097,2.8735369460281133,0
1.1923353313248095,0.364717969426236,-0.0876634845716829,-0.3920520512473179,-0.3872056247291097,0.18888068033635533,0
-0.7643982865787651,-0.7522377467980433,-0.2382944491993127,-0.3920520512473179,-0.3872056247291097,-0.7599135019161535,0
0.10526109915615703,-0.25581298403169694,-0.028537311540276826,1.2748070442504795,1.3513302891422598,-0.738349997774051,0
0.10526109915615703,-0.25581298403169694,-0.0876634845716829,-0.19000852452031217,-0.17647399880530734,1.1915836229441203,0
1.1923353313248095,0.364717969426236,-0.35936232731123935,3.1942205481570336,4.600109522134212,1.493472680933555,0
1.1923353313248095,0.364717969426236,-0.5001389297669682,-0.3920520512473179,-0.3872056247291097,-0.7599135019161535,0
1.1923353313248095,0.364717969426236,-0.0876634845716829,1.4263396892957334,2.1415738863565186,-0.2962981628609503,0
0.10526109915615703,-0.25581298403169694,-0.3875176478023851,-0.3920520512473179,-0.3872056247291097,-0.7599135019161535,1
0.10526109915615703,-0.25581298403169694,0.21219067865901947,1.6283832160227394,1.7201106345089139,-0.6736594853477436,0
1.1923353313248095,0.364717969426236,-0.21717795883095334,-0.3920520512473179,-0.3872056247291097,0.04871790341268926,1
1.1923353313248095,0.364717969426236,-0.37907105165504146,-0.3920520512473179,-0.3872056247291097,-0.7599135019161535,0
1.1923353313248095,0.364717969426236,-0.46353701312847867,-0.3920520512473179,-0.3872056247291097,-0.7599135019161535,0
0.6487982152404833,2.226310829800035,0.2882100439851129,-0.3920520512473179,-0.3872056247291097,-0.7599135019161535,1
-1.8514725187474177,-1.3727687002559763,-0.46353701312847867,-0.3920520512473179,-0.3872056247291097,2.0541237886282193,1
-0.9818131330124955,-0.8763439374896299,-0.0792168884243391,1.6788940977044908,1.0527938190835398,1.6659807140703748,0
-0.329568593711304,1.1093551135757556,0.2445692972238369,-0.3920520512473179,-0.3872056247291097,-0.27473465871884784,1
0.21396852237302227,1.7298860670336886,0.2882100439851129,-0.3920520512473179,-0.3872056247291097,0.5662420028231486,1
-0.9818131330124955,-0.8763439374896299,-0.4396049907110048,2.739622613021271,1.790354509816848,0.7603135401020709,0
-0.7643982865787651,-0.7522377467980433,-0.6381000001735824,-0.3920520512473179,-0.3872056247291097,2.4207033590439613,1
1.1923353313248095,0.364717969426236,-0.0876634845716829,-0.3920520512473179,-0.3872056247291097,-0.2316076504346429,1
-0.7643982865787651,-0.7522377467980433,-0.2382944491993127,0.5171438190242078,0.3082087408194381,0.4692062341836875,0
0.10526109915615703,-0.25581298403169694,-0.08907125059624016,-0.3920520512473179,-0.3872056247291097,-0.7060047415608973,1
-0.18462536275548366,2.9709479739495546,1.0385493350741473,-0.3920520512473179,-0.3872056247291097,0.264352944833714,1
-0.7643982865787651,-0.7522377467980433,-0.37625551960592685,-0.3920520512473179,-0.3872056247291097,-0.7599135019161535,0
0.10526109915615703,-0.25581298403169694,-0.12004210313650057,-0.3920520512473179,-0.3872056247291097,-0.7599135019161535,1
0.10526109915615703,-0.25581298403169694,-0.0876634845716829,-0.3920520512473179,-0.3872056247291097,-0.7599135019161535,0
0.10526109915615703,-0.25581298403169694,-0.3734399875568123,-0.3920520512473179,-0.3872056247291097,-0.7599135019161535,0
-0.7643982865787651,-0.7522377467980433,-0.46353701312847867,-0.3920520512473179,-0.3872056247291097,-0.7599135019161535,1
1.1923353313248095,0.364717969426236,-0.46353701312847867,-0.3920520512473179,-0.3872056247291097,-0.7599135019161535,0
1.1923353313248095,0.364717969426236,13.42689035117828,4.153927300110311,5.934743152984961,-0.4148974356425139,0
-0.9818131330124955,0.364717969426236,0.6612680404927942,-0.3920520512473179,-0.3872056247291097,2.0756872927703216,1
-0.7643982865787651,-0.7522377467980433,-0.46353701312847867,-0.3920520512473179,-0.3872056247291097,-0.7599135019161535,0
-0.7643982865787651,-0.7522377467980433,2.4646163179506795,0.26458941061545077,0.11503808372261926,2.226631821765039,0
1.1923353313248095,0.364717969426236,-0.46353701312847867,-0.3920520512473179,-0.3872056247291097,-0.6628777332766924,0
0.10526109915615703,-0.25581298403169694,0.3895691977532377,0.06254588388844498,0.08694053359944565,0.037936151341638025,0
0.10526109915615703,-0.25581298403169694,-0.40159530804795807,0.36561117397895354,0.40303797248514917,-0.048317865226771874,0
0.6487982152404833,2.226310829800035,0.6626758065173514,-0.3920520512473179,-0.3872056247291097,-0.7599135019161535,1
1.1923353313248095,0.364717969426236,-0.0876634845716829,0.3151002922972022,0.596208629581968,1.1268931105178128,0
-0.7643982865787651,-0.7522377467980433,-0.46353701312847867,-0.3920520512473179,-0.3872056247291097,-0.7599135019161535,0
0.10526109915615703,-0.25581298403169694,-0.46353701312847867,-0.3920520512473179,-0.3872056247291097,-0.7599135019161535,0
1.1923353313248095,0.364717969426236,-0.46353701312847867,-0.3920520512473179,-0.3872056247291097,-0.33942517114515525,1
0.10526109915615703,-0.25581298403169694,-0.0876634845716829,-0.3920520512473179,-0.3872056247291097,0.6956230276757635,1
0.10526109915615703,-0.25581298403169694,-0.46353701312847867,-0.3920520512473179,-0.3872056247291097,-0.7599135019161535,0
-0.9093415175345854,1.7298860670336886,1.0385493350741473,-0.3920520512473179,-0.3872056247291097,2.032560284486117,1
1.1923353313248095,0.364717969426236,-0.0876634845716829,-0.3920520512473179,-0.3872056247291097,-0.7491317498451022,1
-1.5253502490968218,1.605779876342102,1.7888886261631813,-0.3920520512473179,-0.3872056247291097,-0.7599135019161535,1
1.1923353313248095,0.364717969426236,-0.29038179210793236,-0.3920520512473179,-0.3872056247291097,-0.7599135019161535,0
-2.503717058048609,-1.745087272330736,-0.2382944491993127,-0.3920520512473179,-0.3872056247291097,-0.30707991493200154,1
-0.329568593711304,4.336116071557007,3.140344009738177,-0.3920520512473179,-0.3872056247291097,-0.7599135019161535,1
1.1923353313248095,0.364717969426236,-0.31290604850084885,1.1737852808869764,1.790354509816848,2.0756872927703216,0
1.1923353313248095,0.364717969426236,-0.46353701312847867,-0.3920520512473179,-0.3872056247291097,-0.7599135019161535,0
-0.7643982865787651,-0.7522377467980433,-0.13271199735751613,-0.3920520512473179,-0.3872056247291097,-0.7599135019161535,0
-1.996415749703238,-0.13170679334011035,1.3384034983048494,-0.3920520512473179,-0.3872056247291097,0.8681310608125833,1
0.21396852237302227,1.7298860670336886,0.24034599915016513,-0.3920520512473179,-0.3872056247291097,1.9355245158466556,1
0.1777327146340672,3.5914789274074876,2.0141311900923475,-0.3920520512473179,-0.3872056247291097,1.719889474425631,1
-0.7643982865787651,-0.7522377467980433,-0.46353701312847867,-0.3920520512473179,-0.3872056247291097,-0.7599135019161535,0
0.10526109915615703,-0.25581298403169694,0.21219067865901947,-0.3920520512473179,-0.3872056247291097,-0.15613538593728424,1
-0.7643982865787651,-0.7522377467980433,-0.23970221522386997,-0.3920520512473179,-0.3872056247291097,1.407218664365145,1
1.1923353313248095,0.364717969426236,-0.42411956444087456,-0.3920520512473179,-0.3872056247291097,-0.7599135019161535,0
-2.503717058048609,-1.745087272330736,-0.0876634845716829,-0.3920520512473179,-0.3872056247291097,-0.7599135019161535,1
1.1923353313248095,0.364717969426236,-0.46353701312847867,-0.3920520512473179,-0.3872056247291097,1.083766102233608,1
-1.8514725187474177,-1.3727687002559763,-0.46353701312847867,-0.3920520512473179,-0.3872056247291097,-0.7599135019161535,0
-0.7643982865787651,-0.7522377467980433,-0.0876634845716829,-0.3920520512473179,-0.3872056247291097,0.8789128128836345,1
1.1923353313248095,0.364717969426236,0.21219067865901947,-0.3920520512473179,-0.3872056247291097,-0.40411568357146266,1
0.10526109915615703,-0.25581298403169694,-0.46353701312847867,-0.3920520512473179,-0.3872056247291097,-0.5119332042819751,0
1.1923353313248095,0.364717969426236,-0.42130403239176006,-0.3920520512473179,-0.3872056247291097,-0.5766237167082825,0
-0.329568593711304,1.1093551135757556,0.28680227796055563,-0.3920520512473179,-0.3872056247291097,2.0217785324150657,1
-0.329568593711304,1.1093551135757556,0.6626758065173514,-0.3920520512473179,-0.3872056247291097,2.4853938714702686,1
-0.7643982865787651,-0.7522377467980433,-0.13271199735751613,-0.291030287883815,-0.3099373618903822,2.1942865655518853,0
-0.7643982865787651,-0.7522377467980433,-0.46353701312847867,-0.3920520512473179,-0.3872056247291097,0.8789128128836345,1
-0.7643982865787651,-0.7522377467980433,-0.46353701312847867,-0.08898676115680931,-0.1554008362129271,0.2966982010468677,0
-0.7643982865787651,-0.7522377467980433,-0.46353701312847867,-0.3920520512473179,-0.3872056247291097,-0.7491317498451022,1
1.1923353313248095,0.364717969426236,0.14602567550482687,0.06254588388844498,0.2449892530422974,-0.5011514522109238,0
-0.7643982865787651,-0.7522377467980433,-0.29178955813248963,-0.3920520512473179,-0.3872056247291097,-0.7599135019161535,1
1.1923353313248095,0.364717969426236,-0.46353701312847867,-0.3920520512473179,-0.3872056247291097,1.1915836229441203,0
0.10526109915615703,-0.25581298403169694,0.21219067865901947,4.6085252352460735,4.828402116884998,-0.6520959812056412,0
-1.8514725187474177,-1.3727687002559763,-0.46353701312847867,4.659036116927825,1.7201106345089139,1.2023653750151715,0
0.10526109915615703,-0.25581298403169694,-0.6366922341490251,-0.3920520512473179,-0.3872056247291097,-0.7599135019161535,0
0.10526109915615703,-0.25581298403169694,0.21219067865901947,-0.3920520512473179,-0.3872056247291097,2.7872829294597032,1
0.10526109915615703,-0.25581298403169694,-0.3734399875568123,-0.3920520512473179,-0.3872056247291097,-0.7599135019161535,1
-0.7643982865787651,-0.7522377467980433,-0.46353701312847867,-0.3920520512473179,-0.3872056247291097,-0.7599135019161535,0
1.1923353313248095,0.364717969426236,-0.46353701312847867,-0.3920520512473179,-0.3872056247291097,-0.7599135019161535,0
0.6487982152404833,2.226310829800035,1.0385493350741473,-0.3920520512473179,-0.3872056247291097,-0.5119332042819751,1
0.10526109915615703,-0.25581298403169694,-0.2382944491993127,2.5375790862942647,2.6684029511660246,0.2966982010468677,0
1.1923353313248095,0.364717969426236,-0.46353701312847867,-0.3920520512473179,-0.3872056247291097,0.3829522176152776,1
0.21396852237302227,1.7298860670336886,1.0385493350741473,-0.3920520512473179,-0.3872056247291097,-0.7491317498451022,1
0.10526109915615703,-0.25581298403169694,-0.0876634845716829,-0.34154116956556646,-0.3345227182481591,-0.2531711545767454,0
0.21396852237302227,1.7298860670336886,0.4036468579988105,-0.3920520512473179,-0.3872056247291097,-0.40411568357146266,1
-0.7643982865787651,-0.7522377467980433,-0.46353701312847867,0.21407852893369927,0.0764039523032555,2.086469044841373,0
1.1923353313248095,0.364717969426236,-0.3678089234585832,-0.3920520512473179,-0.3872056247291097,-0.7275682457029998,0
0.10526109915615703,-0.25581298403169694,-0.46353701312847867,-0.3920520512473179,-0.3872056247291097,-0.7599135019161535,0
-1.8514725187474177,-1.3727687002559763,-0.46353701312847867,-0.3920520512473179,-0.3872056247291097,0.7495317880310196,1
1.1923353313248095,0.364717969426236,-0.02572177949116231,-0.3920520512473179,-0.3872056247291097,0.45842448211263626,1
0.10526109915615703,-0.25581298403169694,-0.46353701312847867,-0.3920520512473179,-0.3872056247291097,1.5150361850756575,1
0.10526109915615703,-0.25581298403169694,-0.40581860612162984,-0.3920520512473179,-0.3872056247291097,0.9867303335941469,1
0.10526109915615703,-0.25581298403169694,-0.46353701312847867,-0.3920520512473179,-0.3872056247291097,1.9894332762019118,1
1.1923353313248095,0.364717969426236,0.21219067865901947,-0.3920520512473179,-0.3872056247291097,0.5878055069652511,1
0.6487982152404833,2.226310829800035,0.5880642072158152,-0.3920520512473179,-0.3872056247291097,2.043342036557168,1
1.1923353313248095,0.364717969426236,-0.0876634845716829,-0.3920520512473179,-0.3872056247291097,-0.7599135019161535,0
1.1923353313248095,0.364717969426236,-0.46353701312847867,-0.3920520512473179,-0.3872056247291097,2.40992160697291,1
0.10526109915615703,-0.25581298403169694,-0.28756626005881775,-0.3920520512473179,-0.3872056247291097,-0.7599135019161535,0
1.1923353313248095,0.364717969426236,-0.46353701312847867,-0.3920520512473179,-0.3872056247291097,-0.7599135019161535,1
0.10526109915615703,-0.25581298403169694,-0.46353701312847867,-0.3920520512473179,-0.3872056247291097,-0.7599135019161535,1
0.10526109915615703,-0.25581298403169694,-0.13130423133295877,-0.3920520512473179,-0.3872056247291097,1.8816157554913995,1
1.1923353313248095,0.364717969426236,-0.18620710629069306,0.6686764640694621,1.0879157567375068,0.15653542412320162,0
1.1923353313248095,0.364717969426236,-0.0876634845716829,-0.3920520512473179,-0.3872056247291097,1.2131471270862229,1
0.10526109915615703,-0.25581298403169694,-0.31712934657452074,-0.19000852452031217,-0.17647399880530734,-0.08066312143992559,0
1.1923353313248095,0.364717969426236,-0.4170807343180882,-0.3920520512473179,-0.3872056247291097,0.2427894406916115,1
1.1923353313248095,0.364717969426236,-0.46353701312847867,-0.3920520512473179,-0.3872056247291097,0.3074799531179189,0
1.1923353313248095,0.364717969426236,-0.46353701312847867,-0.3920520512473179,-0.3872056247291097,-0.7599135019161535,1
-0.7643982865787651,-0.7522377467980433,-0.42411956444087456,0.26458941061545077,0.11503808372261926,0.6956230276757635,0
-0.7643982865787651,-0.7522377467980433,-0.4353816926373329,-0.3920520512473179,-0.3872056247291097,-0.7599135019161535,0
-0.7643982865787651,-0.7522377467980433,-0.37625551960592685,-0.3920520512473179,-0.3872056247291097,-0.5334967084240775,1
0.10526109915615703,-0.25581298403169694,-0.46353701312847867,-0.3920520512473179,-0.3872056247291097,0.25357119276266277,0
0.10526109915615703,-0.25581298403169694,-0.0876634845716829,-0.3920520512473179,-0.3872056247291097,-0.7599135019161535,0
0.10526109915615703,-0.25581298403169694,-0.028537311540276826,-0.3920520512473179,-0.3872056247291097,-0.7599135019161535,1
1.1923353313248095,0.364717969426236,-0.46353701312847867,-0.3920520512473179,-0.3872056247291097,-0.7599135019161535,0
1.1923353313248095,0.364717969426236,-0.4353816926373329,-0.3920520512473179,-0.3872056247291097,-0.7599135019161535,1
-0.7643982865787651,-0.7522377467980433,-0.0876634845716829,-0.3920520512473179,-0.3872056247291097,-0.7599135019161535,0
-0.5469834401450345,3.839691308790661,1.0343260370004754,-0.3920520512473179,-0.3872056247291097,2.043342036557168,1
1.1923353313248095,0.364717969426236,-0.31290604850084885,0.9212308724782194,1.4391351332771776,0.943603325309942,0
1.1923353313248095,0.364717969426236,-0.46353701312847867,-0.3920520512473179,-0.3872056247291097,-0.7599135019161535,1
-0.7643982865787651,-0.7522377467980433,-0.02572177949116231,2.082981151158502,1.505866814819715,0.7926587963152246,0
-0.9818131330124955,-0.8763439374896299,-0.42411956444087456,-0.3920520512473179,-0.3872056247291097,-0.7599135019161535,0
0.10526109915615703,-0.25581298403169694,-0.4353816926373329,2.285024677885508,2.4049884187612713,0.8034405483862759,0
-0.7643982865787651,-0.7522377467980433,-0.46353701312847867,-0.3920520512473179,-0.3872056247291097,0.6956230276757635,1
1.1923353313248095,0.364717969426236,-0.3875176478023851,-0.3920520512473179,-0.3872056247291097,1.267055887441479,0
1.1923353313248095,0.364717969426236,-0.46353701312847867,-0.3920520512473179,-0.3872056247291097,0.5015514903968412,1
-0.7643982865787651,-0.7522377467980433,-0.42411956444087456,-0.3920520512473179,-0.3872056247291097,-0.15613538593728424,0
1.1923353313248095,0.364717969426236,-0.46353701312847867,-0.3920520512473179,-0.3872056247291097,-0.39333393150041146,1
1.1923353313248095,0.364717969426236,-0.46353701312847867,-0.3920520512473179,-0.3872056247291097,0.33982520933107263,1
0.10526109915615703,-0.25581298403169694,-0.46353701312847867,-0.3920520512473179,-0.3872056247291097,-0.40411568357146266,1
1.1923353313248095,0.364717969426236,-0.42411956444087456,-0.3920520512473179,-0.3872056247291097,1.7306712264966821,1
-1.8514725187474177,-1.3727687002559763,-0.0876634845716829,1.123274399205225,0.2449892530422974,-0.738349997774051,0
-0.7643982865787651,-0.7522377467980433,-0.0876634845716829,-0.3920520512473179,-0.3872056247291097,-0.37177042735830895,1
-0.7643982865787651,-0.7522377467980433,-0.0876634845716829,-0.3920520512473179,-0.3872056247291097,-0.7599135019161535,0
-2.2863022116148786,-1.1245563188728032,0.2882100439851129,-0.3920520512473179,-0.3872056247291097,0.8034405483862759,1
1.1923353313248095,0.364717969426236,-0.6366922341490251,0.7696982274329651,1.2284035073533752,-0.6413142291345899,0
1.1923353313248095,0.364717969426236,-0.0876634845716829,-0.3920520512473179,-0.3872056247291097,0.8357858045994295,1
0.6487982152404833,2.226310829800035,1.03714156904959,-0.3920520512473179,-0.3872056247291097,-0.7599135019161535,1
0.6487982152404833,2.226310829800035,0.6556369763945649,-0.3920520512473179,-0.3872056247291097,0.7387500359599685,1
-1.8514725187474177,-1.3727687002559763,-0.46353701312847867,-0.3920520512473179,-0.3872056247291097,-0.7599135019161535,0
-0.7643982865787651,-0.7522377467980433,-0.46353701312847867,-0.3920520512473179,-0.3872056247291097,2.1511595572676803,0
0.10526109915615703,-0.25581298403169694,-0.26363423764134386,-0.34154116956556646,-0.3345227182481591,-0.7491317498451022,0
-1.8514725187474177,-1.3727687002559763,-0.46353701312847867,-0.3920520512473179,-0.3872056247291097,-0.7599135019161535,0
-2.503717058048609,-1.745087272330736,-0.2031002985853805,-0.3920520512473179,-0.3872056247291097,-0.7599135019161535,1
0.6487982152404833,2.226310829800035,0.2882100439851129,-0.3920520512473179,-0.3872056247291097,1.2778376395125302,1
1.1923353313248095,0.364717969426236,-0.0876634845716829,-0.3920520512473179,-0.3872056247291097,-0.7599135019161535,0
0.10526109915615703,-0.25581298403169694,-0.3875176478023851,-0.3920520512473179,-0.3872056247291097,1.0514208460204544,1
0.6487982152404833,2.226310829800035,0.5120448418897215,-0.3920520512473179,-0.3872056247291097,-0.5011514522109238,1
-0.7643982865787651,-0.7522377467980433,0.6373360180753203,-0.3920520512473179,-0.3872056247291097,-0.21004414629254042,1
-0.9818131330124955,-0.8763439374896299,-0.28756626005881775,0.8202091091147165,0.45572087896609975,-0.037536113155720634,0
1.1923353313248095,0.364717969426236,-0.46353701312847867,-0.3920520512473179,-0.3872056247291097,-0.7167864936319486,1
-1.8514725187474177,-1.3727687002559763,-0.46353701312847867,-0.3920520512473179,-0.3872056247291097,-0.7599135019161535,1
1.1923353313248095,0.364717969426236,-0.12426540121017235,-0.3920520512473179,-0.3872056247291097,1.5042544330046062,1
-0.9818131330124955,-0.8763439374896299,-0.26363423764134386,-0.3920520512473179,-0.3872056247291097,-0.24238940250569413,1
0.10526109915615703,-0.25581298403169694,-0.0876634845716829,-0.3920520512473179,-0.3872056247291097,3.046044979164933,1
-0.7643982865787651,-0.7522377467980433,-0.46353701312847867,-0.3920520512473179,-0.3872056247291097,1.7306712264966821,0
0.10526109915615703,-0.25581298403169694,-0.31290604850084885,-0.3920520512473179,-0.3872056247291097,-0.7599135019161535,0
-0.8731057097956303,0.48882416011782265,0.2882100439851129,-0.3920520512473179,-0.3872056247291097,-0.17769889007938672,1
-0.7643982865787651,-0.7522377467980433,-0.11159550698915678,4.659036116927825,3.476207517207267,-0.2639529066477966,0
-0.7643982865787651,-0.7522377467980433,-0.3875176478023851,-0.3920520512473179,-0.3872056247291097,-0.6413142291345899,0
-0.7643982865787651,-0.7522377467980433,-0.46353701312847867,-0.3920520512473179,-0.3872056247291097,-0.6305324770635387,0
-0.7643982865787651,-0.7522377467980433,-0.46353701312847867,-0.3920520512473179,-0.3872056247291097,2.226631821765039,1
-0.7643982865787651,-0.7522377467980433,-0.46353701312847867,-0.3920520512473179,-0.3872056247291097,1.2023653750151715,1
0.10526109915615703,-0.25581298403169694,0.17558876202052978,-0.3920520512473179,-0.3872056247291097,1.719889474425631,1
-0.18462536275548366,2.9709479739495546,0.5444234604545393,-0.3920520512473179,-0.3872056247291097,1.0514208460204544,1
-0.7643982865787651,-0.7522377467980433,-0.31290604850084885,-0.3920520512473179,-0.3872056247291097,-0.21004414629254042,0
0.21396852237302227,1.7298860670336886,0.2882100439851129,-0.3920520512473179,-0.3872056247291097,0.19966243240740658,1
1.1923353313248095,0.364717969426236,-0.07217805830155281,0.9717417541599709,1.5093790085851118,-0.5658419646372312,0
1.1923353313248095,0.364717969426236,-0.11863433711194318,-0.3920520512473179,-0.3872056247291097,-0.7599135019161535,0
1.1923353313248095,0.364717969426236,-0.0876634845716829,-0.3920520512473179,-0.3872056247291097,-0.048317865226771874,1
1.1923353313248095,0.364717969426236,-0.40159530804795807,-0.3920520512473179,-0.3872056247291097,-0.7599135019161535,0
-0.7643982865787651,-0.7522377467980433,-0.0876634845716829,-0.08898676115680931,-0.1554008362129271,-0.6520959812056412,0
0.10526109915615703,-0.25581298403169694,-0.013051885270146741,-0.3920520512473179,-0.3872056247291097,-0.7599135019161535,0
1.1923353313248095,0.364717969426236,-0.46353701312847867,-0.3920520512473179,-0.3872056247291097,1.9570880199887581,1
-0.7643982865787651,-0.7522377467980433,-0.46353701312847867,-0.3920520512473179,-0.3872056247291097,-0.7599135019161535,1
0.10526109915615703,-0.25581298403169694,0.21219067865901947,4.6085252352460735,4.828402116884998,0.4799879862547387,0
1.1923353313248095,0.364717969426236,-0.3002361542798333,-0.3920520512473179,-0.3872056247291097,-0.7599135019161535,1
-0.9818131330124955,-0.8763439374896299,-0.42411956444087456,-0.3920520512473179,-0.3872056247291097,-0.7599135019161535,0
-0.7643982865787651,-0.7522377467980433,-0.3706244555076977,-0.3920520512473179,-0.3872056247291097,-0.4688061959977701,1
-1.4166428258799566,-0.13170679334011035,0.6866078289348253,-0.3920520512473179,-0.3872056247291097,-0.7599135019161535,1
1.1923353313248095,0.364717969426236,-0.16227508387321918,1.1737852808869764,1.790354509816848,-0.5658419646372312,0
-0.7643982865787651,-0.7522377467980433,-0.35654679526212485,-0.03847587947505783,-0.11676670479356335,-0.3178616670030528,0
-1.8514725187474177,-1.3727687002559763,-0.46353701312847867,4.659036116927825,1.7201106345089139,-0.5334967084240775,0
1.1923353313248095,0.364717969426236,-0.46353701312847867,-0.291030287883815,-0.24671787411324145,-0.12379012972413053,0
1.1923353313248095,0.364717969426236,0.21219067865901947,-0.3920520512473179,-0.3872056247291097,-0.738349997774051,1
0.10526109915615703,-0.25581298403169694,0.21219067865901947,2.0324702694767507,2.1415738863565186,0.22122593654950906,0
0.10526109915615703,-0.25581298403169694,-0.0876634845716829,-0.3920520512473179,-0.3872056247291097,1.2347106312283254,1
0.10526109915615703,-0.25581298403169694,-0.46353701312847867,-0.3920520512473179,-0.3872056247291097,-0.7599135019161535,0
-0.7643982865787651,-0.7522377467980433,-0.46353701312847867,-0.3920520512473179,-0.3872056247291097,-0.7599135019161535,0
-0.7643982865787651,-0.7522377467980433,-0.40581860612162984,-0.3920520512473179,-0.3872056247291097,-0.7599135019161535,1
0.10526109915615703,-0.25581298403169694,-0.3875176478023851,-0.3920520512473179,-0.3872056247291097,1.8384887472071945,1
1.1923353313248095,0.364717969426236,-0.46353701312847867,-0.3920520512473179,-0.3872056247291097,2.0217785324150657,0
1.1923353313248095,0.364717969426236,-0.08907125059624016,-0.3920520512473179,-0.3872056247291097,2.49617562354132,1
1.1923353313248095,0.364717969426236,-0.46353701312847867,-0.3920520512473179,-0.3872056247291097,-0.7599135019161535,1
0.10526109915615703,-0.25581298403169694,-0.46353701312847867,-0.3920520512473179,-0.3872056247291097,-0.11300837765307929,1
-1.3079354026630914,-0.007600602648523745,0.6626758065173514,-0.3920520512473179,-0.3872056247291097,-0.09144487351097681,1
-2.503717058048609,-1.745087272330736,-0.46353701312847867,-0.3920520512473179,-0.3872056247291097,-0.7599135019161535,0
0.10526109915615703,-0.25581298403169694,-0.31290604850084885,-0.3920520512473179,-0.3872056247291097,-0.7599135019161535,1
1.1923353313248095,0.364717969426236,-0.46353701312847867,-0.3920520512473179,-0.3872056247291097,-0.738349997774051,1
-1.1267563639683158,1.3575674949589287,2.1647621547199773,-0.3920520512473179,-0.3872056247291097,-0.7599135019161535,1
0.21396852237302227,1.7298860670336886,1.639665427560109,-0.3920520512473179,-0.3872056247291097,-0.7599135019161535,1
0.10526109915615703,-0.25581298403169694,-0.46353701312847867,-0.3920520512473179,-0.3872056247291097,-0.7599135019161535,1
1.1923353313248095,0.364717969426236,-0.3678089234585832,-0.3920520512473179,-0.3872056247291097,-0.7599135019161535,0
0.10526109915615703,-0.25581298403169694,-0.36358562538491124,0.9212308724782194,0.9825499437756057,-0.2639529066477966,0
-1.3079354026630914,-0.007600602648523745,0.22063727480636303,-0.3920520512473179,-0.3872056247291097,-0.7599135019161535,1
-0.7643982865787651,-0.7522377467980433,-0.16227508387321918,4.659036116927825,3.476207517207267,1.8061434909940408,0
-0.329568593711304,1.1093551135757556,1.0385493350741473,-0.3920520512473179,-0.3872056247291097,-0.7599135019161535,1
1.1923353313248095,0.364717969426236,0.21219067865901947,-0.3920520512473179,-0.3872056247291097,-0.7599135019161535,0
-0.7643982865787651,-0.7522377467980433,-0.46353701312847867,-0.3920520512473179,-0.3872056247291097,1.860052251349297,1
-0.7643982865787651,-0.7522377467980433,-0.35654679526212485,-0.3920520512473179,-0.3872056247291097,-0.2855164107898991,1
-0.7643982865787651,-0.7522377467980433,-0.46353701312847867,0.21407852893369927,0.0764039523032555,0.7710952921731221,0
1.1923353313248095,0.364717969426236,-0.4128574362444163,-0.3920520512473179,-0.3872056247291097,-0.7599135019161535,1
-0.7643982865787651,-0.7522377467980433,-0.38329434972871324,-0.3920520512473179,-0.3872056247291097,1.9355245158466556,1
-0.7643982865787651,-0.7522377467980433,-0.31290604850084885,-0.3920520512473179,-0.3872056247291097,-0.7599135019161535,0
-0.11215374727757349,4.832540834323353,2.9897130451105474,-0.3920520512473179,-0.3872056247291097,1.1808018708730692,1
0.10526109915615703,-0.25581298403169694,-0.46353701312847867,-0.3920520512473179,-0.3872056247291097,-0.7599135019161535,0
-0.5469834401450345,2.3504170204916215,1.3088404117891466,-0.3920520512473179,-0.3872056247291097,-0.7599135019161535,1
1.1923353313248095,0.364717969426236,-0.46353701312847867,-0.3920520512473179,-0.3872056247291097,-0.7599135019161535,0
-0.9818131330124955,-0.8763439374896299,-0.46353701312847867,0.8202091091147165,0.45572087896609975,-0.7275682457029998,0
-0.7643982865787651,-0.7522377467980433,-0.46353701312847867,-0.3920520512473179,-0.3872056247291097,-0.7599135019161535,0
1.1923353313248095,0.364717969426236,0.21219067865901947,0.6181655823877108,1.0176718814295727,0.943603325309942,0
0.10526109915615703,-0.25581298403169694,-0.46353701312847867,-0.3920520512473179,-0.3872056247291097,-0.08066312143992559,1
1.1923353313248095,0.364717969426236,-0.29178955813248963,-0.3920520512473179,-0.3872056247291097,-0.7491317498451022,0
-0.7643982865787651,-0.7522377467980433,-0.0876634845716829,1.123274399205225,0.7718183178518032,0.08106315962584297,0
-1.634057672313687,-0.3799191747232835,1.2454909406840684,-0.3920520512473179,-0.3872056247291097,-0.7599135019161535,1
0.10526109915615703,-0.25581298403169694,0.21219067865901947,-0.3920520512473179,-0.3872056247291097,2.970572714667574,1
0.10526109915615703,-0.25581298403169694,-0.0876634845716829,-0.3920520512473179,-0.3872056247291097,-0.37177042735830895,1
0.10526109915615703,-0.25581298403169694,-0.11863433711194318,-0.3920520512473179,-0.3872056247291097,-0.7599135019161535,1
-0.7643982865787651,-0.7522377467980433,-0.3875176478023851,-0.08898676115680931,-0.1554008362129271,0.8034405483862759,0
0.10526109915615703,-0.25581298403169694,-0.46353701312847867,-0.3920520512473179,-0.3872056247291097,-0.7599135019161535,1
1.1923353313248095,0.364717969426236,-0.16227508387321918,-0.3920520512473179,-0.3872056247291097,-0.7599135019161535,0
0.10526109915615703,-0.25581298403169694,-0.16227508387321918,0.6686764640694621,0.7191354113708527,-0.3178616670030528,0
1.1923353313248095,0.364717969426236,-0.46353701312847867,-0.3920520512473179,-0.3872056247291097,-0.7599135019161535,1
0.10526109915615703,-0.25581298403169694,-0.0876634845716829,-0.3920520512473179,-0.3872056247291097,-0.7599135019161535,0
-0.9818131330124955,-0.8763439374896299,-0.46353701312847867,3.0426879031117795,2.00108613574065,-0.22082589836359165,0
0.10526109915615703,-0.25581298403169694,-0.08907125059624016,0.21407852893369927,0.2449892530422974,-0.7599135019161535,0
0.10526109915615703,-0.25581298403169694,-0.2382944491993127,-0.3920520512473179,-0.3872056247291097,2.3883581028308076,0
0.10526109915615703,-0.25581298403169694,0.16714216587318623,-0.3920520512473179,-0.3872056247291097,-0.2316076504346429,1
-0.7643982865787651,-0.7522377467980433,-0.23970221522386997,-0.3920520512473179,-0.3872056247291097,0.037936151341638025,0
0.10526109915615703,-0.25581298403169694,-0.46353701312847867,-0.3920520512473179,-0.3872056247291097,-0.7599135019161535,0
-0.7643982865787651,-0.7522377467980433,-0.2382944491993127,-0.3920520512473179,-0.3872056247291097,-0.7599135019161535,1
1.1923353313248095,0.364717969426236,-0.0876634845716829,-0.3920520512473179,-0.3872056247291097,-0.7599135019161535,1
-0.7643982865787651,-0.7522377467980433,-0.46353701312847867,-0.3920520512473179,-0.3872056247291097,0.8896945649546857,1
0.21396852237302227,1.7298860670336886,0.49937494766870605,-0.3920520512473179,-0.3872056247291097,1.903179259633502,1
-0.7643982865787651,-0.7522377467980433,-0.46353701312847867,-0.3920520512473179,-0.3872056247291097,-0.22082589836359165,1
-0.7643982865787651,-0.7522377467980433,-0.35654679526212485,-0.3920520512473179,-0.3872056247291097,-0.7599135019161535,1
-2.503717058048609,-1.745087272330736,0.582433143117586,-0.3920520512473179,-0.3872056247291097,0.01637264719953555,1
1.1923353313248095,0.364717969426236,0.6795689988120388,-0.3920520512473179,-0.3872056247291097,1.2886193915835815,1
0.10526109915615703,-0.25581298403169694,0.21219067865901947,-0.3920520512473179,-0.3872056247291097,-0.6628777332766924,1
1.1923353313248095,0.364717969426236,-0.46353701312847867,-0.3920520512473179,-0.3872056247291097,-0.7599135019161535,0
0.10526109915615703,-0.25581298403169694,-0.46353701312847867,0.6181655823877108,0.6664525048899022,-0.39333393150041146,0
1.1923353313248095,0.364717969426236,-0.0876634845716829,-0.291030287883815,-0.24671787411324145,-0.33942517114515525,0
0.10526109915615703,-0.25581298403169694,-0.2382944491993127,-0.3920520512473179,-0.3872056247291097,0.4045157217573801,1
1.1923353313248095,0.364717969426236,-0.46353701312847867,-0.3920520512473179,-0.3872056247291097,-0.7599135019161535,0
0.6487982152404833,2.226310829800035,0.9625299697480538,-0.3920520512473179,-0.3872056247291097,0.1780989282653041,1
-0.7643982865787651,-0.7522377467980433,-0.46353701312847867,-0.3920520512473179,-0.3872056247291097,1.083766102233608,1
-0.7643982865787651,-0.7522377467980433,-0.37625551960592685,4.659036116927825,3.476207517207267,-0.06988136936887435,0
1.1923353313248095,0.364717969426236,-0.46353701312847867,-0.19000852452031217,-0.10623012349737321,-0.6305324770635387,0
-0.7643982865787651,-0.7522377467980433,-0.46353701312847867,-0.3920520512473179,-0.3872056247291097,0.6632777714626098,1
1.1923353313248095,0.364717969426236,-0.15664401977499,-0.3920520512473179,-0.3872056247291097,-0.55506021256618,0
1.1923353313248095,0.364717969426236,-0.40581860612162984,-0.08898676115680931,0.034257627118495,-0.4795879480688213,0
-0.8731057097956303,0.48882416011782265,0.2882100439851129,-0.3920520512473179,-0.3872056247291097,-0.7599135019161535,1
0.10526109915615703,-0.25581298403169694,-0.46353701312847867,-0.19000852452031217,-0.17647399880530734,-0.7599135019161535,0
0.10526109915615703,1.605779876342102,0.08830726849797806,-0.3920520512473179,-0.3872056247291097,0.5985872590363024,1
-2.1775947883980136,-1.0004501281812166,0.7386951718434448,-0.3920520512473179,-0.3872056247291097,1.7091077223545796,1
0.10526109915615703,-0.25581298403169694,0.0319966275156865,-0.3920520512473179,-0.3872056247291097,1.5042544330046062,1
1.1923353313248095,0.364717969426236,-0.46353701312847867,-0.3920520512473179,-0.3872056247291097,-0.2316076504346429,0
1.1923353313248095,0.364717969426236,-0.0017897570736884307,-0.3920520512473179,-0.3872056247291097,-0.7599135019161535,1
-0.9818131330124955,5.3289655970897,3.516217538294973,-0.3920520512473179,-0.3872056247291097,0.07028140755479173,1
1.1923353313248095,0.364717969426236,-0.3889254138269424,-0.3920520512473179,-0.3872056247291097,2.0756872927703216,1
-0.329568593711304,4.336116071557007,3.866751278409738,-0.3920520512473179,-0.3872056247291097,-0.7599135019161535,1
-1.8514725187474177,-1.3727687002559763,-0.46353701312847867,4.659036116927825,1.7201106345089139,0.37217046554422634,0
1.1923353313248095,0.364717969426236,-0.26363423764134386,0.26458941061545077,0.525964754274034,1.3533099040098888,0
-0.329568593711304,1.1093551135757556,0.2882100439851129,-0.3920520512473179,-0.3872056247291097,0.37217046554422634,1
0.10526109915615703,-0.25581298403169694,0.21219067865901947,2.1840029145220052,2.2996226057993705,-0.6305324770635387,0
-2.1775947883980136,-1.0004501281812166,0.2882100439851129,-0.3920520512473179,-0.3872056247291097,-0.7599135019161535,1
-1.8514725187474177,-1.3727687002559763,-0.46353701312847867,-0.3920520512473179,-0.3872056247291097,-0.7599135019161535,0
1.1923353313248095,0.364717969426236,0.26005472349396724,-0.3920520512473179,-0.3872056247291097,-0.6197507249924874,1
-2.068887365181148,-1.4968748909475629,-0.3509157311638957,4.659036116927825,1.3688912579692434,-0.6952229894898461,0
-0.7643982865787651,-0.7522377467980433,-0.46353701312847867,-0.3920520512473179,-0.3872056247291097,-0.7599135019161535,0
0.6487982152404833,2.226310829800035,0.6626758065173514,-0.3920520512473179,-0.3872056247291097,-0.5011514522109238,1
-0.7643982865787651,-0.7522377467980433,-0.0876634845716829,-0.3920520512473179,-0.3872056247291097,-0.40411568357146266,1
-0.7643982865787651,-0.7522377467980433,-0.46353701312847867,-0.3920520512473179,-0.3872056247291097,-0.7599135019161535,0
1.1923353313248095,0.364717969426236,-0.46353701312847867,-0.3920520512473179,-0.3872056247291097,-0.7599135019161535,0
0.10526109915615703,-0.25581298403169694,-0.46353701312847867,-0.3920520512473179,-0.3872056247291097,-0.6952229894898461,1
0.10526109915615703,-0.25581298403169694,-0.0876634845716829,-0.3920520512473179,-0.3872056247291097,1.083766102233608,1
1.1923353313248095,0.364717969426236,-0.0876634845716829,-0.3920520512473179,-0.3872056247291097,-0.7599135019161535,0
-0.7643982865787651,-0.7522377467980433,-0.23970221522386997,-0.3920520512473179,-0.3872056247291097,-0.7599135019161535,1
-0.7643982865787651,-0.7522377467980433,-0.0017897570736884307,-0.3920520512473179,-0.3872056247291097,-0.7599135019161535,1
-0.43827601692816925,0.985248922884169,0.49937494766870605,-0.3920520512473179,-0.3872056247291097,-0.7599135019161535,1
1.1923353313248095,0.364717969426236,-0.01868294936837577,-0.3920520512473179,-0.3872056247291097,1.9247427637756045,1
1.1923353313248095,0.364717969426236,-0.40581860612162984,3.648818483292797,5.23230439990562,1.3856551602230427,0
0.10526109915615703,-0.25581298403169694,-0.42411956444087456,-0.3920520512473179,-0.3872056247291097,-0.7491317498451022,0
0.10526109915615703,-0.25581298403169694,-0.08907125059624016,1.325317925932231,1.4040131956232103,1.7522347306387847,0
-1.8514725187474177,-1.3727687002559763,-0.46353701312847867,-0.3920520512473179,-0.3872056247291097,-0.4364609397846164,1
1.1923353313248095,0.364717969426236,-0.46353701312847867,1.325317925932231,2.00108613574065,0.6956230276757635,0
1.1923353313248095,0.364717969426236,-0.46353701312847867,-0.3920520512473179,-0.3872056247291097,-0.7599135019161535,1
-0.7643982865787651,-0.7522377467980433,-0.31712934657452074,0.6181655823877108,0.3854770036581656,-0.2639529066477966,0
-0.11215374727757349,4.832540834323353,2.2393737540215137,-0.3920520512473179,-0.3872056247291097,-0.7599135019161535,1
-0.9818131330124955,-0.8763439374896299,-0.46353701312847867,-0.3920520512473179,-0.3872056247291097,-0.16691713800833546,1
-0.8731057097956303,0.48882416011782265,0.6612680404927942,-0.3920520512473179,-0.3872056247291097,-0.048317865226771874,1
0.10526109915615703,-0.25581298403169694,-0.3002361542798333,-0.3920520512473179,-0.3872056247291097,1.6551989619993235,1
-0.329568593711304,4.336116071557007,1.7860730941140668,-0.3920520512473179,-0.3872056247291097,-0.7599135019161535,1
1.1923353313248095,0.364717969426236,-0.0876634845716829,-0.19000852452031217,-0.10623012349737321,-0.6736594853477436,0
1.1923353313248095,0.364717969426236,-0.46353701312847867,-0.2405194062020636,-0.17647399880530734,-0.6844412374187948,0
-2.503717058048609,-1.745087272330736,-0.46353701312847867,-0.3920520512473179,-0.3872056247291097,-0.7599135019161535,1
1.1923353313248095,0.364717969426236,-0.0876634845716829,-0.2405194062020636,-0.17647399880530734,-0.5874054687793338,0
0.10526109915615703,-0.25581298403169694,-0.0876634845716829,-0.08898676115680931,-0.07110818584340615,0.6632777714626098,0
0.10526109915615703,-0.25581298403169694,-0.46353701312847867,-0.2405194062020636,-0.2291569052862579,-0.2962981628609503,0
0.10526109915615703,-0.25581298403169694,-0.42411956444087456,-0.3920520512473179,-0.3872056247291097,1.7953617389229897,1
-0.7643982865787651,-0.7522377467980433,-0.46353701312847867,-0.3920520512473179,-0.3872056247291097,-0.7599135019161535,1
1.1923353313248095,0.364717969426236,-0.0876634845716829,-0.3920520512473179,-0.3872056247291097,-0.7599135019161535,0
-2.068887365181148,-1.4968748909475629,-0.3509157311638957,-0.3920520512473179,-0.3872056247291097,-0.5011514522109238,1
-0.7643982865787651,-0.7522377467980433,-0.2382944491993127,-0.3920520512473179,-0.3872056247291097,0.8357858045994295,1
0.10526109915615703,-0.25581298403169694,-0.08907125059624016,-0.3920520512473179,-0.3872056247291097,-0.30707991493200154,0
0.10526109915615703,-0.25581298403169694,-0.0876634845716829,1.224296162568728,1.2986473826613092,-0.6089689729214361,0
0.21396852237302227,1.7298860670336886,0.2882100439851129,-0.3920520512473179,-0.3872056247291097,-0.7599135019161535,1
-1.7790009032695073,0.24061177873464945,1.9395195907908112,-0.3920520512473179,-0.3872056247291097,-0.7599135019161535,1
-0.7643982865787651,-0.7522377467980433,-0.0876634845716829,-0.3920520512473179,-0.3872056247291097,-0.39333393150041146,1
0.10526109915615703,-0.25581298403169694,-0.35654679526212485,-0.291030287883815,-0.28183981176720857,-0.7491317498451022,0
1.1923353313248095,0.364717969426236,0.17558876202052978,-0.3920520512473179,-0.3872056247291097,-0.7599135019161535,0
1.1923353313248095,0.364717969426236,-0.37625551960592685,-0.3920520512473179,-0.3872056247291097,-0.7491317498451022,1
1.1923353313248095,0.364717969426236,-0.46353701312847867,-0.3920520512473179,-0.3872056247291097,0.15653542412320162,1
-0.329568593711304,1.1093551135757556,0.7358796397943304,-0.3920520512473179,-0.3872056247291097,-0.5442784604951287,1
1.1923353313248095,0.364717969426236,-0.46353701312847867,-0.3920520512473179,-0.3872056247291097,0.18888068033635533,1
1.1923353313248095,0.364717969426236,-0.40581860612162984,-0.3920520512473179,-0.3872056247291097,-0.7599135019161535,0
1.1923353313248095,0.364717969426236,0.21219067865901947,-0.3920520512473179,-0.3872056247291097,2.399139854901859,1
-0.329568593711304,1.1093551135757556,0.4472876047600865,-0.3920520512473179,-0.3872056247291097,-0.7599135019161535,1
-0.329568593711304,1.1093551135757556,0.2882100439851129,-0.3920520512473179,-0.3872056247291097,1.0514208460204544,1
0.21396852237302227,1.7298860670336886,1.638257661535552,-0.3920520512473179,-0.3872056247291097,-0.7060047415608973,1
1.1923353313248095,0.364717969426236,-0.46353701312847867,-0.3920520512473179,-0.3872056247291097,0.36138871347317514,1
1.1923353313248095,0.364717969426236,-0.46353701312847867,-0.3920520512473179,-0.3872056247291097,-0.7599135019161535,0
-0.7643982865787651,-0.7522377467980433,-0.1341197633820734,-0.3920520512473179,-0.3872056247291097,1.9355245158466556,1
-0.7643982865787651,-0.7522377467980433,0.16573439984862898,-0.3920520512473179,-0.3872056247291097,0.857349308741532,1
1.1923353313248095,0.364717969426236,-0.46353701312847867,-0.3920520512473179,-0.3872056247291097,-0.7599135019161535,1
-0.7643982865787651,-0.7522377467980433,-0.0876634845716829,-0.3920520512473179,-0.3872056247291097,-0.6305324770635387,1
0.10526109915615703,-0.25581298403169694,-0.16227508387321918,-0.13949764283856073,-0.12379109232435676,-0.13457188179518176,0
0.10526109915615703,-0.25581298403169694,0.21219067865901947,-0.3920520512473179,-0.3872056247291097,0.22122593654950906,1
-0.9818131330124955,-0.8763439374896299,-0.46353701312847867,-0.3920520512473179,-0.3872056247291097,0.3506069614021239,1
0.10526109915615703,-0.25581298403169694,0.21219067865901947,2.5375790862942647,2.6684029511660246,2.032560284486117,0
1.1923353313248095,0.364717969426236,-0.0876634845716829,-0.19000852452031217,-0.10623012349737321,-0.6520959812056412,0
0.10526109915615703,-0.25581298403169694,0.28117121386232635,-0.3920520512473179,-0.3872056247291097,-0.01597260901361816,1
1.1923353313248095,0.364717969426236,-0.08907125059624016,-0.3920520512473179,-0.3872056247291097,-0.06988136936887435,1
-1.8514725187474177,-1.3727687002559763,-0.013051885270146741,-0.3920520512473179,-0.3872056247291097,0.32904345726002143,0
-0.7643982865787651,-0.7522377467980433,-0.46353701312847867,-0.3920520512473179,-0.3872056247291097,-0.6197507249924874,1
-2.068887365181148,-1.4968748909475629,0.21219067865901947,-0.3920520512473179,-0.3872056247291097,-0.7599135019161535,0
-1.8514725187474177,-1.3727687002559763,-0.0876634845716829,-0.3920520512473179,-0.3872056247291097,-0.7491317498451022,1
0.10526109915615703,-0.25581298403169694,-0.46353701312847867,1.4768505709774848,1.5620619150660622,-0.5227149563530263,0
-2.068887365181148,-1.4968748909475629,-0.0876634845716829,-0.3920520512473179,-0.3872056247291097,1.7414529785677335,0
1.1923353313248095,0.364717969426236,-0.31290604850084885,0.5676547007059594,0.9474280061216386,-0.33942517114515525,0
-0.7643982865787651,-0.7522377467980433,0.20374408251167567,-0.291030287883815,-0.3099373618903822,-0.6952229894898461,0
1.1923353313248095,0.364717969426236,-0.21717795883095334,0.012035002206693575,0.1747453777343633,0.4152974738284313,0
0.10526109915615703,-0.25581298403169694,-0.15242072170131812,-0.3920520512473179,-0.3872056247291097,0.5123332424678925,1
0.10526109915615703,-0.25581298403169694,-0.0876634845716829,-0.3920520512473179,-0.3872056247291097,-0.6628777332766924,0
-0.329568593711304,1.1093551135757556,0.6626758065173514,-0.3920520512473179,-0.3872056247291097,-0.6520959812056412,1
-0.9818131330124955,-0.8763439374896299,-0.3734399875568123,-0.3920520512473179,-0.3872056247291097,1.040639093949403,1
-0.7643982865787651,-0.7522377467980433,-0.31290604850084885,-0.3920520512473179,-0.3872056247291097,0.6417142673205073,0
0.10526109915615703,-0.25581298403169694,-0.38329434972871324,-0.3920520512473179,-0.3872056247291097,1.1915836229441203,1
-2.503717058048609,-1.745087272330736,-0.46353701312847867,-0.3920520512473179,-0.3872056247291097,-0.7599135019161535,1
1.1923353313248095,0.364717969426236,-0.0017897570736884307,-0.3920520512473179,-0.3872056247291097,-0.7599135019161535,1
0.10526109915615703,-0.25581298403169694,-0.46353701312847867,-0.3920520512473179,-0.3872056247291097,-0.7599135019161535,0
1.1923353313248095,0.364717969426236,-0.46353701312847867,-0.3920520512473179,-0.3872056247291097,-0.738349997774051,0
1.1923353313248095,0.364717969426236,0.21219067865901947,-0.3920520512473179,-0.3872056247291097,2.3667945986887053,1
1.1923353313248095,0.364717969426236,-0.0876634845716829,1.8809376244314968,2.7737687641279254,-0.738349997774051,0
-0.7643982865787651,-0.7522377467980433,-0.26363423764134386,-0.3920520512473179,-0.3872056247291097,-0.7599135019161535,1
-0.7643982865787651,-0.7522377467980433,-0.3509157311638957,-0.3920520512473179,-0.3872056247291097,-0.7491317498451022,1
0.10526109915615703,-0.25581298403169694,0.21219067865901947,-0.13949764283856073,-0.12379109232435676,0.814222300457327,0
-2.503717058048609,-1.745087272330736,-0.2382944491993127,-0.3920520512473179,-0.3872056247291097,-0.7599135019161535,1
0.6487982152404833,2.226310829800035,0.2882100439851129,-0.3920520512473179,-0.3872056247291097,-0.7599135019161535,1
0.10526109915615703,-0.25581298403169694,-0.0876634845716829,-0.3920520512473179,-0.3872056247291097,0.2966982010468677,1
0.10526109915615703,-0.25581298403169694,0.28680227796055563,-0.3920520512473179,-0.3872056247291097,-0.4472426918556676,1
1.1923353313248095,0.364717969426236,-0.0876634845716829,-0.3920520512473179,-0.3872056247291097,0.32904345726002143,1
0.6487982152404833,2.226310829800035,0.28680227796055563,-0.3920520512473179,-0.3872056247291097,1.9678697720598093,1
0.21396852237302227,1.7298860670336886,0.19952078443800367,-0.3920520512473179,-0.3872056247291097,0.8034405483862759,1
-0.43827601692816925,0.985248922884169,0.43743324258818544,-0.3920520512473179,-0.3872056247291097,-0.7599135019161535,1
0.10526109915615703,-0.25581298403169694,-0.0876634845716829,2.2345137962037565,2.3523055122803207,-0.2962981628609503,0
-2.503717058048609,-1.745087272330736,0.5134526079142788,-0.3920520512473179,-0.3872056247291097,-0.7599135019161535,0
0.10526109915615703,3.4673727367159013,1.0385493350741473,-0.3920520512473179,-0.3872056247291097,-0.7599135019161535,1
1.1923353313248095,0.364717969426236,-0.46353701312847867,-0.3920520512473179,-0.3872056247291097,-0.27473465871884784,1
-0.7643982865787651,-0.7522377467980433,-0.46353701312847867,-0.3920520512473179,-0.3872056247291097,0.02715439927058679,0
-0.9818131330124955,-0.8763439374896299,-0.46353701312847867,-0.3920520512473179,-0.3872056247291097,-0.6736594853477436,1
1.1923353313248095,0.364717969426236,-0.0876634845716829,1.0222526358417223,1.5796228838930455,-0.33942517114515525,0
1.1923353313248095,0.364717969426236,-0.46353701312847867,-0.3920520512473179,-0.3872056247291097,-0.21004414629254042,0
1.1923353313248095,0.364717969426236,-0.34950796513933846,0.06254588388844498,0.2449892530422974,-0.7599135019161535,0
0.10526109915615703,3.4673727367159013,1.5650538282585726,-0.3920520512473179,-0.3872056247291097,-0.7599135019161535,1
-0.7643982865787651,-0.7522377467980433,-0.46353701312847867,-0.3920520512473179,-0.3872056247291097,-0.7599135019161535,1
-1.8514725187474177,-1.3727687002559763,-0.3875176478023851,-0.3920520512473179,-0.3872056247291097,-0.7599135019161535,1
0.10526109915615703,-0.25581298403169694,-0.0876634845716829,2.2345137962037565,2.3523055122803207,-0.5658419646372312,0
1.1923353313248095,0.364717969426236,-0.46353701312847867,-0.3920520512473179,-0.3872056247291097,-0.7599135019161535,0
1.1923353313248095,0.364717969426236,-0.46353701312847867,-0.3920520512473179,-0.3872056247291097,-0.7599135019161535,0
-0.7643982865787651,-0.7522377467980433,-0.46353701312847867,-0.3920520512473179,-0.3872056247291097,-0.7599135019161535,0
1.1923353313248095,0.364717969426236,-0.0876634845716829,4.6085252352460735,6.5669380307563685,-0.37177042735830895,0
-0.9818131330124955,-0.8763439374896299,-0.0876634845716829,4.659036116927825,3.1249881406675963,-0.16691713800833546,0
0.10526109915615703,-0.25581298403169694,-0.46353701312847867,1.375828807613982,1.4566961021041611,-0.7599135019161535,0
-0.7643982865787651,-0.7522377467980433,-0.46353701312847867,0.6686764640694621,0.4241111350775293,0.6740595235336609,0
-0.7643982865787651,-0.7522377467980433,-0.46353701312847867,-0.3920520512473179,-0.3872056247291097,-0.37177042735830895,1
-0.7643982865787651,-0.7522377467980433,-0.31290604850084885,2.386046441249011,1.7376716033358972,-0.7060047415608973,0
-0.8731057097956303,0.48882416011782265,0.2882100439851129,-0.3920520512473179,-0.3872056247291097,-0.5119332042819751,1
-0.6556908633618997,3.5914789274074876,2.540635683276773,-0.3920520512473179,-0.3872056247291097,2.3236675904045003,1
-0.7643982865787651,-0.7522377467980433,-0.20450806460993778,-0.3920520512473179,-0.3872056247291097,1.0190755898073005,1
1.1923353313248095,0.364717969426236,-0.46353701312847867,-0.3920520512473179,-0.3872056247291097,-0.13457188179518176,1
-0.7643982865787651,-0.7522377467980433,-0.40159530804795807,-0.3920520512473179,-0.3872056247291097,-0.7599135019161535,1
0.10526109915615703,-0.25581298403169694,-0.46353701312847867,0.7696982274329651,0.824501224332754,-0.7275682457029998,0
-0.7643982865787651,-0.7522377467980433,-0.0876634845716829,-0.3920520512473179,-0.3872056247291097,-0.7599135019161535,1
1.1923353313248095,0.364717969426236,-0.46353701312847867,-0.3920520512473179,-0.3872056247291097,-0.7599135019161535,0
0.10526109915615703,-0.25581298403169694,-0.32979924079553635,0.6686764640694621,0.7191354113708527,1.1915836229441203,0
1.1923353313248095,0.364717969426236,-0.0876634845716829,-0.3920520512473179,-0.3872056247291097,-0.36098867528725775,0
-2.503717058048609,-1.745087272330736,-0.46353701312847867,-0.3920520512473179,-0.3872056247291097,0.15653542412320162,1
0.10526109915615703,-0.25581298403169694,-0.28756626005881775,-0.3920520512473179,-0.3872056247291097,-0.7599135019161535,0
-0.7643982865787651,-0.7522377467980433,-0.16227508387321918,-0.3920520512473179,-0.3872056247291097,-0.42567918771356517,1
0.10526109915615703,-0.25581298403169694,0.9709765658953974,4.6085252352460735,4.828402116884998,2.3775763507597563,0
-0.329568593711304,1.1093551135757556,0.6626758065173514,-0.3920520512473179,-0.3872056247291097,-0.7060047415608973,1
1.1923353313248095,0.364717969426236,0.21219067865901947,0.5171438190242078,0.8771841308137045,-0.39333393150041146,0
-0.43827601692816925,0.985248922884169,0.6626758065173514,-0.3920520512473179,-0.3872056247291097,1.3209646477967352,1
-0.7643982865787651,-0.7522377467980433,-0.46353701312847867,-0.3920520512473179,-0.3872056247291097,-0.7599135019161535,1
1.1923353313248095,0.364717969426236,0.21219067865901947,-0.3920520512473179,-0.3872056247291097,-0.7599135019161535,0
0.10526109915615703,-0.25581298403169694,0.21219067865901947,3.3457531932022877,3.511329454861234,0.12419016791004792,0
1.1923353313248095,0.364717969426236,-0.46353701312847867,3.1942205481570336,4.600109522134212,-0.55506021256618,0
-0.7643982865787651,-0.7522377467980433,-0.46353701312847867,0.11305676557019646,-0.0008643105354720518,-0.7491317498451022,0
1.1923353313248095,0.364717969426236,-0.37625551960592685,-0.3920520512473179,-0.3872056247291097,-0.7599135019161535,1
-2.503717058048609,-1.745087272330736,-0.46353701312847867,-0.3920520512473179,-0.3872056247291097,-0.7599135019161535,0
-0.7643982865787651,-0.7522377467980433,-0.46353701312847867,-0.3920520512473179,-0.3872056247291097,-0.7599135019161535,1
0.10526109915615703,-0.25581298403169694,-0.0876634845716829,2.4365573229307627,2.5630371382041233,2.2589770779781926,0
-0.8731057097956303,0.48882416011782265,0.2882100439851129,-0.3920520512473179,-0.3872056247291097,-0.6736594853477436,1
-0.7643982865787651,-0.7522377467980433,0.00947237112276988,-0.3920520512473179,-0.3872056247291097,1.4719091767914525,1
1.1923353313248095,0.364717969426236,-0.18620710629069306,-0.3920520512473179,-0.3872056247291097,-0.7599135019161535,0
0.10526109915615703,-0.25581298403169694,1.5636460622340156,1.375828807613982,1.4566961021041611,-0.36098867528725775,0
1.1923353313248095,0.364717969426236,-0.08907125059624016,-0.3920520512473179,-0.3872056247291097,2.3021040862623976,1
-1.8514725187474177,-1.3727687002559763,-0.46353701312847867,-0.3920520512473179,-0.3872056247291097,-0.4903697001398726,0
1.1923353313248095,0.364717969426236,0.21219067865901947,-0.3920520512473179,-0.3872056247291097,-0.4364609397846164,1
-2.1775947883980136,-1.0004501281812166,1.0315105049513607,-0.3920520512473179,-0.3872056247291097,-0.7599135019161535,1
-0.7643982865787651,-0.7522377467980433,-0.32979924079553635,-0.03847587947505783,-0.11676670479356335,-0.5981872208503849,0
0.6487982152404833,2.226310829800035,1.0385493350741473,-0.3920520512473179,-0.3872056247291097,-0.7599135019161535,1
1.1923353313248095,0.364717969426236,0.04748205378581684,1.8809376244314968,2.7737687641279254,-0.5981872208503849,0
1.1923353313248095,0.364717969426236,-0.08907125059624016,-0.3920520512473179,-0.3872056247291097,2.2481953259071417,1
-1.8514725187474177,-1.3727687002559763,-0.28756626005881775,-0.3920520512473179,-0.3872056247291097,-0.7599135019161535,1
-0.9818131330124955,-0.8763439374896299,-0.3030516863289479,-0.3920520512473179,-0.3872056247291097,-0.5766237167082825,0
0.6487982152404833,2.226310829800035,0.6866078289348253,-0.3920520512473179,-0.3872056247291097,1.3748734081519913,1
0.10526109915615703,-0.25581298403169694,-0.15242072170131812,4.6085252352460735,4.828402116884998,-0.45802444392671887,0
-0.329568593711304,1.1093551135757556,0.36282164328664906,-0.3920520512473179,-0.3872056247291097,1.1376748625888642,1
1.1923353313248095,0.364717969426236,-0.0876634845716829,-0.3920520512473179,-0.3872056247291097,1.9355245158466556,1
0.10526109915615703,-0.25581298403169694,0.9414134793796944,-0.3920520512473179,-0.3872056247291097,1.2131471270862229,1
0.10526109915615703,-0.25581298403169694,-0.46353701312847867,0.9212308724782194,0.9825499437756057,-0.32864341907410405,0
0.10526109915615703,-0.25581298403169694,-0.0876634845716829,4.6085252352460735,4.828402116884998,-0.55506021256618,0
-0.7643982865787651,-0.7522377467980433,-0.0876634845716829,-0.3920520512473179,-0.3872056247291097,-0.7599135019161535,0
-0.7643982865787651,-0.7522377467980433,-0.46353701312847867,-0.3920520512473179,-0.3872056247291097,-0.7599135019161535,0
1.1923353313248095,0.364717969426236,0.21219067865901947,-0.3920520512473179,-0.3872056247291097,-0.7599135019161535,1
1.1923353313248095,0.364717969426236,2.4646163179506795,-0.3920520512473179,-0.3872056247291097,-0.09144487351097681,1
-0.7643982865787651,-0.7522377467980433,-0.46353701312847867,-0.3920520512473179,-0.3872056247291097,0.15653542412320162,1
-0.329568593711304,1.1093551135757556,0.4740351592266749,-0.3920520512473179,-0.3872056247291097,-0.55506021256618,1
1.1923353313248095,0.364717969426236,-0.46353701312847867,0.9212308724782194,1.4391351332771776,-0.738349997774051,0
1.1923353313248095,0.364717969426236,-0.23970221522386997,-0.08898676115680931,0.034257627118495,-0.145353633866233,0
-0.43827601692816925,0.985248922884169,0.2882100439851129,-0.3920520512473179,-0.3872056247291097,-0.7599135019161535,1
-2.068887365181148,-1.4968748909475629,-0.2382944491993127,-0.3920520512473179,-0.3872056247291097,-0.7599135019161535,1
0.21396852237302227,1.7298860670336886,0.6626758065173514,-0.3920520512473179,-0.3872056247291097,-0.7599135019161535,1
1.1923353313248095,0.364717969426236,-0.46353701312847867,-0.3920520512473179,-0.3872056247291097,0.08106315962584297,0
-0.7643982865787651,-0.7522377467980433,-0.46353701312847867,0.41612205566070504,0.2309404779807106,-0.15613538593728424,0
-2.068887365181148,-1.4968748909475629,-0.46353701312847867,-0.3920520512473179,-0.3872056247291097,-0.7599135019161535,1
-0.9093415175345854,1.7298860670336886,2.1647621547199773,-0.3920520512473179,-0.3872056247291097,-0.7599135019161535,1
0.6487982152404833,2.226310829800035,0.2882100439851129,-0.3920520512473179,-0.3872056247291097,-0.6844412374187948,1
0.6487982152404833,2.226310829800035,0.3656371753357638,-0.3920520512473179,-0.3872056247291097,1.5150361850756575,1
-0.7643982865787651,-0.7522377467980433,0.21219067865901947,-0.3920520512473179,-0.3872056247291097,0.45842448211263626,1
-0.7643982865787651,-0.7522377467980433,-0.46353701312847867,1.0727635175234735,0.7331841864324395,1.9786515241308607,0
0.21396852237302227,1.7298860670336886,0.2882100439851129,-0.3920520512473179,-0.3872056247291097,-0.45802444392671887,1
-0.7643982865787651,-0.7522377467980433,-0.46353701312847867,-0.3920520512473179,-0.3872056247291097,-0.7599135019161535,1
0.10526109915615703,-0.25581298403169694,-0.46353701312847867,-0.3920520512473179,-0.3872056247291097,-0.7599135019161535,1
-0.7643982865787651,-0.7522377467980433,-0.46353701312847867,-0.3920520512473179,-0.3872056247291097,-0.7599135019161535,0
1.1923353313248095,0.364717969426236,-0.11863433711194318,-0.3920520512473179,-0.3872056247291097,-0.7599135019161535,0
-2.503717058048609,-1.745087272330736,-0.0876634845716829,-0.3920520512473179,-0.3872056247291097,-0.7599135019161535,0
1.1923353313248095,0.364717969426236,-0.46353701312847867,-0.3920520512473179,-0.3872056247291097,-0.7599135019161535,0
0.10526109915615703,-0.25581298403169694,0.3895691977532377,-0.3920520512473179,-0.3872056247291097,1.2562741353704279,1
-0.7643982865787651,-0.7522377467980433,-0.46353701312847867,-0.3920520512473179,-0.3872056247291097,-0.24238940250569413,0
0.10526109915615703,-0.25581298403169694,-0.0876634845716829,-0.3920520512473179,-0.3872056247291097,-0.7599135019161535,0
-0.8731057097956303,0.48882416011782265,0.2882100439851129,-0.3920520512473179,-0.3872056247291097,0.4045157217573801,1
0.6487982152404833,2.226310829800035,0.43743324258818544,-0.3920520512473179,-0.3872056247291097,2.043342036557168,1
0.10526109915615703,-0.25581298403169694,-0.16227508387321918,-0.291030287883815,-0.28183981176720857,2.4314851111150126,0
0.10526109915615703,-0.25581298403169694,-0.46353701312847867,-0.3920520512473179,-0.3872056247291097,1.5797266975019648,0
-1.8514725187474177,-1.3727687002559763,-0.46353701312847867,-0.3920520512473179,-0.3872056247291097,-0.7599135019161535,0
0.10526109915615703,-0.25581298403169694,-0.0876634845716829,1.6283832160227394,1.7201106345089139,-0.4688061959977701,0
-0.7643982865787651,-0.7522377467980433,-0.0876634845716829,-0.08898676115680931,-0.1554008362129271,-0.5981872208503849,0
1.1923353313248095,0.364717969426236,-0.6254301059525668,-0.291030287883815,-0.24671787411324145,-0.7599135019161535,0
1.1923353313248095,0.364717969426236,0.21219067865901947,-0.3920520512473179,-0.3872056247291097,-0.7599135019161535,0
0.10526109915615703,-0.25581298403169694,-0.46353701312847867,-0.3920520512473179,-0.3872056247291097,-0.32864341907410405,1
1.1923353313248095,0.364717969426236,-0.46353701312847867,-0.3920520512473179,-0.3872056247291097,1.8708340034203483,1
0.10526109915615703,-0.25581298403169694,-0.31712934657452074,-0.3920520512473179,-0.3872056247291097,1.0622025980915055,1
-0.329568593711304,1.1093551135757556,0.5810253770930287,-0.3920520512473179,-0.3872056247291097,-0.7599135019161535,1
0.10526109915615703,-0.25581298403169694,-0.46353701312847867,-0.3920520512473179,-0.3872056247291097,-0.7599135019161535,0
1.1923353313248095,0.364717969426236,-0.46353701312847867,-0.3920520512473179,-0.3872056247291097,2.5716478880386786,1
1.1923353313248095,0.364717969426236,-0.46353701312847867,-0.3920520512473179,-0.3872056247291097,-0.7599135019161535,1
-0.7643982865787651,-0.7522377467980433,0.21219067865901947,-0.3920520512473179,-0.3872056247291097,1.1161113584467617,1
1.1923353313248095,0.364717969426236,-0.0876634845716829,-0.3920520512473179,-0.3872056247291097,0.0594996554837405,1
-0.7643982865787651,-0.7522377467980433,-0.46353701312847867,0.5171438190242078,0.3082087408194381,2.3344493424755512,0
-1.8514725187474177,-1.3727687002559763,-0.3875176478023851,-0.3920520512473179,-0.3872056247291097,1.9570880199887581,1
1.1923353313248095,0.364717969426236,-0.46353701312847867,0.36561117397895354,0.6664525048899022,1.633635457857221,0
-0.7643982865787651,-0.7522377467980433,-0.31712934657452074,-0.3920520512473179,-0.3872056247291097,1.9678697720598093,1
0.6487982152404833,2.226310829800035,3.514809772270416,-0.3920520512473179,-0.3872056247291097,1.2131471270862229,1
-0.7643982865787651,-0.7522377467980433,-0.46353701312847867,1.0222526358417223,0.6945500550130758,1.9570880199887581,0
-2.068887365181148,-1.4968748909475629,-0.0876634845716829,-0.3920520512473179,-0.3872056247291097,-0.7060047415608973,1
-0.7643982865787651,-0.7522377467980433,-0.3875176478023851,-0.3920520512473179,-0.3872056247291097,-0.7599135019161535,0
0.10526109915615703,-0.25581298403169694,-0.2382944491993127,2.3355355595672593,2.457671325242222,0.04871790341268926,0
0.10526109915615703,-0.25581298403169694,-0.21717795883095334,-0.3920520512473179,-0.3872056247291097,-0.39333393150041146,0
-0.7643982865787651,-0.7522377467980433,-0.21717795883095334,-0.3920520512473179,-0.3872056247291097,-0.7275682457029998,0
0.10526109915615703,-0.25581298403169694,1.5636460622340156,1.123274399205225,1.1932815696994081,0.16731717619425288,0
1.1923353313248095,0.364717969426236,-0.46353701312847867,-0.3920520512473179,-0.3872056247291097,0.5554602507520974,1
0.10526109915615703,-0.25581298403169694,-0.08907125059624016,-0.3920520512473179,-0.3872056247291097,-0.7599135019161535,1
-0.9093415175345854,1.7298860670336886,1.4144228636309433,-0.3920520512473179,-0.3872056247291097,-0.7599135019161535,1
0.21396852237302227,1.7298860670336886,0.2882100439851129,-0.3920520512473179,-0.3872056247291097,-0.7599135019161535,1
-2.503717058048609,-1.745087272330736,0.21219067865901947,1.9819593877949992,0.10801369619182585,-0.36098867528725775,0
1.1923353313248095,0.364717969426236,-0.0876634845716829,-0.3920520512473179,-0.3872056247291097,-0.5874054687793338,1
1.1923353313248095,0.364717969426236,-0.46353701312847867,-0.3920520512473179,-0.3872056247291097,-0.7599135019161535,0
-0.7643982865787651,-0.7522377467980433,-0.3875176478023851,-0.3920520512473179,-0.3872056247291097,-0.7599135019161535,0
1.1923353313248095,0.364717969426236,-0.46353701312847867,-0.3920520512473179,-0.3872056247291097,-0.7599135019161535,0
1.1923353313248095,0.364717969426236,-0.14256635952941707,1.8809376244314968,2.7737687641279254,-0.6089689729214361,0
0.10526109915615703,-0.25581298403169694,-0.46353701312847867,-0.3920520512473179,-0.3872056247291097,-0.7599135019161535,1
1.1923353313248095,0.364717969426236,-0.46353701312847867,0.6181655823877108,1.0176718814295727,1.2886193915835815,0
-0.8731057097956303,3.0950541646411414,2.236558221972399,-0.3920520512473179,-0.3872056247291097,-0.7599135019161535,1
1.1923353313248095,0.364717969426236,-0.0876634845716829,1.9819593877949992,2.9142565147437938,-0.2639529066477966,0
-0.7643982865787651,-0.7522377467980433,-0.0876634845716829,1.2748070442504795,0.8877207121098947,1.719889474425631,0
0.10526109915615703,-0.25581298403169694,-0.27067306776413025,-0.3920520512473179,-0.3872056247291097,-0.7599135019161535,0
0.10526109915615703,-0.25581298403169694,0.21219067865901947,-0.3920520512473179,-0.3872056247291097,2.1188143010545266,0
-0.6013371517534671,3.7155851180990744,2.090150555418441,-0.3920520512473179,-0.3872056247291097,-0.7599135019161535,1
1.1923353313248095,0.364717969426236,-0.2382944491993127,-0.3920520512473179,-0.3872056247291097,0.814222300457327,1
1.1923353313248095,0.364717969426236,-0.4170807343180882,-0.3920520512473179,-0.3872056247291097,0.9759485815230956,1
1.1923353313248095,0.364717969426236,-0.12426540121017235,-0.3920520512473179,-0.3872056247291097,1.8492704992782458,0
1.1923353313248095,0.364717969426236,0.16573439984862898,-0.3920520512473179,-0.3872056247291097,2.0217785324150657,1
1.1923353313248095,0.364717969426236,-0.46353701312847867,-0.3920520512473179,-0.3872056247291097,-0.7599135019161535,0
-0.329568593711304,1.1093551135757556,0.2882100439851129,-0.3920520512473179,-0.3872056247291097,-0.7599135019161535,1
-0.18462536275548366,2.9709479739495546,1.0385493350741473,-0.3920520512473179,-0.3872056247291097,-0.5334967084240775,1
1.1923353313248095,0.364717969426236,-0.46353701312847867,0.9212308724782194,1.4391351332771776,-0.06988136936887435,0
1.1923353313248095,0.364717969426236,-0.46353701312847867,-0.3920520512473179,-0.3872056247291097,-0.7491317498451022,0
0.21396852237302227,1.7298860670336886,1.0385493350741473,-0.3920520512473179,-0.3872056247291097,-0.7599135019161535,1
1.1923353313248095,0.364717969426236,-0.08907125059624016,-0.3920520512473179,-0.3872056247291097,-0.7599135019161535,0
1.1923353313248095,0.364717969426236,0.0319966275156865,-0.3920520512473179,-0.3872056247291097,-0.5658419646372312,1
-0.7643982865787651,-0.7522377467980433,-0.46353701312847867,-0.3920520512473179,-0.3872056247291097,-0.7599135019161535,1
0.21396852237302227,1.7298860670336886,0.47544292525123216,-0.3920520512473179,-0.3872056247291097,0.2427894406916115,1
1.1923353313248095,0.364717969426236,-0.46353701312847867,-0.3920520512473179,-0.3872056247291097,-0.7599135019161535,0
1.1923353313248095,0.364717969426236,-0.0876634845716829,0.26458941061545077,0.525964754274034,0.5123332424678925,0
-0.7643982865787651,-0.7522377467980433,-0.46353701312847867,-0.3920520512473179,-0.3872056247291097,-0.7599135019161535,0
0.10526109915615703,-0.25581298403169694,-0.0876634845716829,-0.291030287883815,-0.28183981176720857,-0.5981872208503849,0
0.10526109915615703,-0.25581298403169694,-0.38329434972871324,-0.3920520512473179,-0.3872056247291097,1.7522347306387847,0
1.1923353313248095,0.364717969426236,0.16854993189774348,-0.3920520512473179,-0.3872056247291097,-0.738349997774051,0
-0.7643982865787651,-0.7522377467980433,-0.46353701312847867,-0.3920520512473179,-0.3872056247291097,-0.6736594853477436,0
-0.7643982865787651,-0.7522377467980433,-0.024314013466605052,2.1334920328402536,1.5445009462390786,-0.5119332042819751,0
1.1923353313248095,0.364717969426236,-0.2382944491993127,-0.3920520512473179,-0.3872056247291097,-0.3178616670030528,1
-1.8514725187474177,-1.3727687002559763,-0.46353701312847867,3.547796719929294,1.2565010574765487,-0.6628777332766924,0
1.1923353313248095,0.364717969426236,-0.46353701312847867,-0.3920520512473179,-0.3872056247291097,-0.7599135019161535,0
-2.1775947883980136,-1.0004501281812166,0.2882100439851129,-0.3920520512473179,-0.3872056247291097,2.0541237886282193,1
-0.7643982865787651,-0.7522377467980433,-0.08907125059624016,-0.3920520512473179,-0.3872056247291097,-0.7599135019161535,1
1.1923353313248095,0.364717969426236,-0.2382944491993127,-0.3920520512473179,-0.3872056247291097,1.8816157554913995,1
0.6487982152404833,2.226310829800035,0.28680227796055563,-0.3920520512473179,-0.3872056247291097,-0.7599135019161535,1
0.10526109915615703,-0.25581298403169694,-0.46353701312847867,-0.3920520512473179,-0.3872056247291097,-0.7599135019161535,1
-1.8514725187474177,-1.3727687002559763,-0.46353701312847867,1.577872334340988,0.43464771637371946,0.3829522176152776,0
1.1923353313248095,0.364717969426236,-0.42411956444087456,-0.3920520512473179,-0.3872056247291097,1.4611274247204014,1
-0.329568593711304,1.1093551135757556,0.8400543256115697,-0.3920520512473179,-0.3872056247291097,-0.7599135019161535,1
1.1923353313248095,0.364717969426236,-0.3734399875568123,-0.3920520512473179,-0.3872056247291097,-0.7599135019161535,0
-0.7643982865787651,-0.7522377467980433,0.05170535185948861,-0.3920520512473179,-0.3872056247291097,-0.7599135019161535,1
0.10526109915615703,-0.25581298403169694,-0.46353701312847867,-0.3920520512473179,-0.3872056247291097,1.9570880199887581,1
-0.7643982865787651,-0.7522377467980433,-0.46353701312847867,-0.3920520512473179,-0.3872056247291097,0.16731717619425288,0
-0.7643982865787651,-0.7522377467980433,-0.46353701312847867,1.9314485061132483,1.3899644205616237,0.1780989282653041,0
0.10526109915615703,-0.25581298403169694,-0.0876634845716829,1.6283832160227394,1.7201106345089139,1.2562741353704279,0
0.6487982152404833,2.226310829800035,1.0385493350741473,-0.3920520512473179,-0.3872056247291097,0.9328215732388907,1
-0.7643982865787651,-0.7522377467980433,-0.16227508387321918,-0.3920520512473179,-0.3872056247291097,-0.7491317498451022,1
0.10526109915615703,-0.25581298403169694,-0.14256635952941707,-0.3920520512473179,-0.3872056247291097,-0.7599135019161535,1
-2.503717058048609,-1.745087272330736,0.21219067865901947,3.951883773383305,0.5189403667432404,-0.5766237167082825,0
-0.9818131330124955,-0.8763439374896299,-0.0876634845716829,0.5171438190242078,0.2449892530422974,0.10262666376794545,0
-0.8731057097956303,0.48882416011782265,1.3384034983048494,-0.3920520512473179,-0.3872056247291097,0.3182617051889702,1
-0.7643982865787651,-0.7522377467980433,-0.20450806460993778,-0.3920520512473179,-0.3872056247291097,-0.7599135019161535,0
0.10526109915615703,-0.25581298403169694,-0.0876634845716829,-0.3920520512473179,-0.3872056247291097,-0.005190856942566924,1
-0.7643982865787651,-0.7522377467980433,-0.28615849403426047,-0.3920520512473179,-0.3872056247291097,-0.7599135019161535,0
0.6487982152404833,2.226310829800035,1.1610249792106313,-0.3920520512473179,-0.3872056247291097,-0.7599135019161535,1
-0.7643982865787651,-0.7522377467980433,-0.46353701312847867,1.0222526358417223,0.6945500550130758,1.9139610117045531,0
-1.8514725187474177,-1.3727687002559763,-0.46353701312847867,-0.3920520512473179,-0.3872056247291097,-0.7599135019161535,0
-0.7643982865787651,-0.7522377467980433,0.2994721721815712,-0.3920520512473179,-0.3872056247291097,-0.5227149563530263,1
-0.7643982865787651,-0.7522377467980433,-0.46353701312847867,-0.3920520512473179,-0.3872056247291097,-0.7599135019161535,1
-0.329568593711304,1.1093551135757556,0.9625299697480538,-0.3920520512473179,-0.3872056247291097,1.6875442182124771,1
1.1923353313248095,0.364717969426236,0.13898684538204034,-0.3920520512473179,-0.3872056247291097,-0.7599135019161535,1
1.1923353313248095,0.364717969426236,-0.46353701312847867,-0.08898676115680931,0.034257627118495,1.7306712264966821,0
-1.8514725187474177,-1.3727687002559763,-0.08907125059624016,1.375828807613982,0.3503550660041986,2.40992160697291,0
1.1923353313248095,0.364717969426236,-0.12004210313650057,-0.3920520512473179,-0.3872056247291097,-0.7599135019161535,0
0.10526109915615703,-0.25581298403169694,-0.46353701312847867,-0.3920520512473179,-0.3872056247291097,0.22122593654950906,1
0.6487982152404833,2.226310829800035,0.2882100439851129,-0.3920520512473179,-0.3872056247291097,1.6659807140703748,1
0.10526109915615703,-0.25581298403169694,-0.0876634845716829,1.2748070442504795,1.3513302891422598,-0.5874054687793338,0
0.10526109915615703,-0.25581298403169694,0.15869556972584245,2.0324702694767507,2.1415738863565186,-0.6844412374187948,0
0.21396852237302227,1.7298860670336886,0.3811226016058939,-0.3920520512473179,-0.3872056247291097,-0.7599135019161535,1
0.10526109915615703,-0.25581298403169694,-0.0876634845716829,-0.3920520512473179,-0.3872056247291097,-0.7599135019161535,0
-0.9818131330124955,-0.8763439374896299,-0.46353701312847867,-0.3920520512473179,-0.3872056247291097,-0.7599135019161535,1
1.1923353313248095,0.364717969426236,-0.0876634845716829,-0.3920520512473179,-0.3872056247291097,1.4719091767914525,1
0.10526109915615703,-0.25581298403169694,-0.46353701312847867,2.689111731339519,2.8264516706088765,-0.7491317498451022,0
-0.7643982865787651,-0.7522377467980433,-0.2382944491993127,-0.3920520512473179,-0.3872056247291097,-0.7599135019161535,1
-0.7643982865787651,-0.7522377467980433,-0.35654679526212485,-0.3920520512473179,-0.3872056247291097,2.2050683176229366,1
-0.7643982865787651,-0.7522377467980433,-0.46353701312847867,-0.3920520512473179,-0.3872056247291097,-0.13457188179518176,1
-0.7643982865787651,-0.7522377467980433,-0.46353701312847867,4.659036116927825,3.476207517207267,1.9570880199887581,0
1.1923353313248095,0.364717969426236,-0.40159530804795807,-0.3920520512473179,-0.3872056247291097,-0.7599135019161535,0
1.1923353313248095,0.364717969426236,-0.46353701312847867,-0.3920520512473179,-0.3872056247291097,-0.7599135019161535,1
1.1923353313248095,0.364717969426236,-0.42130403239176006,-0.3920520512473179,-0.3872056247291097,-0.7599135019161535,0
1.1923353313248095,0.364717969426236,-0.028537311540276826,-0.3920520512473179,-0.3872056247291097,-0.7599135019161535,1
0.10526109915615703,-0.25581298403169694,-0.5634884008720461,-0.3920520512473179,-0.3872056247291097,0.19966243240740658,1
0.21396852237302227,1.7298860670336886,0.2882100439851129,-0.3920520512473179,-0.3872056247291097,-0.7599135019161535,1
1.1923353313248095,0.364717969426236,-0.40581860612162984,-0.3920520512473179,-0.3872056247291097,-0.7599135019161535,1
-0.9818131330124955,-0.8763439374896299,-0.3875176478023851,0.012035002206693575,-0.10623012349737321,-0.738349997774051,0
0.21396852237302227,1.7298860670336886,0.3600061112375345,-0.3920520512473179,-0.3872056247291097,-0.6736594853477436,1
-0.8731057097956303,0.48882416011782265,0.04325875571214481,-0.3920520512473179,-0.3872056247291097,-0.7060047415608973,1
0.10526109915615703,-0.25581298403169694,-0.31712934657452074,-0.3920520512473179,-0.3872056247291097,2.4638303673281663,0
1.1923353313248095,0.364717969426236,-0.3002361542798333,-0.3920520512473179,-0.3872056247291097,0.04871790341268926,1
1.1923353313248095,0.364717969426236,-0.33683807091832274,-0.3920520512473179,-0.3872056247291097,-0.7599135019161535,0
-1.8514725187474177,-1.3727687002559763,-0.05106156793319345,2.1840029145220052,0.6875256674822825,0.5123332424678925,0
0.10526109915615703,-0.25581298403169694,-0.46353701312847867,-0.3920520512473179,-0.3872056247291097,-0.7599135019161535,0
-0.7643982865787651,-0.7522377467980433,-0.0876634845716829,-0.3920520512473179,-0.3872056247291097,1.8492704992782458,1
1.1923353313248095,0.364717969426236,0.21219067865901947,-0.3920520512473179,-0.3872056247291097,-0.7599135019161535,1
1.1923353313248095,0.364717969426236,-0.3002361542798333,-0.3920520512473179,-0.3872056247291097,-0.7599135019161535,1
1.1923353313248095,0.364717969426236,-0.0876634845716829,-0.3920520512473179,-0.3872056247291097,1.7845799868519383,1
1.1923353313248095,0.364717969426236,-0.42411956444087456,-0.3920520512473179,-0.3872056247291097,-0.7599135019161535,0
0.10526109915615703,-0.25581298403169694,-0.46353701312847867,-0.3920520512473179,-0.3872056247291097,-0.7599135019161535,1
0.10526109915615703,-0.25581298403169694,-0.46353701312847867,-0.3920520512473179,-0.3872056247291097,-0.5119332042819751,0
1.1923353313248095,0.364717969426236,0.21219067865901947,-0.3920520512473179,-0.3872056247291097,-0.6952229894898461,1
-2.503717058048609,-1.745087272330736,-0.46353701312847867,-0.3920520512473179,-0.3872056247291097,1.0622025980915055,1
0.10526109915615703,-0.25581298403169694,-0.46353701312847867,-0.3920520512473179,-0.3872056247291097,-0.7599135019161535,1
0.1777327146340672,3.5914789274074876,1.0385493350741473,-0.3920520512473179,-0.3872056247291097,2.3021040862623976,1
0.21396852237302227,1.7298860670336886,0.28680227796055563,-0.3920520512473179,-0.3872056247291097,0.5446784986810461,1
-1.8514725187474177,-1.3727687002559763,-0.46353701312847867,-0.3920520512473179,-0.3872056247291097,-0.7491317498451022,1
-0.7643982865787651,-0.7522377467980433,-0.46353701312847867,-0.3920520512473179,-0.3872056247291097,1.3533099040098888,1
1.1923353313248095,0.364717969426236,-0.28756626005881775,-0.3920520512473179,-0.3872056247291097,-0.7599135019161535,1
-0.43827601692816925,0.985248922884169,0.7386951718434448,-0.3920520512473179,-0.3872056247291097,-0.5981872208503849,1
-0.7643982865787651,-0.7522377467980433,-0.46353701312847867,4.659036116927825,3.476207517207267,0.5123332424678925,0
-2.068887365181148,-1.4968748909475629,-0.46353701312847867,-0.3920520512473179,-0.3872056247291097,0.5123332424678925,1
0.10526109915615703,-0.25581298403169694,-0.46353701312847867,-0.3920520512473179,-0.3872056247291097,-0.7599135019161535,0
0.10526109915615703,-0.25581298403169694,-0.46353701312847867,-0.3920520512473179,-0.3872056247291097,-0.7599135019161535,1
-0.7643982865787651,-0.7522377467980433,-0.5001389297669682,-0.3920520512473179,-0.3872056247291097,-0.7599135019161535,0
-0.9818131330124955,-0.8763439374896299,-0.46353701312847867,1.577872334340988,0.9825499437756057,-0.7599135019161535,0
1.1923353313248095,0.364717969426236,-0.42411956444087456,-0.3920520512473179,-0.3872056247291097,1.3964369122940938,1
-0.9818131330124955,-0.8763439374896299,-0.31290604850084885,-0.3920520512473179,-0.3872056247291097,-0.5011514522109238,0
0.21396852237302227,1.7298860670336886,3.441605938993437,-0.3920520512473179,-0.3872056247291097,-0.6844412374187948,1
-0.7643982865787651,-0.7522377467980433,-0.46353701312847867,-0.34154116956556646,-0.34857149330974596,-0.5658419646372312,0
-0.7643982865787651,-0.7522377467980433,-0.46353701312847867,-0.19000852452031217,-0.23266909905165464,-0.738349997774051,0
-2.503717058048609,-1.745087272330736,0.21219067865901947,-0.3920520512473179,-0.3872056247291097,-0.7599135019161535,0
1.1923353313248095,0.364717969426236,-0.46353701312847867,-0.3920520512473179,-0.3872056247291097,-0.738349997774051,1
-0.7643982865787651,-0.7522377467980433,-0.37625551960592685,-0.3920520512473179,-0.3872056247291097,-0.7599135019161535,1
0.10526109915615703,-0.25581298403169694,-0.0876634845716829,-0.3920520512473179,-0.3872056247291097,2.183504813480834,1
1.1923353313248095,0.364717969426236,-0.0876634845716829,-0.3920520512473179,-0.3872056247291097,-0.7599135019161535,0
1.1923353313248095,0.364717969426236,-0.3509157311638957,-0.3920520512473179,-0.3872056247291097,1.1268931105178128,0
-0.7643982865787651,-0.7522377467980433,-0.46353701312847867,-0.3920520512473179,-0.3872056247291097,-0.7599135019161535,0
1.1923353313248095,0.364717969426236,-0.46353701312847867,-0.3920520512473179,-0.3872056247291097,-0.7599135019161535,1
-1.8514725187474177,-1.3727687002559763,-0.46353701312847867,-0.3920520512473179,-0.3872056247291097,1.0190755898073005,1
1.1923353313248095,0.364717969426236,-0.0876634845716829,-0.3920520512473179,-0.3872056247291097,1.1484566146599153,1
0.6487982152404833,2.226310829800035,0.5880642072158152,-0.3920520512473179,-0.3872056247291097,-0.45802444392671887,1
0.10526109915615703,-0.25581298403169694,-0.31290604850084885,-0.3920520512473179,-0.3872056247291097,-0.5658419646372312,0
1.1923353313248095,0.364717969426236,-0.0876634845716829,-0.3920520512473179,-0.3872056247291097,-0.10222662558202805,1
-2.503717058048609,-1.745087272330736,-0.0876634845716829,-0.3920520512473179,-0.3872056247291097,-0.13457188179518176,1
1.1923353313248095,0.364717969426236,-0.46353701312847867,-0.3920520512473179,-0.3872056247291097,-0.7599135019161535,0
-1.8514725187474177,-1.3727687002559763,0.21219067865901947,-0.3920520512473179,-0.3872056247291097,-0.7060047415608973,1
-0.7643982865787651,-0.7522377467980433,-0.2382944491993127,-0.3920520512473179,-0.3872056247291097,-0.7599135019161535,0
-0.7643982865787651,-0.7522377467980433,-0.46353701312847867,-0.3920520512473179,-0.3872056247291097,-0.7599135019161535,0
-2.1413589806590583,-0.3799191747232835,1.4144228636309433,-0.3920520512473179,-0.3872056247291097,-0.6520959812056412,1
-0.7643982865787651,-0.7522377467980433,-0.23970221522386997,-0.3920520512473179,-0.3872056247291097,0.7926587963152246,1
-0.7643982865787651,-0.7522377467980433,-0.0876634845716829,-0.3920520512473179,-0.3872056247291097,1.1376748625888642,1
-1.8514725187474177,-1.3727687002559763,0.21219067865901947,-0.3920520512473179,-0.3872056247291097,-0.18848064215043794,1
1.1923353313248095,0.364717969426236,-0.16227508387321918,-0.03847587947505783,0.1045015024264291,2.399139854901859,0
-0.18462536275548366,2.9709479739495546,1.639665427560109,-0.3920520512473179,-0.3872056247291097,0.7603135401020709,1
0.10526109915615703,-0.25581298403169694,-0.3537312632130102,-0.3920520512473179,-0.3872056247291097,0.9759485815230956,1
0.10526109915615703,-0.25581298403169694,1.8578691613664886,0.5676547007059594,0.6137695984089516,-0.7060047415608973,0
0.10526109915615703,-0.25581298403169694,-0.46353701312847867,-0.3920520512473179,-0.3872056247291097,-0.7599135019161535,0
1.1923353313248095,0.364717969426236,-0.46353701312847867,-0.3920520512473179,-0.3872056247291097,-0.7599135019161535,0
1.1923353313248095,0.364717969426236,-0.0876634845716829,-0.3920520512473179,-0.3872056247291097,-0.7599135019161535,0
-0.329568593711304,1.1093551135757556,1.03714156904959,-0.3920520512473179,-0.3872056247291097,0.7387500359599685,1
-1.199227979446226,0.11650558804306285,0.28680227796055563,-0.3920520512473179,-0.3872056247291097,-0.7599135019161535,1
0.10526109915615703,-0.25581298403169694,-0.0876634845716829,-0.3920520512473179,-0.3872056247291097,-0.7599135019161535,0
0.21396852237302227,1.7298860670336886,0.2882100439851129,-0.3920520512473179,-0.3872056247291097,-0.7599135019161535,1
1.1923353313248095,0.364717969426236,0.21219067865901947,-0.3920520512473179,-0.3872056247291097,-0.7599135019161535,0
0.10526109915615703,-0.25581298403169694,0.16573439984862898,1.8304267427497454,1.930842260432716,0.33982520933107263,0
1.1923353313248095,0.364717969426236,-0.46353701312847867,-0.3920520512473179,-0.3872056247291097,-0.7599135019161535,0
0.10526109915615703,-0.25581298403169694,-0.46353701312847867,-0.3920520512473179,-0.3872056247291097,-0.4688061959977701,1
-0.7643982865787651,-0.7522377467980433,-0.34950796513933846,-0.3920520512473179,-0.3872056247291097,-0.7599135019161535,0
1.1923353313248095,0.364717969426236,0.21219067865901947,-0.3920520512473179,-0.3872056247291097,-0.7599135019161535,1
1.1923353313248095,0.364717969426236,-0.26363423764134386,2.9416661397482766,4.248890145594542,0.16731717619425288,0
0.10526109915615703,-0.25581298403169694,-0.26363423764134386,-0.3920520512473179,-0.3872056247291097,-0.55506021256618,0
-2.068887365181148,-1.4968748909475629,5.919274142214263,4.659036116927825,1.3688912579692434,2.9813544667386256,0
0.10526109915615703,-0.25581298403169694,-0.46353701312847867,-0.3920520512473179,-0.3872056247291097,-0.7599135019161535,1
0.10526109915615703,-0.25581298403169694,-0.0876634845716829,-0.34154116956556646,-0.3345227182481591,-0.7599135019161535,0
0.10526109915615703,-0.25581298403169694,-0.3889254138269424,-0.08898676115680931,-0.07110818584340615,-0.7491317498451022,0
-1.8514725187474177,-1.3727687002559763,-0.46353701312847867,-0.08898676115680931,-0.2607666491748283,-0.4148974356425139,0
0.21396852237302227,1.7298860670336886,0.2882100439851129,-0.3920520512473179,-0.3872056247291097,-0.7599135019161535,1
1.1923353313248095,0.364717969426236,-0.0876634845716829,-0.3920520512473179,-0.3872056247291097,-0.738349997774051,0
1.1923353313248095,0.364717969426236,-0.46353701312847867,-0.3920520512473179,-0.3872056247291097,2.4853938714702686,1
0.10526109915615703,-0.25581298403169694,-0.40159530804795807,-0.3920520512473179,-0.3872056247291097,1.5258179371467087,1
-0.7643982865787651,-0.7522377467980433,0.21219067865901947,-0.3920520512473179,-0.3872056247291097,0.10262666376794545,1
0.10526109915615703,-0.25581298403169694,-0.0876634845716829,-0.3920520512473179,-0.3872056247291097,-0.7060047415608973,1
0.10526109915615703,-0.25581298403169694,-0.2382944491993127,-0.3920520512473179,-0.3872056247291097,-0.7599135019161535,1
0.10526109915615703,-0.25581298403169694,-0.5001389297669682,-0.3920520512473179,-0.3872056247291097,-0.5227149563530263,1
-0.329568593711304,1.1093551135757556,0.2882100439851129,-0.3920520512473179,-0.3872056247291097,-0.7599135019161535,1
1.1923353313248095,0.364717969426236,0.53879239635631,-0.3920520512473179,-0.3872056247291097,-0.7599135019161535,0
0.10526109915615703,-0.25581298403169694,-0.46353701312847867,-0.3920520512473179,-0.3872056247291097,-0.7599135019161535,1
-1.8514725187474177,-1.3727687002559763,-0.46353701312847867,-0.3920520512473179,-0.3872056247291097,-0.6952229894898461,1
0.10526109915615703,-0.25581298403169694,-0.0876634845716829,-0.3920520512473179,-0.3872056247291097,0.12419016791004792,1
1.1923353313248095,0.364717969426236,-0.4170807343180882,0.6686764640694621,1.0879157567375068,1.0514208460204544,0
-0.7643982865787651,-0.7522377467980433,-0.16227508387321918,2.9416661397482766,2.162647048948899,2.0649055406992707,0
-0.9818131330124955,-0.8763439374896299,-0.46353701312847867,-0.3920520512473179,-0.3872056247291097,0.1457536720521504,1
0.10526109915615703,-0.25581298403169694,-0.33683807091832274,-0.3920520512473179,-0.3872056247291097,0.5554602507520974,1
0.10526109915615703,-0.25581298403169694,-0.15242072170131812,-0.3920520512473179,-0.3872056247291097,-0.7599135019161535,0
1.1923353313248095,0.364717969426236,0.33185079074638885,-0.3920520512473179,-0.3872056247291097,3.0244814750228306,1
1.1923353313248095,0.364717969426236,-0.46353701312847867,-0.3920520512473179,-0.3872056247291097,-0.5874054687793338,0
1.1923353313248095,0.364717969426236,-0.29178955813248963,-0.3920520512473179,-0.3872056247291097,-0.7599135019161535,1
0.10526109915615703,-0.25581298403169694,-0.46353701312847867,-0.2405194062020636,-0.2291569052862579,-0.7599135019161535,0
1.1923353313248095,0.364717969426236,0.21219067865901947,3.0426879031117795,4.38937789621041,-0.39333393150041146,0
-0.7643982865787651,-0.7522377467980433,-0.46353701312847867,-0.3920520512473179,-0.3872056247291097,-0.7491317498451022,0
-0.7643982865787651,-0.7522377467980433,-0.46353701312847867,-0.3920520512473179,-0.3872056247291097,0.8789128128836345,1
0.10526109915615703,-0.25581298403169694,-0.01868294936837577,-0.3920520512473179,-0.3872056247291097,-0.7599135019161535,0
-0.7643982865787651,-0.7522377467980433,-0.3734399875568123,-0.3920520512473179,-0.3872056247291097,-0.5334967084240775,0
1.1923353313248095,0.364717969426236,-0.21717795883095334,-0.3920520512473179,-0.3872056247291097,0.6201507631784048,1
-0.8731057097956303,0.48882416011782265,0.2882100439851129,-0.3920520512473179,-0.3872056247291097,0.37217046554422634,1
0.10526109915615703,-0.25581298403169694,-0.0876634845716829,-0.08898676115680931,-0.07110818584340615,0.9543850773809931,0
1.1923353313248095,0.364717969426236,-0.0876634845716829,-0.3920520512473179,-0.3872056247291097,-0.048317865226771874,1
-1.8514725187474177,-1.3727687002559763,-0.3875176478023851,-0.3920520512473179,-0.3872056247291097,-0.7599135019161535,1
-0.7643982865787651,-0.7522377467980433,-0.46353701312847867,-0.3920520512473179,-0.3872056247291097,1.6228537057861698,0
1.1923353313248095,0.364717969426236,-0.0876634845716829,-0.3920520512473179,-0.3872056247291097,-0.5981872208503849,1
1.1923353313248095,0.364717969426236,-0.46353701312847867,-0.34154116956556646,-0.31696174942117555,-0.7491317498451022,0
0.10526109915615703,-0.25581298403169694,0.21219067865901947,-0.3920520512473179,-0.3872056247291097,-0.7599135019161535,1
-0.7643982865787651,-0.7522377467980433,-0.46353701312847867,-0.3920520512473179,-0.3872056247291097,-0.7599135019161535,1
1.1923353313248095,0.364717969426236,-0.0876634845716829,-0.3920520512473179,-0.3872056247291097,-0.5981872208503849,0
-0.9818131330124955,-0.8763439374896299,-0.0876634845716829,-0.3920520512473179,-0.3872056247291097,0.0594996554837405,1
1.1923353313248095,0.364717969426236,-0.46353701312847867,-0.3920520512473179,-0.3872056247291097,1.1700201188020178,1
-1.8514725187474177,-1.3727687002559763,-0.46353701312847867,-0.3920520512473179,-0.3872056247291097,-0.7599135019161535,1
-2.7211319044823394,-1.8691934630223226,-0.0876634845716829,-0.3920520512473179,-0.3872056247291097,-0.7599135019161535,0
0.10526109915615703,-0.25581298403169694,-0.08907125059624016,0.012035002206693575,0.034257627118495,-0.7491317498451022,0
-2.068887365181148,-1.4968748909475629,-0.46353701312847867,-0.3920520512473179,-0.3872056247291097,-0.4903697001398726,0
1.1923353313248095,0.364717969426236,-0.6366922341490251,1.375828807613982,2.0713300110485844,3.2401165164438552,0
-1.8514725187474177,-1.3727687002559763,-0.3734399875568123,-0.3920520512473179,-0.3872056247291097,-0.7599135019161535,1
1.1923353313248095,0.364717969426236,-0.0876634845716829,-0.3920520512473179,-0.3872056247291097,0.7064047797468147,1
1.1923353313248095,0.364717969426236,-0.42411956444087456,-0.3920520512473179,-0.3872056247291097,0.7064047797468147,1
-0.7643982865787651,-0.7522377467980433,-0.29460509018160413,-0.3920520512473179,-0.3872056247291097,-0.7599135019161535,0
0.10526109915615703,-0.25581298403169694,-0.46353701312847867,-0.3920520512473179,-0.3872056247291097,0.7279682838889172,0
-0.7643982865787651,-0.7522377467980433,-0.46353701312847867,0.6686764640694621,0.4241111350775293,-0.738349997774051,0
1.1923353313248095,0.364717969426236,-0.46353701312847867,-0.3920520512473179,-0.3872056247291097,-0.7599135019161535,0
0.10526109915615703,-0.25581298403169694,-0.46353701312847867,-0.3920520512473179,-0.3872056247291097,-0.7599135019161535,0
-0.7643982865787651,-0.7522377467980433,-0.32135264464819263,-0.3920520512473179,-0.3872056247291097,2.7333741691044473,1
0.10526109915615703,-0.25581298403169694,-0.46353701312847867,-0.34154116956556646,-0.3345227182481591,-0.3502069232162065,0
-0.7643982865787651,-0.7522377467980433,-0.46353701312847867,-0.3920520512473179,-0.3872056247291097,-0.7060047415608973,1
0.10526109915615703,-0.25581298403169694,-0.0876634845716829,0.9212308724782194,0.9825499437756057,0.5662420028231486,0
-0.43827601692816925,0.985248922884169,0.8090834730713092,-0.3920520512473179,-0.3872056247291097,1.267055887441479,1
1.1923353313248095,0.364717969426236,-0.2382944491993127,-0.3920520512473179,-0.3872056247291097,-0.7599135019161535,1
0.10526109915615703,-0.25581298403169694,-0.3875176478023851,-0.3920520512473179,-0.3872056247291097,1.1053296063757105,1
-0.38392230531973665,4.212009880865421,1.7888886261631813,-0.3920520512473179,-0.3872056247291097,-0.7599135019161535,1
0.10526109915615703,-0.25581298403169694,-0.46353701312847867,-0.3920520512473179,-0.3872056247291097,-0.7599135019161535,0
0.10526109915615703,-0.25581298403169694,-0.0876634845716829,-0.291030287883815,-0.28183981176720857,-0.7491317498451022,0
1.1923353313248095,0.364717969426236,-0.46353701312847867,-0.3920520512473179,-0.3872056247291097,2.0756872927703216,0
1.1923353313248095,0.364717969426236,0.21219067865901947,-0.19000852452031217,-0.10623012349737321,-0.6305324770635387,0
-1.3079354026630914,-0.007600602648523745,0.28680227796055563,-0.3920520512473179,-0.3872056247291097,-0.4148974356425139,1
-0.7643982865787651,-0.7522377467980433,-0.46353701312847867,-0.3920520512473179,-0.3872056247291097,1.0729843501625567,1
0.10526109915615703,-0.25581298403169694,0.21219067865901947,-0.3920520512473179,-0.3872056247291097,2.58242964010973,1
1.1923353313248095,0.364717969426236,-0.12004210313650057,1.325317925932231,2.00108613574065,-0.40411568357146266,0
1.1923353313248095,0.364717969426236,-0.02572177949116231,0.5171438190242078,0.8771841308137045,1.1161113584467617,0
0.10526109915615703,-0.25581298403169694,-0.0876634845716829,1.7799158610679937,1.8781593539517656,2.032560284486117,0
-0.7643982865787651,-0.7522377467980433,0.05170535185948861,-0.3920520512473179,-0.3872056247291097,-0.7599135019161535,1
1.1923353313248095,0.364717969426236,-0.46353701312847867,-0.3920520512473179,-0.3872056247291097,-0.7599135019161535,0
-0.5469834401450345,2.3504170204916215,1.7114614948125308,-0.3920520512473179,-0.3872056247291097,-0.7491317498451022,1
-1.8514725187474177,-1.3727687002559763,-0.05106156793319345,0.21407852893369927,-0.13432767362054684,0.37217046554422634,0
-2.503717058048609,-1.745087272330736,0.08408397042430628,-0.3920520512473179,-0.3872056247291097,-0.7599135019161535,0
0.10526109915615703,-0.25581298403169694,-0.16227508387321918,-0.3920520512473179,-0.3872056247291097,-0.6952229894898461,0
-1.8514725187474177,-1.3727687002559763,0.5134526079142788,-0.3920520512473179,-0.3872056247291097,-0.7599135019161535,1
-1.8514725187474177,-1.3727687002559763,-0.3875176478023851,-0.3920520512473179,-0.3872056247291097,-0.7599135019161535,1
0.10526109915615703,-0.25581298403169694,-0.46353701312847867,-0.3920520512473179,-0.3872056247291097,2.4638303673281663,1
-2.068887365181148,-1.4968748909475629,-0.0876634845716829,-0.3920520512473179,-0.3872056247291097,-0.7275682457029998,1
1.1923353313248095,0.364717969426236,-0.0876634845716829,-0.3920520512473179,-0.3872056247291097,-0.6305324770635387,0
-0.7643982865787651,-0.7522377467980433,-0.46353701312847867,-0.08898676115680931,-0.1554008362129271,-0.7491317498451022,0
1.1923353313248095,0.364717969426236,-0.0876634845716829,-0.291030287883815,-0.24671787411324145,0.5878055069652511,0
1.1923353313248095,0.364717969426236,-0.0876634845716829,0.5676547007059594,0.9474280061216386,1.5150361850756575,0
1.1923353313248095,0.364717969426236,0.33185079074638885,-0.3920520512473179,-0.3872056247291097,0.7064047797468147,1
-0.7643982865787651,-0.7522377467980433,-0.2382944491993127,-0.3920520512473179,-0.3872056247291097,-0.7599135019161535,0
-0.9818131330124955,0.364717969426236,0.8879183704465173,-0.3920520512473179,-0.3872056247291097,1.2347106312283254,1
-1.137109451606146,5.949496550547633,5.301264857433614,-0.3920520512473179,-0.3872056247291097,0.07028140755479173,1
0.10526109915615703,-0.25581298403169694,-0.0876634845716829,4.6085252352460735,4.828402116884998,1.0945478543046592,0
1.1923353313248095,0.364717969426236,0.21219067865901947,-0.3920520512473179,-0.3872056247291097,-0.7599135019161535,1
0.10526109915615703,-0.25581298403169694,-0.4353816926373329,1.2748070442504795,1.3513302891422598,0.9867303335941469,0
1.1923353313248095,0.364717969426236,-0.46353701312847867,-0.34154116956556646,-0.31696174942117555,0.8357858045994295,0
0.10526109915615703,-0.25581298403169694,-0.40018754202340073,-0.3920520512473179,-0.3872056247291097,0.9004763170257369,0
-0.9818131330124955,-0.8763439374896299,-0.42411956444087456,-0.3920520512473179,-0.3872056247291097,-0.7599135019161535,0
0.21396852237302227,1.7298860670336886,1.0385493350741473,-0.3920520512473179,-0.3872056247291097,0.12419016791004792,1
0.10526109915615703,-0.25581298403169694,-0.0876634845716829,1.1737852808869764,1.2459644761803585,0.6956230276757635,0
-0.7643982865787651,-0.7522377467980433,-0.0876634845716829,-0.3920520512473179,-0.3872056247291097,-0.7599135019161535,1
-0.9818131330124955,-0.8763439374896299,-0.46353701312847867,1.2748070442504795,0.7718183178518032,-0.5119332042819751,0
-0.9818131330124955,0.364717969426236,1.2637918990033135,-0.3920520512473179,-0.3872056247291097,-0.7599135019161535,1
1.1923353313248095,0.364717969426236,-0.46353701312847867,-0.3920520512473179,-0.3872056247291097,-0.7599135019161535,0
0.10526109915615703,-0.25581298403169694,-0.0017897570736884307,-0.3920520512473179,-0.3872056247291097,1.3317463998677865,1
-0.7643982865787651,-0.7522377467980433,-0.46353701312847867,-0.3920520512473179,-0.3872056247291097,2.3344493424755512,1
-0.7643982865787651,-0.7522377467980433,0.21219067865901947,-0.3920520512473179,-0.3872056247291097,-0.7060047415608973,1
-1.8514725187474177,-1.3727687002559763,-0.46353701312847867,-0.3920520512473179,-0.3872056247291097,-0.7599135019161535,0
-2.503717058048609,-1.745087272330736,-0.0876634845716829,-0.3920520512473179,-0.3872056247291097,-0.5334967084240775,1
-0.9818131330124955,-0.8763439374896299,-0.44101275673556206,-0.3920520512473179,-0.3872056247291097,-0.7599135019161535,0
0.10526109915615703,-0.25581298403169694,-0.0876634845716829,1.224296162568728,1.2986473826613092,-0.3502069232162065,0
-2.503717058048609,-1.745087272330736,-0.16227508387321918,-0.3920520512473179,-0.3872056247291097,-0.7599135019161535,0
-0.7643982865787651,-0.7522377467980433,-0.46353701312847867,-0.3920520512473179,-0.3872056247291097,-0.7167864936319486,1
1.1923353313248095,0.364717969426236,-0.013051885270146741,-0.3920520512473179,-0.3872056247291097,0.9112580690967882,1
1.1923353313248095,0.364717969426236,-0.0876634845716829,-0.19000852452031217,-0.10623012349737321,-0.6520959812056412,0
0.10526109915615703,-0.25581298403169694,-0.46353701312847867,0.11305676557019646,0.1396234400803962,0.6524960193915585,0
1.1923353313248095,0.364717969426236,-0.46353701312847867,-0.3920520512473179,-0.3872056247291097,-0.45802444392671887,1
-1.634057672313687,-0.3799191747232835,0.2882100439851129,-0.3920520512473179,-0.3872056247291097,-0.7599135019161535,1
1.1923353313248095,0.364717969426236,-0.0876634845716829,-0.3920520512473179,-0.3872056247291097,0.3182617051889702,1
1.1923353313248095,0.364717969426236,-0.0876634845716829,-0.3920520512473179,-0.3872056247291097,-0.5442784604951287,1
1.1923353313248095,0.364717969426236,-0.6254301059525668,1.375828807613982,2.0713300110485844,2.539302631825525,0
1.1923353313248095,0.364717969426236,0.21219067865901947,-0.3920520512473179,-0.3872056247291097,0.9220398211678394,1
-0.7643982865787651,-0.7522377467980433,-0.46353701312847867,-0.3920520512473179,-0.3872056247291097,-0.7599135019161535,1
-1.1267563639683158,1.3575674949589287,2.063403000951853,-0.3920520512473179,-0.3872056247291097,-0.7599135019161535,1
-0.9818131330124955,-0.8763439374896299,-0.0876634845716829,2.082981151158502,1.3337693203152765,-0.7599135019161535,0
0.10526109915615703,-0.25581298403169694,-0.6704786187384001,1.6788940977044908,1.7727935409898645,0.7279682838889172,0
1.1923353313248095,0.364717969426236,0.21219067865901947,-0.291030287883815,-0.24671787411324145,-0.6952229894898461,0
0.10526109915615703,-0.25581298403169694,-0.46353701312847867,-0.3920520512473179,-0.3872056247291097,-0.7599135019161535,0
1.1923353313248095,0.364717969426236,2.390004718649143,-0.3920520512473179,-0.3872056247291097,-0.7599135019161535,1
-0.6919266711008548,2.1022046391084483,1.0385493350741473,-0.3920520512473179,-0.3872056247291097,-0.7599135019161535,1
0.10526109915615703,-0.25581298403169694,-0.16227508387321918,-0.3920520512473179,-0.3872056247291097,-0.7599135019161535,0
0.10526109915615703,-0.25581298403169694,0.21219067865901947,-0.3920520512473179,-0.3872056247291097,-0.7599135019161535,1
-0.7643982865787651,-0.7522377467980433,-0.0876634845716829,-0.3920520512473179,-0.3872056247291097,-0.7599135019161535,1
0.10526109915615703,-0.25581298403169694,-0.46353701312847867,1.2748070442504795,1.3513302891422598,0.8465675566704808,0
0.10526109915615703,-0.25581298403169694,-0.013051885270146741,-0.3920520512473179,-0.3872056247291097,-0.5334967084240775,1
-0.7643982865787651,-0.7522377467980433,-0.46353701312847867,-0.3920520512473179,-0.3872056247291097,0.5446784986810461,0
1.1923353313248095,0.364717969426236,-0.5860126572649628,-0.3920520512473179,-0.3872056247291097,-0.22082589836359165,0
-0.7643982865787651,-0.7522377467980433,-0.2382944491993127,0.012035002206693575,-0.07813257337419956,-0.5874054687793338,0
1.1923353313248095,0.364717969426236,-0.46353701312847867,-0.3920520512473179,-0.3872056247291097,-0.06988136936887435,1
0.10526109915615703,-0.25581298403169694,1.5636460622340156,4.6085252352460735,4.828402116884998,0.2320076886205603,0
1.1923353313248095,0.364717969426236,-0.46353701312847867,0.41612205566070504,0.7366963801978363,-0.36098867528725775,0
0.1777327146340672,3.5914789274074876,2.088742789393884,-0.3920520512473179,-0.3872056247291097,-0.7599135019161535,1
-2.503717058048609,-1.745087272330736,-0.16368284989777643,-0.3920520512473179,-0.3872056247291097,-0.7599135019161535,0
-0.7643982865787651,-0.7522377467980433,0.21219067865901947,-0.3920520512473179,-0.3872056247291097,-0.7599135019161535,1
-1.8514725187474177,-1.3727687002559763,-0.3875176478023851,-0.3920520512473179,-0.3872056247291097,-0.7599135019161535,0
1.1923353313248095,0.364717969426236,-0.46353701312847867,-0.03847587947505783,0.1045015024264291,2.949009210525472,0
0.10526109915615703,-0.25581298403169694,-0.46353701312847867,3.6993293649745485,3.880109800227888,-0.15613538593728424,0
0.10526109915615703,-0.25581298403169694,0.21219067865901947,0.46663293734245653,0.5084037854470503,0.4368609779705338,0
0.10526109915615703,-0.25581298403169694,0.21219067865901947,1.0727635175234735,1.1405986632184575,-0.5981872208503849,0
0.10526109915615703,-0.25581298403169694,-0.46353701312847867,-0.3920520512473179,-0.3872056247291097,-0.7599135019161535,0
-0.7643982865787651,-0.7522377467980433,-0.46353701312847867,-0.3920520512473179,-0.3872056247291097,-0.7599135019161535,0
0.10526109915615703,-0.25581298403169694,-0.0876634845716829,-0.3920520512473179,-0.3872056247291097,2.5285208797544736,1
0.10526109915615703,-0.25581298403169694,-0.6366922341490251,-0.03847587947505783,-0.018425279362455554,-0.6305324770635387,0
-0.7643982865787651,-0.7522377467980433,-0.0876634845716829,3.8003511283380504,2.819427283078083,-0.4688061959977701,0
0.10526109915615703,-0.25581298403169694,-0.3030516863289479,-0.3920520512473179,-0.3872056247291097,1.407218664365145,1
-0.8187519981871977,3.219160355332728,2.915101445809011,-0.3920520512473179,-0.3872056247291097,3.1538624998754456,1
0.10526109915615703,-0.25581298403169694,-0.46353701312847867,0.21407852893369927,0.2449892530422974,1.0514208460204544,0
1.1923353313248095,0.364717969426236,-0.14397412555397446,-0.291030287883815,-0.24671787411324145,1.7414529785677335,0
0.10526109915615703,-0.25581298403169694,-0.0876634845716829,-0.3920520512473179,-0.3872056247291097,-0.7599135019161535,1
0.10526109915615703,-0.25581298403169694,0.46136526500565933,0.36561117397895354,0.40303797248514917,-0.7599135019161535,0
1.1923353313248095,0.364717969426236,-0.0017897570736884307,-0.3920520512473179,-0.3872056247291097,1.0082938377362494,1
1.1923353313248095,0.364717969426236,0.21219067865901947,1.2748070442504795,1.930842260432716,1.2131471270862229,0
-0.7643982865787651,-0.7522377467980433,-0.46353701312847867,-0.3920520512473179,-0.3872056247291097,-0.738349997774051,0
0.10526109915615703,-0.25581298403169694,-0.0876634845716829,-0.3920520512473179,-0.3872056247291097,0.9867303335941469,1
0.10526109915615703,-0.25581298403169694,-0.38329434972871324,-0.3920520512473179,-0.3872056247291097,-0.7599135019161535,0
-0.8731057097956303,0.48882416011782265,0.4740351592266749,-0.3920520512473179,-0.3872056247291097,-0.7599135019161535,1
0.10526109915615703,-0.25581298403169694,0.16573439984862898,0.06254588388844498,0.08694053359944565,2.4746121193992177,0
0.10526109915615703,-0.25581298403169694,1.5636460622340156,-0.3920520512473179,-0.3872056247291097,2.2589770779781926,1
1.1923353313248095,0.364717969426236,-0.46353701312847867,-0.3920520512473179,-0.3872056247291097,-0.7599135019161535,0
0.10526109915615703,-0.25581298403169694,-0.46353701312847867,-0.03847587947505783,-0.018425279362455554,-0.7599135019161535,0
1.1923353313248095,0.364717969426236,-0.15664401977499,-0.3920520512473179,-0.3872056247291097,0.9867303335941469,0
1.1923353313248095,0.364717969426236,0.21219067865901947,-0.3920520512473179,-0.3872056247291097,1.0190755898073005,1
-0.7643982865787651,-0.7522377467980433,-0.6381000001735824,1.9819593877949992,1.4285985519809874,1.7953617389229897,0
1.1923353313248095,0.364717969426236,0.1530645056276134,-0.08898676115680931,0.034257627118495,-0.7599135019161535,0
-0.9818131330124955,-0.8763439374896299,-0.013051885270146741,-0.3920520512473179,-0.3872056247291097,-0.7599135019161535,0
1.1923353313248095,0.364717969426236,-0.08907125059624016,-0.3920520512473179,-0.3872056247291097,-0.7599135019161535,1
1.1923353313248095,0.364717969426236,-0.46353701312847867,-0.2405194062020636,-0.17647399880530734,-0.7060047415608973,0
0.10526109915615703,-0.25581298403169694,-0.46353701312847867,-0.13949764283856073,-0.12379109232435676,1.676762466141426,0
1.1923353313248095,0.364717969426236,-0.0876634845716829,-0.3920520512473179,-0.3872056247291097,-0.7599135019161535,0
-0.7643982865787651,-0.7522377467980433,-0.46353701312847867,-0.3920520512473179,-0.3872056247291097,-0.7599135019161535,1
-0.7643982865787651,-0.7522377467980433,-0.5691194649702752,-0.3920520512473179,-0.3872056247291097,2.312885838333449,1
0.10526109915615703,-0.25581298403169694,0.5331613322580809,-0.3920520512473179,-0.3872056247291097,0.9543850773809931,1
0.10526109915615703,-0.25581298403169694,-0.0876634845716829,-0.3920520512473179,-0.3872056247291097,2.539302631825525,1
1.1923353313248095,0.364717969426236,-0.3509157311638957,-0.3920520512473179,-0.3872056247291097,1.267055887441479,1
0.10526109915615703,-0.25581298403169694,-0.3875176478023851,-0.3920520512473179,-0.3872056247291097,-0.7599135019161535,1
0.10526109915615703,-0.25581298403169694,-0.0876634845716829,0.7191873457512136,0.7718183178518032,0.11340841583899668,0
-1.8514725187474177,-1.3727687002559763,-0.08907125059624016,-0.3920520512473179,-0.3872056247291097,-0.7599135019161535,1
1.1923353313248095,0.364717969426236,-0.15242072170131812,-0.13949764283856073,-0.0359862481894391,-0.3825521794293602,0
-0.7643982865787651,-0.7522377467980433,-0.0017897570736884307,0.21407852893369927,0.0764039523032555,1.633635457857221,0
0.6487982152404833,2.226310829800035,0.949860075527038,-0.3920520512473179,-0.3872056247291097,-0.7599135019161535,1
1.1923353313248095,0.364717969426236,-0.6141679777561085,-0.19000852452031217,-0.10623012349737321,-0.40411568357146266,0
-0.7643982865787651,-0.7522377467980433,-0.46353701312847867,-0.3920520512473179,-0.3872056247291097,-0.7599135019161535,1
-0.7643982865787651,-0.7522377467980433,-0.46353701312847867,-0.3920520512473179,-0.3872056247291097,-0.7599135019161535,1
0.10526109915615703,-0.25581298403169694,-0.46353701312847867,-0.3920520512473179,-0.3872056247291097,-0.7599135019161535,0
-0.6194550556229447,2.226310829800035,1.0357338030250327,-0.3920520512473179,-0.3872056247291097,1.3964369122940938,1
1.1923353313248095,0.364717969426236,-0.3509157311638957,-0.3920520512473179,-0.3872056247291097,-0.7599135019161535,0
-0.9818131330124955,-0.8763439374896299,-0.46353701312847867,-0.3920520512473179,-0.3872056247291097,-0.7599135019161535,0
-1.199227979446226,0.11650558804306285,0.4036468579988105,-0.3920520512473179,-0.3872056247291097,-0.7491317498451022,1
1.1923353313248095,0.364717969426236,-0.4353816926373329,0.5171438190242078,0.8771841308137045,-0.6844412374187948,0
-0.9818131330124955,-0.8763439374896299,-0.024314013466605052,-0.3920520512473179,-0.3872056247291097,-0.7599135019161535,0
-0.7643982865787651,-0.7522377467980433,-0.4353816926373329,4.1034164184285595,3.0512320715942653,1.9570880199887581,0
1.1923353313248095,0.364717969426236,-0.05106156793319345,-0.291030287883815,-0.24671787411324145,-0.048317865226771874,0
-2.503717058048609,-1.745087272330736,-0.3861098817778279,-0.3920520512473179,-0.3872056247291097,1.3317463998677865,1
1.1923353313248095,0.364717969426236,-0.46353701312847867,-0.3920520512473179,-0.3872056247291097,-0.145353633866233,0
-0.18462536275548366,2.9709479739495546,1.7142770268616454,-0.3920520512473179,-0.3872056247291097,2.2805405821202953,1
-0.7643982865787651,-0.7522377467980433,-0.46353701312847867,-0.3920520512473179,-0.3872056247291097,-0.7599135019161535,0
-2.068887365181148,-1.4968748909475629,-0.40018754202340073,-0.3920520512473179,-0.3872056247291097,1.1268931105178128,1
0.21396852237302227,1.7298860670336886,0.5120448418897215,-0.3920520512473179,-0.3872056247291097,2.3452310945466026,1
-0.5469834401450345,2.3504170204916215,1.4144228636309433,-0.3920520512473179,-0.3872056247291097,-0.45802444392671887,1
-0.329568593711304,1.1093551135757556,0.6626758065173514,-0.3920520512473179,-0.3872056247291097,-0.7599135019161535,1
1.1923353313248095,0.364717969426236,-0.0876634845716829,1.9314485061132483,2.8440126394358596,0.49076973832578996,0
-0.7643982865787651,-0.7522377467980433,0.6373360180753203,4.052905536746808,3.012597940174902,2.4207033590439613,0
-2.503717058048609,-1.745087272330736,-0.16227508387321918,-0.3920520512473179,-0.3872056247291097,-0.7599135019161535,0
1.1923353313248095,0.364717969426236,0.21219067865901947,0.7191873457512136,1.158159632045441,1.9139610117045531,0
0.10526109915615703,-0.25581298403169694,-0.46353701312847867,-0.3920520512473179,-0.3872056247291097,-0.7599135019161535,0
-0.7643982865787651,-0.7522377467980433,0.21219067865901947,1.577872334340988,1.1195255006260771,-0.55506021256618,0
-0.7643982865787651,-0.7522377467980433,-0.2031002985853805,-0.3920520512473179,-0.3872056247291097,-0.18848064215043794,1
0.10526109915615703,-0.25581298403169694,-0.46353701312847867,-0.3920520512473179,-0.3872056247291097,-0.7599135019161535,0
1.1923353313248095,0.364717969426236,-0.46353701312847867,-0.34154116956556646,-0.31696174942117555,-0.7491317498451022,0
1.1923353313248095,0.364717969426236,-0.31431381452540624,-0.3920520512473179,-0.3872056247291097,-0.7599135019161535,0
-0.7643982865787651,-0.7522377467980433,0.16573439984862898,-0.3920520512473179,-0.3872056247291097,1.5797266975019648,0
-0.7643982865787651,-0.7522377467980433,-0.0017897570736884307,-0.3920520512473179,-0.3872056247291097,-0.6628777332766924,1
-0.7643982865787651,-0.7522377467980433,-0.0876634845716829,0.11305676557019646,-0.0008643105354720518,-0.7060047415608973,0
0.10526109915615703,-0.25581298403169694,0.21219067865901947,-0.3920520512473179,-0.3872056247291097,-0.1992623942214892,1
-0.7643982865787651,-0.7522377467980433,-0.0876634845716829,-0.3920520512473179,-0.3872056247291097,-0.7599135019161535,1
0.10526109915615703,-0.25581298403169694,-0.46353701312847867,-0.19000852452031217,-0.17647399880530734,-0.7491317498451022,0
0.10526109915615703,-0.25581298403169694,-0.37484775358136957,1.7294049793862423,1.825476447470815,0.630932515249456,0
-2.7211319044823394,-1.8691934630223226,-0.5860126572649628,-0.3920520512473179,-0.3872056247291097,-0.7599135019161535,1
1.1923353313248095,0.364717969426236,-0.37625551960592685,-0.3920520512473179,-0.3872056247291097,-0.7599135019161535,0
-0.8731057097956303,0.48882416011782265,0.2882100439851129,-0.3920520512473179,-0.3872056247291097,-0.7599135019161535,1
-0.7643982865787651,-0.7522377467980433,-0.40581860612162984,-0.3920520512473179,-0.3872056247291097,-0.7599135019161535,0
1.1923353313248095,0.364717969426236,-0.46353701312847867,-0.3920520512473179,-0.3872056247291097,-0.7599135019161535,1
0.10526109915615703,-0.25581298403169694,-0.3509157311638957,0.26458941061545077,0.29767215952324794,-0.5766237167082825,0
0.10526109915615703,-0.25581298403169694,-0.0876634845716829,-0.3920520512473179,-0.3872056247291097,-0.7599135019161535,1
0.10526109915615703,-0.25581298403169694,-0.46353701312847867,-0.3920520512473179,-0.3872056247291097,-0.4688061959977701,1
-0.7643982865787651,-0.7522377467980433,-0.46353701312847867,-0.3920520512473179,-0.3872056247291097,-0.7599135019161535,1
-0.4020402091892142,2.598629401874795,1.9535972510363842,-0.3920520512473179,-0.3872056247291097,-0.7599135019161535,1
-0.7643982865787651,-0.7522377467980433,-0.269265301739573,-0.3920520512473179,-0.3872056247291097,-0.7167864936319486,0
1.1923353313248095,0.364717969426236,0.21219067865901947,-0.3920520512473179,-0.3872056247291097,1.676762466141426,1
1.1923353313248095,0.364717969426236,0.04748205378581684,-0.3920520512473179,-0.3872056247291097,-0.7599135019161535,1
1.1923353313248095,0.364717969426236,-0.46353701312847867,1.5273614526592365,2.2820616369723865,-0.7060047415608973,0
1.1923353313248095,0.364717969426236,-0.46353701312847867,0.5676547007059594,0.9474280061216386,2.40992160697291,0
0.10526109915615703,-0.25581298403169694,-0.5170321220616556,-0.3920520512473179,-0.3872056247291097,0.6848412756047122,0
0.10526109915615703,-0.25581298403169694,-0.6324689360753533,-0.3920520512473179,-0.3872056247291097,-0.22082589836359165,1
0.6487982152404833,2.226310829800035,0.2882100439851129,-0.3920520512473179,-0.3872056247291097,-0.7599135019161535,1
0.10526109915615703,-0.25581298403169694,-0.0876634845716829,0.06254588388844498,0.08694053359944565,-0.7491317498451022,0
0.10526109915615703,-0.25581298403169694,-0.38329434972871324,-0.13949764283856073,-0.12379109232435676,2.4314851111150126,0
0.10526109915615703,-0.25581298403169694,-0.46353701312847867,-0.2405194062020636,-0.2291569052862579,-0.7599135019161535,0
0.10526109915615703,-0.25581298403169694,-0.08907125059624016,-0.3920520512473179,-0.3872056247291097,0.857349308741532,1
-0.7643982865787651,-0.7522377467980433,0.6373360180753203,-0.3920520512473179,-0.3872056247291097,2.9813544667386256,1
0.21396852237302227,1.7298860670336886,0.6626758065173514,-0.3920520512473179,-0.3872056247291097,1.3425281519388377,1
1.1923353313248095,0.364717969426236,0.16714216587318623,-0.3920520512473179,-0.3872056247291097,-0.32864341907410405,1
0.10526109915615703,-0.25581298403169694,1.5636460622340156,-0.3920520512473179,-0.3872056247291097,-0.7599135019161535,1
1.1923353313248095,0.364717969426236,0.21219067865901947,-0.3920520512473179,-0.3872056247291097,-0.7599135019161535,1
0.10526109915615703,-0.25581298403169694,-0.42411956444087456,-0.3920520512473179,-0.3872056247291097,0.2966982010468677,1
-0.7643982865787651,-0.7522377467980433,-0.2382944491993127,-0.3920520512473179,-0.3872056247291097,-0.7599135019161535,0
-0.7643982865787651,-0.7522377467980433,-0.46353701312847867,-0.3920520512473179,-0.3872056247291097,0.5446784986810461,1
0.10526109915615703,-0.25581298403169694,-0.37625551960592685,0.6181655823877108,0.6664525048899022,-0.6628777332766924,0
-1.8514725187474177,-1.3727687002559763,-0.0876634845716829,-0.3920520512473179,-0.3872056247291097,1.9247427637756045,1
1.1923353313248095,0.364717969426236,-0.42411956444087456,-0.3920520512473179,-0.3872056247291097,-0.7167864936319486,0
0.10526109915615703,-0.25581298403169694,0.21219067865901947,-0.3920520512473179,-0.3872056247291097,-0.7599135019161535,1
-0.7643982865787651,-0.7522377467980433,-0.46353701312847867,-0.3920520512473179,-0.3872056247291097,-0.7599135019161535,0
0.10526109915615703,-0.25581298403169694,-0.38329434972871324,-0.291030287883815,-0.28183981176720857,2.3667945986887053,0
-0.7643982865787651,-0.7522377467980433,-0.2382944491993127,-0.3920520512473179,-0.3872056247291097,-0.738349997774051,0
0.10526109915615703,-0.25581298403169694,0.17558876202052978,-0.3920520512473179,-0.3872056247291097,-0.7599135019161535,0
0.10526109915615703,-0.25581298403169694,-0.28756626005881775,-0.3920520512473179,-0.3872056247291097,-0.6736594853477436,1
1.1923353313248095,0.364717969426236,-0.2382944491993127,-0.3920520512473179,-0.3872056247291097,-0.7599135019161535,0
-0.6919266711008548,2.1022046391084483,1.9395195907908112,-0.3920520512473179,-0.3872056247291097,2.3452310945466026,1
1.1923353313248095,0.364717969426236,-0.0876634845716829,-0.3920520512473179,-0.3872056247291097,-0.7599135019161535,0
-0.329568593711304,1.1093551135757556,0.2882100439851129,-0.3920520512473179,-0.3872056247291097,-0.7599135019161535,1
0.10526109915615703,-0.25581298403169694,-0.3875176478023851,-0.3920520512473179,-0.3872056247291097,-0.7599135019161535,1
1.1923353313248095,0.364717969426236,-0.46353701312847867,-0.03847587947505783,0.1045015024264291,1.9894332762019118,0
0.10526109915615703,-0.25581298403169694,-0.0876634845716829,1.4263396892957334,1.5093790085851118,-0.5334967084240775,0
-0.7643982865787651,-0.7522377467980433,-0.0876634845716829,-0.3920520512473179,-0.3872056247291097,0.7926587963152246,0
0.10526109915615703,-0.25581298403169694,-0.46353701312847867,1.325317925932231,1.4040131956232103,-0.5442784604951287,0
0.10526109915615703,-0.25581298403169694,-0.46353701312847867,-0.3920520512473179,-0.3872056247291097,0.8896945649546857,0
1.1923353313248095,0.364717969426236,-0.42411956444087456,-0.3920520512473179,-0.3872056247291097,-0.7599135019161535,0
0.10526109915615703,-0.25581298403169694,-0.15664401977499,-0.3920520512473179,-0.3872056247291097,-0.7599135019161535,1
1.1923353313248095,0.364717969426236,-0.46353701312847867,-0.3920520512473179,-0.3872056247291097,-0.7599135019161535,0
-0.7643982865787651,-0.7522377467980433,-0.35654679526212485,-0.3920520512473179,-0.3872056247291097,-0.7599135019161535,1
1.1923353313248095,0.364717969426236,-0.40581860612162984,-0.3920520512473179,-0.3872056247291097,0.8034405483862759,0
1.1923353313248095,0.364717969426236,-0.42411956444087456,-0.3920520512473179,-0.3872056247291097,-0.7599135019161535,0
-2.503717058048609,-1.745087272330736,0.21219067865901947,-0.3920520512473179,-0.3872056247291097,2.8411916898149596,1
0.10526109915615703,-0.25581298403169694,-0.3875176478023851,1.7799158610679937,1.8781593539517656,1.1915836229441203,0
1.1923353313248095,0.364717969426236,-0.08907125059624016,-0.3920520512473179,-0.3872056247291097,0.6417142673205073,0
1.1923353313248095,0.364717969426236,-0.02572177949116231,-0.3920520512473179,-0.3872056247291097,-0.6952229894898461,1
0.10526109915615703,-0.25581298403169694,-0.0876634845716829,-0.3920520512473179,-0.3872056247291097,-0.7599135019161535,1
-0.7643982865787651,-0.7522377467980433,-0.46353701312847867,-0.3920520512473179,-0.3872056247291097,-0.7599135019161535,0
0.21396852237302227,1.7298860670336886,0.9723843319199545,-0.3920520512473179,-0.3872056247291097,1.6012902016440673,1
1.1923353313248095,0.364717969426236,-0.46353701312847867,-0.3920520512473179,-0.3872056247291097,1.45034567264935,1
0.10526109915615703,-0.25581298403169694,-0.46353701312847867,-0.3920520512473179,-0.3872056247291097,-0.7599135019161535,0
-0.7643982865787651,-0.7522377467980433,-0.46353701312847867,-0.3920520512473179,-0.3872056247291097,-0.7599135019161535,1
0.10526109915615703,-0.25581298403169694,-0.0876634845716829,1.2748070442504795,1.3513302891422598,-0.7060047415608973,0
1.1923353313248095,0.364717969426236,-0.3002361542798333,-0.3920520512473179,-0.3872056247291097,-0.7599135019161535,0
-0.9818131330124955,-0.8763439374896299,0.21219067865901947,0.3151002922972022,0.1045015024264291,2.0649055406992707,0
1.1923353313248095,0.364717969426236,-0.013051885270146741,-0.3920520512473179,-0.3872056247291097,-0.7491317498451022,1
0.6487982152404833,2.226310829800035,1.1244230625721416,-0.3920520512473179,-0.3872056247291097,0.4692062341836875,1
1.1923353313248095,0.364717969426236,-0.46353701312847867,-0.3920520512473179,-0.3872056247291097,-0.7599135019161535,0
-1.8514725187474177,-1.3727687002559763,-0.50436222784064,0.16356764725194786,-0.1554008362129271,-0.6736594853477436,0
1.1923353313248095,0.364717969426236,-0.0876634845716829,-0.3920520512473179,-0.3872056247291097,-0.6520959812056412,1
-0.7643982865787651,-0.7522377467980433,0.16573439984862898,-0.3920520512473179,-0.3872056247291097,-0.7275682457029998,0
-0.7643982865787651,-0.7522377467980433,-0.16227508387321918,-0.3920520512473179,-0.3872056247291097,-0.7599135019161535,0
1.1923353313248095,0.364717969426236,-0.46353701312847867,-0.3920520512473179,-0.3872056247291097,-0.7599135019161535,0
1.1923353313248095,0.364717969426236,-0.40581860612162984,0.26458941061545077,0.525964754274034,-0.5442784604951287,0
0.10526109915615703,-0.25581298403169694,-0.46353701312847867,-0.34154116956556646,-0.3345227182481591,-0.738349997774051,0
1.1923353313248095,0.364717969426236,-0.31290604850084885,1.325317925932231,2.00108613574065,2.086469044841373,0
-0.7643982865787651,-0.7522377467980433,-0.46353701312847867,-0.3920520512473179,-0.3872056247291097,-0.6197507249924874,1
1.1923353313248095,0.364717969426236,-0.46353701312847867,1.375828807613982,2.0713300110485844,1.6659807140703748,0
0.10526109915615703,-0.25581298403169694,0.15869556972584245,-0.3920520512473179,-0.3872056247291097,-0.7599135019161535,1
1.1923353313248095,0.364717969426236,-0.2382944491993127,-0.3920520512473179,-0.3872056247291097,-0.7599135019161535,0
0.10526109915615703,-0.25581298403169694,-0.0876634845716829,0.7191873457512136,0.7718183178518032,2.1188143010545266,0
-1.4166428258799566,-0.13170679334011035,0.4712196271775604,-0.3920520512473179,-0.3872056247291097,-0.42567918771356517,1
1.1923353313248095,0.364717969426236,-0.46353701312847867,-0.3920520512473179,-0.3872056247291097,-0.7599135019161535,0
0.21396852237302227,1.7298860670336886,0.6626758065173514,-0.3920520512473179,-0.3872056247291097,-0.08066312143992559,1
0.10526109915615703,-0.25581298403169694,0.17558876202052978,-0.3920520512473179,-0.3872056247291097,0.8034405483862759,1
0.10526109915615703,-0.25581298403169694,-0.46353701312847867,1.123274399205225,1.1932815696994081,-0.3502069232162065,0
-0.7643982865787651,-0.7522377467980433,-0.46353701312847867,-0.3920520512473179,-0.3872056247291097,1.267055887441479,1
1.1923353313248095,0.364717969426236,-0.46353701312847867,-0.3920520512473179,-0.3872056247291097,0.8789128128836345,1
1.1923353313248095,0.364717969426236,-0.46353701312847867,-0.3920520512473179,-0.3872056247291097,-0.7167864936319486,0
0.21396852237302227,1.7298860670336886,0.4472876047600865,-0.3920520512473179,-0.3872056247291097,-0.4472426918556676,1
0.6487982152404833,2.226310829800035,1.0385493350741473,-0.3920520512473179,-0.3872056247291097,0.6632777714626098,1
1.1923353313248095,0.364717969426236,-0.35936232731123935,-0.3920520512473179,-0.3872056247291097,-0.7060047415608973,0
0.10526109915615703,-0.25581298403169694,0.21219067865901947,-0.3920520512473179,-0.3872056247291097,-0.7599135019161535,0
1.1923353313248095,0.364717969426236,-0.15664401977499,-0.3920520512473179,-0.3872056247291097,-0.738349997774051,0
0.10526109915615703,-0.25581298403169694,-0.3875176478023851,-0.3920520512473179,-0.3872056247291097,-0.7599135019161535,0
1.1923353313248095,0.364717969426236,-0.0876634845716829,0.21407852893369927,0.45572087896609975,1.6444172099282723,0
1.1923353313248095,0.364717969426236,-0.46353701312847867,-0.3920520512473179,-0.3872056247291097,-0.7599135019161535,0
0.10526109915615703,-0.25581298403169694,-0.46353701312847867,1.8809376244314968,1.9835251669136666,-0.27473465871884784,0
1.1923353313248095,0.364717969426236,0.0319966275156865,-0.291030287883815,-0.24671787411324145,-0.3825521794293602,0
1.1923353313248095,0.364717969426236,-0.46353701312847867,0.5676547007059594,0.9474280061216386,-0.026754361084669397,0
1.1923353313248095,0.364717969426236,-0.46353701312847867,0.7191873457512136,1.158159632045441,1.3533099040098888,0
-1.8514725187474177,-1.3727687002559763,-0.46353701312847867,-0.3920520512473179,-0.3872056247291097,-0.7599135019161535,0
-1.3079354026630914,-0.007600602648523745,0.6274816559034192,-0.3920520512473179,-0.3872056247291097,-0.2639529066477966,1
-0.7643982865787651,-0.7522377467980433,-0.46353701312847867,-0.08898676115680931,-0.1554008362129271,-0.738349997774051,0
1.1923353313248095,0.364717969426236,-0.46353701312847867,-0.3920520512473179,-0.3872056247291097,-0.7599135019161535,0
0.10526109915615703,-0.25581298403169694,-0.0876634845716829,-0.3920520512473179,-0.3872056247291097,1.5689449454309137,1
0.21396852237302227,1.7298860670336886,0.28680227796055563,-0.3920520512473179,-0.3872056247291097,-0.6952229894898461,1
-0.7643982865787651,-0.7522377467980433,-0.4170807343180882,-0.3920520512473179,-0.3872056247291097,-0.7491317498451022,0
-0.7643982865787651,-0.7522377467980433,-0.3002361542798333,-0.3920520512473179,-0.3872056247291097,-0.7599135019161535,0
1.1923353313248095,0.364717969426236,2.390004718649143,1.2748070442504795,1.930842260432716,1.2347106312283254,0
1.1923353313248095,0.364717969426236,-0.0876634845716829,-0.3920520512473179,-0.3872056247291097,-0.7599135019161535,1
-0.7643982865787651,-0.7522377467980433,0.07282184222784797,-0.3920520512473179,-0.3872056247291097,1.45034567264935,1
0.1777327146340672,3.5914789274074876,1.0385493350741473,-0.3920520512473179,-0.3872056247291097,-0.7491317498451022,1
-1.8514725187474177,-1.3727687002559763,-0.607129147633322,-0.3920520512473179,-0.3872056247291097,0.2427894406916115,0
0.10526109915615703,-0.25581298403169694,-0.0876634845716829,0.3151002922972022,0.3503550660041986,1.4287821685072475,0
-0.43827601692816925,0.985248922884169,0.9878697581900849,-0.3920520512473179,-0.3872056247291097,-0.55506021256618,1
0.10526109915615703,-0.25581298403169694,-0.0876634845716829,0.9212308724782194,0.9825499437756057,-0.5874054687793338,0
-0.7643982865787651,-0.7522377467980433,-0.46353701312847867,-0.3920520512473179,-0.3872056247291097,-0.7599135019161535,1
0.10526109915615703,-0.25581298403169694,-0.3875176478023851,-0.3920520512473179,-0.3872056247291097,-0.7167864936319486,0
1.1923353313248095,0.364717969426236,-0.5831971252158481,-0.3920520512473179,-0.3872056247291097,-0.7599135019161535,0
1.1923353313248095,0.364717969426236,-0.46353701312847867,-0.3920520512473179,-0.3872056247291097,-0.7599135019161535,0
1.1923353313248095,0.364717969426236,-0.42411956444087456,-0.3920520512473179,-0.3872056247291097,-0.7599135019161535,1
-0.7643982865787651,-0.7522377467980433,-0.42411956444087456,-0.34154116956556646,-0.34857149330974596,-0.3178616670030528,0
0.10526109915615703,-0.25581298403169694,-0.6690708527138427,-0.3920520512473179,-0.3872056247291097,-0.7599135019161535,1
1.1923353313248095,0.364717969426236,-0.3002361542798333,-0.3920520512473179,-0.3872056247291097,-0.7599135019161535,1
0.10526109915615703,-0.25581298403169694,-0.46353701312847867,0.46663293734245653,0.5084037854470503,-0.5766237167082825,0
0.10526109915615703,-0.25581298403169694,2.187286411112894,1.6283832160227394,1.7201106345089139,2.269758830049244,0
1.1923353313248095,0.364717969426236,-0.5719349970193899,-0.3920520512473179,-0.3872056247291097,0.9543850773809931,1
0.6487982152404833,2.226310829800035,0.2882100439851129,-0.3920520512473179,-0.3872056247291097,-0.7599135019161535,1
1.1923353313248095,0.364717969426236,-0.0876634845716829,-0.19000852452031217,-0.10623012349737321,-0.2962981628609503,0
-0.7643982865787651,-0.7522377467980433,-0.46353701312847867,-0.3920520512473179,-0.3872056247291097,-0.5658419646372312,0
-0.329568593711304,1.1093551135757556,0.6626758065173514,-0.3920520512473179,-0.3872056247291097,-0.7599135019161535,1
-0.7643982865787651,-0.7522377467980433,-0.3706244555076977,-0.3920520512473179,-0.3872056247291097,-0.7599135019161535,0
-0.7643982865787651,-0.7522377467980433,-0.46353701312847867,-0.3920520512473179,-0.3872056247291097,2.949009210525472,1
1.1923353313248095,0.364717969426236,-0.46353701312847867,-0.3920520512473179,-0.3872056247291097,-0.7599135019161535,0
1.1923353313248095,0.364717969426236,-0.46353701312847867,0.012035002206693575,0.1747453777343633,2.032560284486117,0
1.1923353313248095,0.364717969426236,-0.0876634845716829,0.8202091091147165,1.2986473826613092,-0.42567918771356517,0
-0.7643982865787651,-0.7522377467980433,-0.29460509018160413,-0.3920520512473179,-0.3872056247291097,-0.40411568357146266,1
0.1777327146340672,3.5914789274074876,1.0385493350741473,-0.3920520512473179,-0.3872056247291097,1.4719091767914525,1
-0.7643982865787651,-0.7522377467980433,-0.46353701312847867,0.36561117397895354,0.19230634656134676,-0.6952229894898461,0
1.1923353313248095,0.364717969426236,-0.46353701312847867,-0.3920520512473179,-0.3872056247291097,2.2589770779781926,1
1.1923353313248095,0.364717969426236,-0.46353701312847867,-0.19000852452031217,-0.10623012349737321,0.7818770442441734,0
1.1923353313248095,0.364717969426236,-0.0876634845716829,-0.3920520512473179,-0.3872056247291097,-0.7599135019161535,0
-1.8514725187474177,-1.3727687002559763,-0.21717795883095334,-0.3920520512473179,-0.3872056247291097,0.4692062341836875,1
1.1923353313248095,0.364717969426236,2.388596952624586,-0.3920520512473179,-0.3872056247291097,0.25357119276266277,1
0.1777327146340672,3.5914789274074876,1.7888886261631813,-0.3920520512473179,-0.3872056247291097,0.25357119276266277,1
0.10526109915615703,-0.25581298403169694,-0.46353701312847867,-0.3920520512473179,-0.3872056247291097,-0.7599135019161535,0
-0.7643982865787651,-0.7522377467980433,-0.46353701312847867,-0.3920520512473179,-0.3872056247291097,-0.7599135019161535,1
1.1923353313248095,0.364717969426236,-0.0876634845716829,-0.3920520512473179,-0.3872056247291097,-0.4795879480688213,1
0.10526109915615703,-0.25581298403169694,-0.46353701312847867,-0.3920520512473179,-0.3872056247291097,-0.7599135019161535,0
1.1923353313248095,0.364717969426236,-0.46353701312847867,0.012035002206693575,0.1747453777343633,-0.21004414629254042,0
0.10526109915615703,-0.25581298403169694,-0.0876634845716829,-0.3920520512473179,-0.3872056247291097,-0.7599135019161535,0
-2.7211319044823394,-1.8691934630223226,-0.2382944491993127,-0.3920520512473179,-0.3872056247291097,-0.7599135019161535,0
0.10526109915615703,-0.25581298403169694,-0.46353701312847867,-0.3920520512473179,-0.3872056247291097,-0.7599135019161535,0
-0.8368699020566752,1.8539922577252752,1.0385493350741473,-0.3920520512473179,-0.3872056247291097,-0.7599135019161535,1
-2.7211319044823394,-1.8691934630223226,-0.46353701312847867,-0.3920520512473179,-0.3872056247291097,-0.7599135019161535,0
0.10526109915615703,-0.25581298403169694,-0.46353701312847867,-0.3920520512473179,-0.3872056247291097,-0.22082589836359165,1
-0.11215374727757349,4.832540834323353,1.7888886261631813,-0.3920520512473179,-0.3872056247291097,-0.7599135019161535,1
1.1923353313248095,0.364717969426236,-0.0876634845716829,-0.3920520512473179,-0.3872056247291097,-0.7599135019161535,0
1.1923353313248095,0.364717969426236,-0.46353701312847867,-0.3920520512473179,-0.3872056247291097,-0.7599135019161535,1
-0.7643982865787651,-0.7522377467980433,-0.46353701312847867,-0.3920520512473179,-0.3872056247291097,0.15653542412320162,1
0.21396852237302227,1.7298860670336886,0.4712196271775604,-0.3920520512473179,-0.3872056247291097,1.040639093949403,1
-1.8514725187474177,-1.3727687002559763,0.21219067865901947,-0.3920520512473179,-0.3872056247291097,-0.5658419646372312,1
0.10526109915615703,-0.25581298403169694,0.21219067865901947,2.1840029145220052,2.2996226057993705,1.1808018708730692,0
1.1923353313248095,0.364717969426236,-0.46353701312847867,-0.3920520512473179,-0.3872056247291097,-0.7599135019161535,0
-0.7643982865787651,-0.7522377467980433,-0.3875176478023851,-0.3920520512473179,-0.3872056247291097,0.7495317880310196,1
1.1923353313248095,0.364717969426236,0.21219067865901947,-0.2405194062020636,-0.17647399880530734,-0.4903697001398726,0
0.10526109915615703,-0.25581298403169694,-0.46353701312847867,-0.3920520512473179,-0.3872056247291097,-0.7599135019161535,0
1.1923353313248095,0.364717969426236,-0.269265301739573,-0.3920520512473179,-0.3872056247291097,-0.7599135019161535,1
-0.9818131330124955,-0.8763439374896299,-0.46353701312847867,-0.3920520512473179,-0.3872056247291097,-0.7599135019161535,1
1.1923353313248095,0.364717969426236,-0.08907125059624016,1.9314485061132483,2.8440126394358596,-0.4903697001398726,0
0.10526109915615703,-0.25581298403169694,-0.3875176478023851,-0.3920520512473179,-0.3872056247291097,1.7845799868519383,1
1.1923353313248095,0.364717969426236,-0.46353701312847867,-0.3920520512473179,-0.3872056247291097,-0.22082589836359165,1
-0.8731057097956303,0.48882416011782265,0.1305402492346968,-0.3920520512473179,-0.3872056247291097,2.0756872927703216,1
0.10526109915615703,-0.25581298403169694,-0.35936232731123935,-0.3920520512473179,-0.3872056247291097,1.040639093949403,1
0.6487982152404833,2.226310829800035,0.6401515501244348,-0.3920520512473179,-0.3872056247291097,-0.6520959812056412,1
0.10526109915615703,-0.25581298403169694,-0.31290604850084885,-0.291030287883815,-0.28183981176720857,2.215850069693988,0
0.6487982152404833,2.226310829800035,0.6767534667629242,-0.3920520512473179,-0.3872056247291097,1.1915836229441203,1
1.1923353313248095,0.364717969426236,-0.46353701312847867,-0.3920520512473179,-0.3872056247291097,-0.7599135019161535,0
-1.4166428258799566,-0.13170679334011035,0.6626758065173514,-0.3920520512473179,-0.3872056247291097,0.7387500359599685,1
-1.634057672313687,-1.2486625095643897,-0.46353701312847867,-0.3920520512473179,-0.3872056247291097,0.15653542412320162,1
1.1923353313248095,0.364717969426236,0.21219067865901947,-0.3920520512473179,-0.3872056247291097,2.949009210525472,1
-0.7643982865787651,-0.7522377467980433,-0.46353701312847867,-0.3920520512473179,-0.3872056247291097,0.8896945649546857,1
-0.7643982865787651,-0.7522377467980433,-0.46353701312847867,4.659036116927825,3.476207517207267,-0.27473465871884784,0
-0.7643982865787651,-0.7522377467980433,0.21219067865901947,-0.291030287883815,-0.3099373618903822,-0.4688061959977701,0
0.10526109915615703,-0.25581298403169694,-0.14256635952941707,-0.3920520512473179,-0.3872056247291097,-0.026754361084669397,1
-0.7643982865787651,-0.7522377467980433,-0.3706244555076977,-0.3920520512473179,-0.3872056247291097,-0.7599135019161535,1
-0.329568593711304,1.1093551135757556,0.6626758065173514,-0.3920520512473179,-0.3872056247291097,0.2104441844784578,1
0.10526109915615703,-0.25581298403169694,-0.2382944491993127,2.9416661397482766,3.0898662030136292,2.5716478880386786,0
0.10526109915615703,-0.25581298403169694,-0.46353701312847867,0.3151002922972022,0.3503550660041986,0.01637264719953555,0
1.1923353313248095,0.364717969426236,-0.4283428625145465,-0.3920520512473179,-0.3872056247291097,-0.7599135019161535,0
-2.503717058048609,-1.745087272330736,-0.08907125059624016,-0.3920520512473179,-0.3872056247291097,-0.7599135019161535,0
1.1923353313248095,0.364717969426236,-0.46353701312847867,-0.3920520512473179,-0.3872056247291097,-0.7599135019161535,0
-0.9818131330124955,-0.8763439374896299,0.21219067865901947,4.659036116927825,3.1249881406675963,-0.6197507249924874,0
1.1923353313248095,0.364717969426236,0.3895691977532377,-0.3920520512473179,-0.3872056247291097,-0.4148974356425139,1
0.10526109915615703,-0.25581298403169694,-0.46353701312847867,-0.3920520512473179,-0.3872056247291097,-0.7599135019161535,0
1.1923353313248095,0.364717969426236,-0.4156729682935309,-0.3920520512473179,-0.3872056247291097,-0.08066312143992559,1
0.10526109915615703,-0.25581298403169694,-0.31290604850084885,-0.3920520512473179,-0.3872056247291097,-0.6089689729214361,0
0.10526109915615703,-0.25581298403169694,-0.11159550698915678,-0.3920520512473179,-0.3872056247291097,-0.7599135019161535,0
0.10526109915615703,-0.25581298403169694,-0.13130423133295877,0.8707199907964679,0.9298670372946551,0.857349308741532,0
1.1923353313248095,0.364717969426236,-0.46353701312847867,-0.3920520512473179,-0.3872056247291097,-0.7599135019161535,1
-0.7643982865787651,-0.7522377467980433,0.07282184222784797,-0.3920520512473179,-0.3872056247291097,-0.7599135019161535,1
-0.7643982865787651,-0.7522377467980433,-0.46353701312847867,-0.3920520512473179,-0.3872056247291097,-0.7599135019161535,0
1.1923353313248095,0.364717969426236,-0.2382944491993127,-0.3920520512473179,-0.3872056247291097,-0.7599135019161535,1
0.10526109915615703,-0.25581298403169694,-0.46353701312847867,-0.3920520512473179,-0.3872056247291097,-0.7599135019161535,0
0.10526109915615703,-0.25581298403169694,-0.6690708527138427,4.6085252352460735,4.828402116884998,0.42607922589948255,0
-0.8368699020566752,1.8539922577252752,1.0385493350741473,-0.3920520512473179,-0.3872056247291097,-0.7599135019161535,1
-2.503717058048609,-1.745087272330736,-0.3889254138269424,-0.3920520512473179,-0.3872056247291097,-0.7599135019161535,0
-0.25709697823339384,2.846841783257968,1.9057332062014365,-0.3920520512473179,-0.3872056247291097,0.5770237548941999,1
1.1923353313248095,0.364717969426236,-0.46353701312847867,2.082981151158502,3.0547442653596626,0.7495317880310196,0
1.1923353313248095,0.364717969426236,-0.0876634845716829,-0.3920520512473179,-0.3872056247291097,-0.5334967084240775,1
0.10526109915615703,-0.25581298403169694,0.0319966275156865,3.951883773383305,4.143524332632641,-0.7491317498451022,0
0.10526109915615703,-0.25581298403169694,-0.0876634845716829,-0.03847587947505783,-0.018425279362455554,0.45842448211263626,0
-0.9818131330124955,-0.8763439374896299,-0.28756626005881775,-0.3920520512473179,-0.3872056247291097,-0.7599135019161535,1
0.10526109915615703,-0.25581298403169694,-0.0876634845716829,-0.3920520512473179,-0.3872056247291097,1.4180004164361963,1
1.1923353313248095,0.364717969426236,-0.46353701312847867,-0.3920520512473179,-0.3872056247291097,-0.7599135019161535,1
0.10526109915615703,-0.25581298403169694,-0.46353701312847867,-0.3920520512473179,-0.3872056247291097,1.3964369122940938,1
0.10526109915615703,-0.25581298403169694,-0.46353701312847867,1.7799158610679937,1.8781593539517656,1.3425281519388377,0
-2.7211319044823394,-1.8691934630223226,2.1647621547199773,-0.3920520512473179,-0.3872056247291097,-0.7599135019161535,0
1.1923353313248095,0.364717969426236,-0.46353701312847867,-0.2405194062020636,-0.17647399880530734,-0.7599135019161535,0
1.1923353313248095,0.364717969426236,0.21219067865901947,-0.3920520512473179,-0.3872056247291097,0.22122593654950906,1
0.6487982152404833,2.226310829800035,0.2882100439851129,-0.3920520512473179,-0.3872056247291097,-0.7599135019161535,1
-0.38392230531973665,4.212009880865421,2.1647621547199773,-0.3920520512473179,-0.3872056247291097,-0.7599135019161535,1
0.10526109915615703,-0.25581298403169694,-0.1341197633820734,-0.3920520512473179,-0.3872056247291097,1.6659807140703748,1
-1.8514725187474177,-1.3727687002559763,-0.46353701312847867,-0.3920520512473179,-0.3872056247291097,-0.7599135019161535,0
-1.8514725187474177,-1.3727687002559763,-0.0876634845716829,4.659036116927825,1.7201106345089139,0.9759485815230956,0
-0.7643982865787651,-0.7522377467980433,0.406462390047925,-0.3920520512473179,-0.3872056247291097,1.1592383667309667,1
-0.329568593711304,1.1093551135757556,1.0385493350741473,-0.3920520512473179,-0.3872056247291097,-0.005190856942566924,1
1.1923353313248095,0.364717969426236,-0.46353701312847867,-0.3920520512473179,-0.3872056247291097,0.6417142673205073,1
0.21396852237302227,1.7298860670336886,0.6739379347138097,-0.3920520512473179,-0.3872056247291097,2.4638303673281663,1
-1.8514725187474177,-1.3727687002559763,-0.0876634845716829,2.638600849657768,0.8771841308137045,-0.42567918771356517,0
0.10526109915615703,-0.25581298403169694,-0.46353701312847867,-0.03847587947505783,-0.018425279362455554,0.2859164489758165,0
1.1923353313248095,0.364717969426236,-0.46353701312847867,-0.3920520512473179,-0.3872056247291097,-0.7599135019161535,1
0.10526109915615703,-0.25581298403169694,-0.46353701312847867,-0.3920520512473179,-0.3872056247291097,-0.7599135019161535,1
1.1923353313248095,0.364717969426236,-0.0876634845716829,-0.3920520512473179,-0.3872056247291097,1.9570880199887581,1
-0.7643982865787651,-0.7522377467980433,-0.46353701312847867,1.123274399205225,0.7718183178518032,-0.6089689729214361,0
0.10526109915615703,-0.25581298403169694,-0.37625551960592685,-0.3920520512473179,-0.3872056247291097,-0.7599135019161535,0
1.1923353313248095,0.364717969426236,-0.46353701312847867,1.123274399205225,1.7201106345089139,0.39373396968632884,0
0.6487982152404833,2.226310829800035,1.0385493350741473,-0.3920520512473179,-0.3872056247291097,-0.4688061959977701,1
1.1923353313248095,0.364717969426236,-0.40159530804795807,-0.3920520512473179,-0.3872056247291097,-0.7599135019161535,1
0.6487982152404833,2.226310829800035,0.2882100439851129,-0.3920520512473179,-0.3872056247291097,-0.7599135019161535,1
-0.7643982865787651,-0.7522377467980433,-0.46353701312847867,-0.3920520512473179,-0.3872056247291097,-0.7599135019161535,0
0.10526109915615703,-0.25581298403169694,-0.46353701312847867,2.285024677885508,2.4049884187612713,1.8169252430650922,0
0.10526109915615703,-0.25581298403169694,-0.0876634845716829,0.36561117397895354,0.40303797248514917,-0.2531711545767454,0
0.10526109915615703,3.4673727367159013,2.1647621547199773,-0.3920520512473179,-0.3872056247291097,0.4152974738284313,1
0.10526109915615703,-0.25581298403169694,-0.46353701312847867,-0.3920520512473179,-0.3872056247291097,2.7980646815307546,1
1.1923353313248095,0.364717969426236,-0.37625551960592685,-0.3920520512473179,-0.3872056247291097,1.2994011436546327,0
-0.7643982865787651,-0.7522377467980433,-0.0876634845716829,-0.3920520512473179,-0.3872056247291097,-0.7599135019161535,1
-1.8514725187474177,-1.3727687002559763,-0.08907125059624016,-0.3920520512473179,-0.3872056247291097,-0.7599135019161535,1
0.10526109915615703,-0.25581298403169694,-0.46353701312847867,-0.3920520512473179,-0.3872056247291097,-0.7599135019161535,0
0.10526109915615703,-0.25581298403169694,0.21219067865901947,-0.3920520512473179,-0.3872056247291097,1.8061434909940408,1
0.10526109915615703,-0.25581298403169694,-0.0876634845716829,0.16356764725194786,0.19230634656134676,-0.5119332042819751,0
0.10526109915615703,-0.25581298403169694,-0.0876634845716829,1.4263396892957334,1.5093790085851118,0.2104441844784578,0
0.10526109915615703,-0.25581298403169694,-0.14256635952941707,2.3355355595672593,2.457671325242222,2.226631821765039,0
0.10526109915615703,-0.25581298403169694,0.21219067865901947,1.375828807613982,1.4566961021041611,-0.6736594853477436,0
1.1923353313248095,0.364717969426236,-0.23970221522386997,-0.3920520512473179,-0.3872056247291097,2.0649055406992707,1
-0.7643982865787651,-0.7522377467980433,-0.46353701312847867,-0.3920520512473179,-0.3872056247291097,-0.7599135019161535,1
-1.8514725187474177,-1.3727687002559763,-0.0876634845716829,2.0324702694767507,0.6243061797051418,-0.5981872208503849,0
-0.329568593711304,1.1093551135757556,1.560830530184901,-0.3920520512473179,-0.3872056247291097,-0.048317865226771874,1
1.1923353313248095,0.364717969426236,-0.46353701312847867,-0.3920520512473179,-0.3872056247291097,0.11340841583899668,1
-2.503717058048609,-1.745087272330736,-0.0876634845716829,-0.3920520512473179,-0.3872056247291097,-0.7599135019161535,0
0.10526109915615703,-0.25581298403169694,-0.37625551960592685,1.0222526358417223,1.0879157567375068,-0.7060047415608973,0
1.1923353313248095,0.364717969426236,-0.12426540121017235,-0.3920520512473179,-0.3872056247291097,1.5258179371467087,1
1.1923353313248095,0.364717969426236,0.21219067865901947,-0.3920520512473179,-0.3872056247291097,-0.7599135019161535,0
-2.068887365181148,-1.4968748909475629,-0.46353701312847867,-0.3920520512473179,-0.3872056247291097,-0.5011514522109238,0
-1.8514725187474177,-1.3727687002559763,1.5636460622340156,-0.3920520512473179,-0.3872056247291097,-0.7599135019161535,0
1.1923353313248095,0.364717969426236,0.21219067865901947,-0.3920520512473179,-0.3872056247291097,-0.4688061959977701,1
1.1923353313248095,0.364717969426236,-0.46353701312847867,-0.3920520512473179,-0.3872056247291097,-0.7599135019161535,0
1.1923353313248095,0.364717969426236,-0.46353701312847867,0.9717417541599709,1.5093790085851118,3.1862077560885993,0
-0.7643982865787651,-0.7522377467980433,-0.3875176478023851,-0.3920520512473179,-0.3872056247291097,-0.7599135019161535,1
-0.43827601692816925,0.985248922884169,0.2882100439851129,-0.3920520512473179,-0.3872056247291097,-0.7599135019161535,1
1.1923353313248095,0.364717969426236,-0.0876634845716829,-0.3920520512473179,-0.3872056247291097,-0.7599135019161535,1
-0.7643982865787651,-0.7522377467980433,-0.23970221522386997,-0.3920520512473179,-0.3872056247291097,-0.32864341907410405,1
-1.4166428258799566,0.8611427321925824,2.463208551926123,-0.3920520512473179,-0.3872056247291097,-0.6844412374187948,1
-0.329568593711304,1.1093551135757556,1.096267742080996,-0.3920520512473179,-0.3872056247291097,1.493472680933555,1
0.10526109915615703,-0.25581298403169694,-0.0876634845716829,-0.3920520512473179,-0.3872056247291097,-0.5227149563530263,1
-0.7643982865787651,-0.7522377467980433,-0.46353701312847867,-0.3920520512473179,-0.3872056247291097,1.3317463998677865,1
-2.2863022116148786,-1.1245563188728032,0.2882100439851129,-0.3920520512473179,-0.3872056247291097,1.8061434909940408,1
1.1923353313248095,0.364717969426236,-0.46353701312847867,-0.3920520512473179,-0.3872056247291097,1.7630164827098358,1
0.10526109915615703,-0.25581298403169694,-0.46353701312847867,0.06254588388844498,0.08694053359944565,-0.12379012972413053,0
0.10526109915615703,-0.25581298403169694,-0.0876634845716829,0.46663293734245653,0.5084037854470503,1.5689449454309137,0
1.1923353313248095,0.364717969426236,-0.0876634845716829,-0.3920520512473179,-0.3872056247291097,-0.7599135019161535,0
0.10526109915615703,-0.25581298403169694,-0.46353701312847867,-0.3920520512473179,-0.3872056247291097,0.39373396968632884,1
-0.7643982865787651,-0.7522377467980433,-0.46353701312847867,2.638600849657768,1.930842260432716,1.4180004164361963,0
0.10526109915615703,-0.25581298403169694,-0.46353701312847867,-0.3920520512473179,-0.3872056247291097,-0.7599135019161535,1
1.1923353313248095,0.364717969426236,-0.3509157311638957,-0.3920520512473179,-0.3872056247291097,-0.7599135019161535,0
0.10526109915615703,-0.25581298403169694,-0.46353701312847867,1.0222526358417223,1.0879157567375068,-0.7599135019161535,0
-0.9818131330124955,0.364717969426236,0.6626758065173514,-0.3920520512473179,-0.3872056247291097,-0.6736594853477436,1
0.6487982152404833,2.226310829800035,1.0385493350741473,-0.3920520512473179,-0.3872056247291097,0.717186531817866,1
0.10526109915615703,-0.25581298403169694,-0.0876634845716829,-0.3920520512473179,-0.3872056247291097,-0.7599135019161535,0
1.1923353313248095,0.364717969426236,-0.045430503834964164,-0.3920520512473179,-0.3872056247291097,-0.7599135019161535,1
1.1923353313248095,0.364717969426236,-0.16227508387321918,-0.3920520512473179,-0.3872056247291097,-0.5981872208503849,0
0.10526109915615703,-0.25581298403169694,-0.46353701312847867,-0.3920520512473179,-0.3872056247291097,-0.24238940250569413,1
1.1923353313248095,0.364717969426236,-0.46353701312847867,-0.3920520512473179,-0.3872056247291097,-0.7599135019161535,1
0.10526109915615703,-0.25581298403169694,-0.0876634845716829,-0.08898676115680931,-0.07110818584340615,-0.6952229894898461,0
0.21396852237302227,1.7298860670336886,0.9737920979445118,-0.3920520512473179,-0.3872056247291097,-0.7599135019161535,1
0.10526109915615703,-0.25581298403169694,-0.0876634845716829,-0.3920520512473179,-0.3872056247291097,2.0972507969124243,1
-0.4745118246671243,2.4745232111832083,1.1553939151124017,-0.3920520512473179,-0.3872056247291097,1.5905084495730162,1
0.10526109915615703,-0.25581298403169694,0.17699652804508728,-0.3920520512473179,-0.3872056247291097,-0.7599135019161535,1
-0.7643982865787651,-0.7522377467980433,-0.46353701312847867,4.659036116927825,3.476207517207267,0.4152974738284313,0
1.1923353313248095,0.364717969426236,-0.08907125059624016,-0.3920520512473179,-0.3872056247291097,-0.7599135019161535,1
1.1923353313248095,0.364717969426236,-0.46353701312847867,0.11305676557019646,0.3152331283502315,1.0945478543046592,0
1.1923353313248095,0.364717969426236,-0.46353701312847867,3.6993293649745485,5.302548275213554,1.5258179371467087,0
0.10526109915615703,-0.25581298403169694,-0.0876634845716829,0.06254588388844498,0.08694053359944565,0.9004763170257369,0
-1.8514725187474177,-1.3727687002559763,0.21219067865901947,-0.3920520512473179,-0.3872056247291097,-0.738349997774051,1
1.1923353313248095,0.364717969426236,-0.28756626005881775,-0.3920520512473179,-0.3872056247291097,-0.7599135019161535,0
-0.7643982865787651,-0.7522377467980433,-0.5198476541107703,-0.3920520512473179,-0.3872056247291097,1.7630164827098358,0
1.1923353313248095,0.364717969426236,-0.0876634845716829,-0.3920520512473179,-0.3872056247291097,0.5770237548941999,1
-0.7643982865787651,-0.7522377467980433,-0.42411956444087456,-0.3920520512473179,-0.3872056247291097,-0.7599135019161535,1
-0.7643982865787651,-0.7522377467980433,-0.3875176478023851,-0.3920520512473179,-0.3872056247291097,0.3182617051889702,1
0.10526109915615703,-0.25581298403169694,-0.46353701312847867,-0.2405194062020636,-0.2291569052862579,0.5338967466099949,0
-0.7643982865787651,-0.7522377467980433,-0.46353701312847867,-0.3920520512473179,-0.3872056247291097,1.860052251349297,1
0.6487982152404833,2.226310829800035,0.2882100439851129,-0.3920520512473179,-0.3872056247291097,-0.2962981628609503,1
-1.8514725187474177,-1.3727687002559763,-0.0876634845716829,-0.3920520512473179,-0.3872056247291097,-0.7599135019161535,1
-1.3079354026630914,-0.007600602648523745,1.277869559248886,-0.3920520512473179,-0.3872056247291097,2.636338400464986,1
-1.8514725187474177,-1.3727687002559763,-0.40581860612162984,-0.3920520512473179,-0.3872056247291097,-0.7599135019161535,1
-0.7643982865787651,-0.7522377467980433,-0.46353701312847867,-0.3920520512473179,-0.3872056247291097,-0.3825521794293602,1
-0.7643982865787651,-0.7522377467980433,-0.6338767020999104,-0.3920520512473179,-0.3872056247291097,-0.7275682457029998,0
-0.7643982865787651,-0.7522377467980433,-0.46353701312847867,-0.3920520512473179,-0.3872056247291097,-0.7599135019161535,1
1.1923353313248095,0.364717969426236,-0.46353701312847867,-0.3920520512473179,-0.3872056247291097,1.5689449454309137,0
0.10526109915615703,-0.25581298403169694,-0.041207205761292394,-0.3920520512473179,-0.3872056247291097,-0.7599135019161535,0
0.10526109915615703,-0.25581298403169694,-0.3734399875568123,1.0222526358417223,1.0879157567375068,-0.6952229894898461,0
-0.7643982865787651,-0.7522377467980433,-0.0876634845716829,-0.3920520512473179,-0.3872056247291097,-0.7599135019161535,0
1.1923353313248095,0.364717969426236,-0.07217805830155281,-0.3920520512473179,-0.3872056247291097,-0.7599135019161535,0
1.1923353313248095,0.364717969426236,-0.3509157311638957,-0.3920520512473179,-0.3872056247291097,0.7926587963152246,0
1.1923353313248095,0.364717969426236,-0.46353701312847867,-0.3920520512473179,-0.3872056247291097,0.6848412756047122,1
-0.329568593711304,1.1093551135757556,0.2882100439851129,-0.3920520512473179,-0.3872056247291097,-0.6413142291345899,1
1.1923353313248095,0.364717969426236,-0.024314013466605052,-0.3920520512473179,-0.3872056247291097,-0.7599135019161535,1
-0.7643982865787651,-0.7522377467980433,-0.32979924079553635,-0.3920520512473179,-0.3872056247291097,-0.7599135019161535,0
-0.7643982865787651,-0.7522377467980433,-0.46353701312847867,1.0222526358417223,0.6945500550130758,0.9975120856651981,0
-0.7643982865787651,-0.7522377467980433,0.21219067865901947,-0.3920520512473179,-0.3872056247291097,-0.7599135019161535,0
1.1923353313248095,0.364717969426236,-0.0876634845716829,2.2345137962037565,3.2654758912834647,-0.6952229894898461,0
-1.2535816910546587,2.226310829800035,4.838109835354267,-0.3920520512473179,-0.3872056247291097,-0.7599135019161535,1
-0.7643982865787651,-0.7522377467980433,-0.16227508387321918,1.4263396892957334,1.003623106367986,1.310182895725684,0
-1.8514725187474177,-1.3727687002559763,-0.46353701312847867,-0.3920520512473179,-0.3872056247291097,-0.5874054687793338,0
1.1923353313248095,0.364717969426236,-0.46353701312847867,-0.3920520512473179,-0.3872056247291097,1.5042544330046062,1
0.10526109915615703,-0.25581298403169694,-0.46353701312847867,-0.3920520512473179,-0.3872056247291097,-0.7599135019161535,1
1.1923353313248095,0.364717969426236,-0.46353701312847867,-0.3920520512473179,-0.3872056247291097,-0.7599135019161535,0
1.1923353313248095,0.364717969426236,-0.46353701312847867,-0.3920520512473179,-0.3872056247291097,-0.7599135019161535,0
1.1923353313248095,0.364717969426236,-0.28756626005881775,-0.3920520512473179,-0.3872056247291097,-0.7599135019161535,0
-1.8514725187474177,-1.3727687002559763,-0.46353701312847867,-0.3920520512473179,-0.3872056247291097,-0.7599135019161535,0
1.1923353313248095,0.364717969426236,-0.42411956444087456,0.6686764640694621,1.0879157567375068,-0.5011514522109238,0
0.10526109915615703,-0.25581298403169694,-0.46353701312847867,2.5375790862942647,2.6684029511660246,-0.16691713800833546,0
0.10526109915615703,-0.25581298403169694,-0.4128574362444163,-0.3920520512473179,-0.3872056247291097,-0.7599135019161535,0
1.1923353313248095,0.364717969426236,-0.46353701312847867,0.06254588388844498,0.2449892530422974,-0.5227149563530263,0
0.10526109915615703,-0.25581298403169694,1.5636460622340156,-0.3920520512473179,-0.3872056247291097,-0.05909961729782311,1
-1.8514725187474177,-1.3727687002559763,5.919274142214263,-0.3920520512473179,-0.3872056247291097,0.8789128128836345,1
0.10526109915615703,-0.25581298403169694,-0.46353701312847867,2.4870682046125134,2.615720044685074,0.8034405483862759,0
-0.7643982865787651,-0.7522377467980433,0.21219067865901947,-0.3920520512473179,-0.3872056247291097,0.8896945649546857,1
1.1923353313248095,0.364717969426236,-0.46353701312847867,-0.3920520512473179,-0.3872056247291097,-0.7599135019161535,1
-1.634057672313687,-0.3799191747232835,0.7527728320890179,-0.3920520512473179,-0.3872056247291097,-0.4795879480688213,1
0.10526109915615703,-0.25581298403169694,-0.46353701312847867,0.9717417541599709,1.0352328502565562,0.8357858045994295,0
-0.7643982865787651,-0.7522377467980433,-0.46353701312847867,0.6181655823877108,0.3854770036581656,-0.6197507249924874,0
0.10526109915615703,-0.25581298403169694,-0.0876634845716829,2.3355355595672593,2.457671325242222,0.6740595235336609,0
-0.7643982865787651,-0.7522377467980433,-0.46353701312847867,0.012035002206693575,-0.07813257337419956,-0.7167864936319486,0
0.10526109915615703,-0.25581298403169694,-0.46353701312847867,-0.3920520512473179,-0.3872056247291097,1.0514208460204544,1
-0.7643982865787651,-0.7522377467980433,0.07282184222784797,0.16356764725194786,0.03776982088389175,-0.5766237167082825,0
0.10526109915615703,-0.25581298403169694,-0.46353701312847867,3.1942205481570336,3.3532807354183825,1.267055887441479,0
-0.7643982865787651,-0.7522377467980433,-0.3706244555076977,-0.3920520512473179,-0.3872056247291097,-0.6305324770635387,1
1.1923353313248095,0.364717969426236,-0.6704786187384001,-0.3920520512473179,-0.3872056247291097,-0.21004414629254042,1
1.1923353313248095,0.364717969426236,-0.0876634845716829,-0.3920520512473179,-0.3872056247291097,-0.7599135019161535,0
-0.329568593711304,1.1093551135757556,0.5810253770930287,-0.3920520512473179,-0.3872056247291097,1.2562741353704279,1
1.1923353313248095,0.364717969426236,-0.46353701312847867,-0.3920520512473179,-0.3872056247291097,-0.5442784604951287,1
0.10526109915615703,-0.25581298403169694,-0.0876634845716829,3.4972858382475422,3.669378174304086,-0.145353633866233,0
-2.068887365181148,-1.4968748909475629,-0.3734399875568123,-0.3920520512473179,-0.3872056247291097,1.1484566146599153,0
1.1923353313248095,0.364717969426236,-0.46353701312847867,3.547796719929294,5.091816649289751,2.0541237886282193,0
-0.7643982865787651,-0.7522377467980433,-0.46353701312847867,-0.3920520512473179,-0.3872056247291097,-0.7599135019161535,1
0.10526109915615703,-0.25581298403169694,-0.0876634845716829,1.6788940977044908,1.7727935409898645,1.7630164827098358,0
1.1923353313248095,0.364717969426236,-0.46353701312847867,-0.3920520512473179,-0.3872056247291097,0.04871790341268926,1
0.10526109915615703,-0.25581298403169694,-0.35936232731123935,1.123274399205225,1.1932815696994081,1.2778376395125302,0
-0.7643982865787651,-0.7522377467980433,-0.46353701312847867,-0.3920520512473179,-0.3872056247291097,-0.11300837765307929,1
0.10526109915615703,-0.25581298403169694,-0.46353701312847867,4.6085252352460735,4.828402116884998,0.7495317880310196,0
0.10526109915615703,-0.25581298403169694,-0.46353701312847867,-0.3920520512473179,-0.3872056247291097,-0.7599135019161535,1
-0.7643982865787651,-0.7522377467980433,-0.46353701312847867,0.6686764640694621,0.4241111350775293,-0.7491317498451022,0
0.10526109915615703,-0.25581298403169694,-0.6704786187384001,-0.3920520512473179,-0.3872056247291097,-0.7599135019161535,1
1.1923353313248095,0.364717969426236,-0.3734399875568123,-0.3920520512473179,-0.3872056247291097,-0.5334967084240775,1
0.21396852237302227,1.7298860670336886,0.8865106044219602,-0.3920520512473179,-0.3872056247291097,0.037936151341638025,1
-0.7643982865787651,-0.7522377467980433,-0.31290604850084885,2.386046441249011,1.7376716033358972,1.5473814412888112,0
1.1923353313248095,0.364717969426236,-0.29460509018160413,-0.3920520512473179,-0.3872056247291097,1.676762466141426,1
1.1923353313248095,0.364717969426236,-0.0876634845716829,-0.3920520512473179,-0.3872056247291097,-0.7599135019161535,0
1.1923353313248095,0.364717969426236,13.42689035117828,-0.3920520512473179,-0.3872056247291097,-0.7599135019161535,0
0.10526109915615703,-0.25581298403169694,-0.46353701312847867,-0.3920520512473179,-0.3872056247291097,0.8789128128836345,1
-2.068887365181148,-1.4968748909475629,-0.1341197633820734,-0.2405194062020636,-0.3345227182481591,-0.7060047415608973,0
0.10526109915615703,-0.25581298403169694,-0.0876634845716829,-0.3920520512473179,-0.3872056247291097,-0.7599135019161535,0
-0.27521488210287137,4.460222262248594,2.540635683276773,-0.3920520512473179,-0.3872056247291097,-0.7599135019161535,1
-0.9818131330124955,-0.8763439374896299,-0.08907125059624016,-0.3920520512473179,-0.3872056247291097,0.33982520933107263,1
0.10526109915615703,-0.25581298403169694,-0.3889254138269424,-0.3920520512473179,-0.3872056247291097,0.7279682838889172,1
-2.503717058048609,-1.745087272330736,-0.46353701312847867,-0.3920520512473179,-0.3872056247291097,2.3667945986887053,1
0.10526109915615703,1.605779876342102,1.110345402326569,-0.3920520512473179,-0.3872056247291097,-0.08066312143992559,1
-0.7643982865787651,-0.7522377467980433,-0.46353701312847867,1.224296162568728,0.849086580690531,-0.6520959812056412,0
0.10526109915615703,-0.25581298403169694,-0.5860126572649628,-0.3920520512473179,-0.3872056247291097,-0.7599135019161535,1
0.10526109915615703,-0.25581298403169694,-0.46353701312847867,-0.3920520512473179,-0.3872056247291097,-0.6089689729214361,1
1.1923353313248095,0.364717969426236,-0.028537311540276826,-0.3920520512473179,-0.3872056247291097,1.9894332762019118,1
-1.8514725187474177,-1.3727687002559763,0.16151110177495695,-0.3920520512473179,-0.3872056247291097,-0.7599135019161535,0
1.1923353313248095,0.364717969426236,-0.35654679526212485,-0.3920520512473179,-0.3872056247291097,1.4180004164361963,1
1.1923353313248095,0.364717969426236,-0.46353701312847867,-0.3920520512473179,-0.3872056247291097,-0.7599135019161535,0
-2.503717058048609,-1.745087272330736,-0.08907125059624016,-0.3920520512473179,-0.3872056247291097,-0.7599135019161535,1
1.1923353313248095,0.364717969426236,-0.0876634845716829,-0.3920520512473179,-0.3872056247291097,1.0082938377362494,1
-0.18462536275548366,2.9709479739495546,1.0385493350741473,-0.3920520512473179,-0.3872056247291097,-0.7599135019161535,1
0.10526109915615703,-0.25581298403169694,-0.0876634845716829,-0.3920520512473179,-0.3872056247291097,-0.7599135019161535,0
1.1923353313248095,0.364717969426236,-0.46353701312847867,-0.3920520512473179,-0.3872056247291097,-0.6520959812056412,1
-0.8368699020566752,1.8539922577252752,1.4144228636309433,-0.3920520512473179,-0.3872056247291097,1.1484566146599153,1
-0.7643982865787651,-0.7522377467980433,-0.46353701312847867,-0.08898676115680931,-0.1554008362129271,1.4395639205782989,0
0.10526109915615703,-0.25581298403169694,-0.46353701312847867,-0.3920520512473179,-0.3872056247291097,-0.5658419646372312,1
1.1923353313248095,0.364717969426236,-0.46353701312847867,-0.3920520512473179,-0.3872056247291097,-0.5227149563530263,1
1.1923353313248095,0.364717969426236,-0.42411956444087456,-0.3920520512473179,-0.3872056247291097,-0.5334967084240775,1
0.6487982152404833,2.226310829800035,1.639665427560109,-0.3920520512473179,-0.3872056247291097,-0.026754361084669397,1
0.10526109915615703,-0.25581298403169694,-0.46353701312847867,1.375828807613982,1.4566961021041611,-0.3825521794293602,0
-0.7643982865787651,-0.7522377467980433,-0.46353701312847867,4.659036116927825,3.476207517207267,-0.13457188179518176,0
0.10526109915615703,-0.25581298403169694,-0.028537311540276826,-0.03847587947505783,-0.018425279362455554,-0.7599135019161535,0
-0.9818131330124955,-0.8763439374896299,-0.46353701312847867,-0.3920520512473179,-0.3872056247291097,-0.7599135019161535,0
-1.8514725187474177,-1.3727687002559763,-0.34950796513933846,-0.3920520512473179,-0.3872056247291097,-0.7599135019161535,0
0.10526109915615703,-0.25581298403169694,-0.46353701312847867,1.123274399205225,1.1932815696994081,-0.2531711545767454,0
-2.068887365181148,-1.4968748909475629,-0.42411956444087456,4.659036116927825,1.3688912579692434,0.4045157217573801,0
1.1923353313248095,0.364717969426236,-0.0876634845716829,-0.3920520512473179,-0.3872056247291097,-0.3825521794293602,1
1.1923353313248095,0.364717969426236,2.388596952624586,-0.3920520512473179,-0.3872056247291097,1.9570880199887581,1
-1.8514725187474177,-1.3727687002559763,-0.40159530804795807,-0.3920520512473179,-0.3872056247291097,-0.7599135019161535,1
1.1923353313248095,0.364717969426236,-0.40581860612162984,-0.3920520512473179,-0.3872056247291097,-0.09144487351097681,1
0.6487982152404833,2.226310829800035,0.7386951718434448,-0.3920520512473179,-0.3872056247291097,-0.7599135019161535,1
-0.7643982865787651,-0.7522377467980433,-0.16227508387321918,4.659036116927825,3.476207517207267,-0.037536113155720634,0
-1.8514725187474177,-1.3727687002559763,0.21219067865901947,4.153927300110311,1.5093790085851118,-0.7599135019161535,0
1.1923353313248095,0.364717969426236,-0.3875176478023851,-0.3920520512473179,-0.3872056247291097,-0.7599135019161535,0
0.10526109915615703,-0.25581298403169694,-0.46353701312847867,-0.3920520512473179,-0.3872056247291097,1.2994011436546327,1
-2.7211319044823394,-1.8691934630223226,-0.31431381452540624,-0.3920520512473179,-0.3872056247291097,-0.7599135019161535,1
0.10526109915615703,-0.25581298403169694,-0.4156729682935309,-0.3920520512473179,-0.3872056247291097,-0.7599135019161535,1
-2.7211319044823394,-1.8691934630223226,-0.0876634845716829,-0.3920520512473179,-0.3872056247291097,-0.7599135019161535,0
1.1923353313248095,0.364717969426236,-0.46353701312847867,-0.3920520512473179,-0.3872056247291097,-0.7599135019161535,1
-0.7643982865787651,-0.7522377467980433,-0.0876634845716829,-0.3920520512473179,-0.3872056247291097,-0.7599135019161535,1
-0.8731057097956303,0.48882416011782265,1.1582094471615167,-0.3920520512473179,-0.3872056247291097,3.0244814750228306,1
-0.7643982865787651,-0.7522377467980433,-0.46353701312847867,-0.3920520512473179,-0.3872056247291097,-0.7599135019161535,1
-0.7643982865787651,-0.7522377467980433,-0.08907125059624016,-0.3920520512473179,-0.3872056247291097,-0.7599135019161535,0
1.1923353313248095,0.364717969426236,-0.16227508387321918,-0.3920520512473179,-0.3872056247291097,0.6848412756047122,1
0.10526109915615703,-0.25581298403169694,-0.0876634845716829,-0.3920520512473179,-0.3872056247291097,-0.7599135019161535,1
0.10526109915615703,-0.25581298403169694,-0.0876634845716829,-0.3920520512473179,-0.3872056247291097,-0.7599135019161535,0
0.10526109915615703,1.605779876342102,1.03714156904959,-0.3920520512473179,-0.3872056247291097,0.39373396968632884,1
-0.7643982865787651,-0.7522377467980433,-0.16227508387321918,-0.03847587947505783,-0.11676670479356335,-0.22082589836359165,0
1.1923353313248095,0.364717969426236,-0.0876634845716829,-0.3920520512473179,-0.3872056247291097,-0.6844412374187948,0
0.10526109915615703,-0.25581298403169694,0.21219067865901947,1.375828807613982,1.4566961021041611,0.4368609779705338,0
1.1923353313248095,0.364717969426236,-0.46353701312847867,-0.3920520512473179,-0.3872056247291097,-0.7599135019161535,0
1.1923353313248095,0.364717969426236,-0.46353701312847867,-0.3920520512473179,-0.3872056247291097,0.9651668294520444,0
1.1923353313248095,0.364717969426236,0.21219067865901947,-0.3920520512473179,-0.3872056247291097,-0.7060047415608973,1
-0.7643982865787651,-0.7522377467980433,-0.46353701312847867,-0.3920520512473179,-0.3872056247291097,2.183504813480834,1
-0.8731057097956303,0.48882416011782265,1.183549235603548,-0.3920520512473179,-0.3872056247291097,0.2427894406916115,1
1.1923353313248095,0.364717969426236,-0.0876634845716829,2.891155258066525,4.178646270286608,1.3964369122940938,0
0.10526109915615703,-0.25581298403169694,-0.0876634845716829,0.11305676557019646,0.1396234400803962,-0.30707991493200154,0
1.1923353313248095,0.364717969426236,-0.16227508387321918,-0.3920520512473179,-0.3872056247291097,1.6659807140703748,1
1.1923353313248095,0.364717969426236,0.16151110177495695,-0.3920520512473179,-0.3872056247291097,2.4853938714702686,1
1.1923353313248095,0.364717969426236,-0.46353701312847867,-0.3920520512473179,-0.3872056247291097,-0.7599135019161535,1
0.6487982152404833,2.226310829800035,1.0385493350741473,-0.3920520512473179,-0.3872056247291097,-0.7599135019161535,1
1.1923353313248095,0.364717969426236,0.21219067865901947,-0.3920520512473179,-0.3872056247291097,-0.39333393150041146,1
0.10526109915615703,-0.25581298403169694,-0.0876634845716829,-0.3920520512473179,-0.3872056247291097,-0.7599135019161535,1
-0.329568593711304,1.1093551135757556,0.5880642072158152,-0.3920520512473179,-0.3872056247291097,2.000215028272963,1
1.1923353313248095,0.364717969426236,-0.46353701312847867,-0.3920520512473179,-0.3872056247291097,0.9651668294520444,1
-2.068887365181148,-1.4968748909475629,-0.46353701312847867,-0.3920520512473179,-0.3872056247291097,-0.7599135019161535,1
0.10526109915615703,-0.25581298403169694,0.04748205378581684,0.06254588388844498,0.08694053359944565,-0.7599135019161535,0
0.10526109915615703,-0.25581298403169694,-0.14256635952941707,1.5273614526592365,1.6147448215470128,-0.3502069232162065,0
1.1923353313248095,0.364717969426236,-0.2382944491993127,-0.3920520512473179,-0.3872056247291097,-0.7599135019161535,0
-0.9818131330124955,-0.8763439374896299,-0.013051885270146741,-0.3920520512473179,-0.3872056247291097,-0.6413142291345899,0
0.10526109915615703,-0.25581298403169694,-0.16227508387321918,-0.3920520512473179,-0.3872056247291097,2.356012846617654,1
-0.7643982865787651,-0.7522377467980433,-0.46353701312847867,-0.3920520512473179,-0.3872056247291097,-0.7599135019161535,0
-0.7643982865787651,-0.7522377467980433,-0.3509157311638957,-0.3920520512473179,-0.3872056247291097,-0.7599135019161535,0
0.10526109915615703,-0.25581298403169694,0.16714216587318623,-0.3920520512473179,-0.3872056247291097,2.0109967803440143,1
0.10526109915615703,-0.25581298403169694,-0.46353701312847867,-0.3920520512473179,-0.3872056247291097,1.267055887441479,1
1.1923353313248095,0.364717969426236,-0.0876634845716829,-0.3920520512473179,-0.3872056247291097,-0.7599135019161535,1
0.21396852237302227,1.7298860670336886,0.2882100439851129,-0.3920520512473179,-0.3872056247291097,-0.7599135019161535,1
0.10526109915615703,-0.25581298403169694,-0.42411956444087456,4.6085252352460735,4.828402116884998,0.5123332424678925,0
-0.7643982865787651,-0.7522377467980433,-0.31290604850084885,-0.3920520512473179,-0.3872056247291097,-0.7599135019161535,1
-0.7643982865787651,-0.7522377467980433,-0.37625551960592685,-0.3920520512473179,-0.3872056247291097,-0.7599135019161535,1
1.1923353313248095,0.364717969426236,-0.46353701312847867,-0.34154116956556646,-0.31696174942117555,0.8250040525283783,0
1.1923353313248095,0.364717969426236,0.21219067865901947,-0.3920520512473179,-0.3872056247291097,0.7603135401020709,1
1.1923353313248095,0.364717969426236,-0.3875176478023851,-0.03847587947505783,0.1045015024264291,2.043342036557168,0
1.1923353313248095,0.364717969426236,-0.0876634845716829,-0.3920520512473179,-0.3872056247291097,-0.7599135019161535,0
0.10526109915615703,-0.25581298403169694,-0.46353701312847867,-0.3920520512473179,-0.3872056247291097,-0.7599135019161535,0
-1.8514725187474177,-1.3727687002559763,-0.0876634845716829,-0.3920520512473179,-0.3872056247291097,-0.7599135019161535,0
0.10526109915615703,-0.25581298403169694,-0.46353701312847867,-0.3920520512473179,-0.3872056247291097,1.8708340034203483,1
1.1923353313248095,0.364717969426236,-0.013051885270146741,-0.3920520512473179,-0.3872056247291097,0.9112580690967882,0
0.10526109915615703,-0.25581298403169694,0.0319966275156865,-0.3920520512473179,-0.3872056247291097,-0.7599135019161535,0
0.10526109915615703,-0.25581298403169694,-0.46353701312847867,-0.3920520512473179,-0.3872056247291097,0.4152974738284313,1
-0.8731057097956303,0.48882416011782265,0.6626758065173514,-0.3920520512473179,-0.3872056247291097,-0.7167864936319486,1
0.10526109915615703,-0.25581298403169694,-0.46353701312847867,-0.3920520512473179,-0.3872056247291097,-0.7599135019161535,0
0.10526109915615703,-0.25581298403169694,-0.46353701312847867,-0.3920520512473179,-0.3872056247291097,-0.7599135019161535,0
0.10526109915615703,-0.25581298403169694,-0.028537311540276826,-0.3920520512473179,-0.3872056247291097,-0.7599135019161535,0
0.10526109915615703,-0.25581298403169694,1.5636460622340156,-0.3920520512473179,-0.3872056247291097,-0.7599135019161535,1
0.10526109915615703,-0.25581298403169694,-0.0876634845716829,-0.3920520512473179,-0.3872056247291097,-0.5874054687793338,1
1.1923353313248095,0.364717969426236,-0.3875176478023851,-0.3920520512473179,-0.3872056247291097,-0.7599135019161535,0
1.1923353313248095,0.364717969426236,-0.46353701312847867,-0.2405194062020636,-0.17647399880530734,-0.7491317498451022,0
-0.6556908633618997,0.7370365415009958,0.28680227796055563,-0.3920520512473179,-0.3872056247291097,1.3533099040098888,1
-0.7643982865787651,-0.7522377467980433,0.24738482927295166,-0.3920520512473179,-0.3872056247291097,1.0190755898073005,1
0.10526109915615703,-0.25581298403169694,-0.46353701312847867,-0.3920520512473179,-0.3872056247291097,1.2886193915835815,1
1.1923353313248095,0.364717969426236,-0.46353701312847867,-0.3920520512473179,-0.3872056247291097,1.1484566146599153,1
0.10526109915615703,-0.25581298403169694,-0.3706244555076977,2.1840029145220052,2.2996226057993705,-0.6197507249924874,0
0.10526109915615703,-0.25581298403169694,-0.46353701312847867,-0.3920520512473179,-0.3872056247291097,-0.7599135019161535,1
-2.068887365181148,-1.4968748909475629,-0.14819742362764624,1.1737852808869764,0.15718440890737975,-0.738349997774051,0
0.10526109915615703,-0.25581298403169694,-0.3875176478023851,-0.3920520512473179,-0.3872056247291097,-0.7060047415608973,1
1.1923353313248095,0.364717969426236,-0.46353701312847867,-0.3920520512473179,-0.3872056247291097,-0.7599135019161535,0
1.1923353313248095,0.364717969426236,-0.46353701312847867,-0.3920520512473179,-0.3872056247291097,1.5581631933598623,0
0.10526109915615703,-0.25581298403169694,-0.46353701312847867,-0.3920520512473179,-0.3872056247291097,0.04871790341268926,1
-1.8514725187474177,-1.3727687002559763,5.919274142214263,0.6686764640694621,0.055330789710875294,-0.08066312143992559,0
0.10526109915615703,-0.25581298403169694,-0.0876634845716829,-0.3920520512473179,-0.3872056247291097,-0.7599135019161535,0
-1.8514725187474177,-1.3727687002559763,-0.46353701312847867,-0.3920520512473179,-0.3872056247291097,0.9004763170257369,1
-0.9093415175345854,1.7298860670336886,2.090150555418441,-0.3920520512473179,-0.3872056247291097,0.7387500359599685,1
-0.7643982865787651,-0.7522377467980433,-0.46353701312847867,-0.3920520512473179,-0.3872056247291097,0.08106315962584297,1
-0.7643982865787651,-0.7522377467980433,-0.41848850034264545,-0.3920520512473179,-0.3872056247291097,0.9328215732388907,1
0.10526109915615703,-0.25581298403169694,-0.0792168884243391,4.6085252352460735,4.828402116884998,-0.15613538593728424,0
0.21396852237302227,1.7298860670336886,0.8090834730713092,-0.3920520512473179,-0.3872056247291097,0.6632777714626098,1
1.1923353313248095,0.364717969426236,-0.0876634845716829,-0.291030287883815,-0.24671787411324145,-0.7060047415608973,0
0.10526109915615703,-0.25581298403169694,-0.0876634845716829,1.7799158610679937,1.8781593539517656,-0.5119332042819751,0
1.1923353313248095,0.364717969426236,-0.37907105165504146,0.5676547007059594,0.9474280061216386,-0.5334967084240775,0
-0.7643982865787651,-0.7522377467980433,-0.46353701312847867,-0.3920520512473179,-0.3872056247291097,-0.5334967084240775,0
1.1923353313248095,0.364717969426236,-0.08907125059624016,-0.3920520512473179,-0.3872056247291097,1.2886193915835815,1
0.10526109915615703,-0.25581298403169694,0.21219067865901947,0.012035002206693575,0.034257627118495,-0.7599135019161535,0
1.1923353313248095,0.364717969426236,-0.46353701312847867,-0.34154116956556646,-0.31696174942117555,-0.7599135019161535,0
-0.7643982865787651,-0.7522377467980433,0.21219067865901947,-0.3920520512473179,-0.3872056247291097,0.2751346969047652,1
0.21396852237302227,1.7298860670336886,0.2882100439851129,-0.3920520512473179,-0.3872056247291097,-0.7599135019161535,1
1.1923353313248095,0.364717969426236,-0.0876634845716829,-0.3920520512473179,-0.3872056247291097,-0.7599135019161535,1
1.1923353313248095,0.364717969426236,-0.3509157311638957,-0.3920520512473179,-0.3872056247291097,0.4799879862547387,1
0.10526109915615703,-0.25581298403169694,-0.38329434972871324,-0.3920520512473179,-0.3872056247291097,-0.7599135019161535,1
0.10526109915615703,-0.25581298403169694,-0.31290604850084885,-0.3920520512473179,-0.3872056247291097,-0.7599135019161535,1
1.1923353313248095,0.364717969426236,-0.42411956444087456,-0.3920520512473179,-0.3872056247291097,-0.7599135019161535,1
1.1923353313248095,0.364717969426236,0.17558876202052978,-0.3920520512473179,-0.3872056247291097,-0.048317865226771874,1
1.1923353313248095,0.364717969426236,-0.46353701312847867,-0.19000852452031217,-0.10623012349737321,1.903179259633502,0
1.1923353313248095,0.364717969426236,-0.38329434972871324,-0.3920520512473179,-0.3872056247291097,-0.7491317498451022,0
1.1923353313248095,0.364717969426236,-0.0876634845716829,-0.3920520512473179,-0.3872056247291097,1.5150361850756575,0
1.1923353313248095,0.364717969426236,-0.46353701312847867,-0.3920520512473179,-0.3872056247291097,-0.7599135019161535,1
0.10526109915615703,-0.25581298403169694,-0.3875176478023851,-0.3920520512473179,-0.3872056247291097,-0.7599135019161535,0
-0.7643982865787651,-0.7522377467980433,-0.013051885270146741,-0.3920520512473179,-0.3872056247291097,-0.6089689729214361,1
0.10526109915615703,-0.25581298403169694,0.21219067865901947,-0.3920520512473179,-0.3872056247291097,-0.7599135019161535,0
-0.7643982865787651,-0.7522377467980433,-0.6338767020999104,-0.2405194062020636,-0.2713032304710184,1.267055887441479,0
-0.7643982865787651,-0.7522377467980433,-0.46353701312847867,-0.3920520512473179,-0.3872056247291097,-0.7599135019161535,0
-0.7643982865787651,-0.7522377467980433,-0.46353701312847867,4.659036116927825,3.476207517207267,0.04871790341268926,0
-0.9818131330124955,-0.8763439374896299,-0.28756626005881775,-0.3920520512473179,-0.3872056247291097,-0.7599135019161535,0
1.1923353313248095,0.364717969426236,-0.0876634845716829,-0.3920520512473179,-0.3872056247291097,-0.7599135019161535,1
0.10526109915615703,-0.25581298403169694,-0.12004210313650057,-0.3920520512473179,-0.3872056247291097,-0.7599135019161535,0
0.10526109915615703,-0.25581298403169694,-0.42411956444087456,4.6085252352460735,4.828402116884998,0.9759485815230956,0
-0.7643982865787651,-0.7522377467980433,-0.37625551960592685,-0.3920520512473179,-0.3872056247291097,0.9220398211678394,1
1.1923353313248095,0.364717969426236,-0.46353701312847867,-0.3920520512473179,-0.3872056247291097,-0.7599135019161535,0
-1.8514725187474177,-1.3727687002559763,-0.08907125059624016,-0.3920520512473179,-0.3872056247291097,-0.7167864936319486,1
0.10526109915615703,-0.25581298403169694,-0.3875176478023851,-0.3920520512473179,-0.3872056247291097,-0.7599135019161535,0
1.1923353313248095,0.364717969426236,-0.46353701312847867,-0.3920520512473179,-0.3872056247291097,-0.7599135019161535,1
0.10526109915615703,-0.25581298403169694,-0.46353701312847867,-0.3920520512473179,-0.3872056247291097,-0.7599135019161535,1
-1.8514725187474177,-1.3727687002559763,-0.0876634845716829,1.1737852808869764,0.2660624156346776,-0.6520959812056412,0
1.1923353313248095,0.364717969426236,-0.0876634845716829,-0.3920520512473179,-0.3872056247291097,-0.5874054687793338,1
1.1923353313248095,0.364717969426236,-0.4128574362444163,-0.3920520512473179,-0.3872056247291097,-0.7599135019161535,0
-0.7643982865787651,-0.7522377467980433,-0.42975062853910373,-0.3920520512473179,-0.3872056247291097,-0.7599135019161535,1
-0.7643982865787651,-0.7522377467980433,1.8620924594401607,-0.3920520512473179,-0.3872056247291097,-0.7599135019161535,1
1.1923353313248095,0.364717969426236,-0.46353701312847867,2.0324702694767507,2.984500390051728,0.7387500359599685,0
1.1923353313248095,0.364717969426236,-0.0876634845716829,-0.34154116956556646,-0.31696174942117555,-0.7491317498451022,0
0.10526109915615703,-0.25581298403169694,-0.3002361542798333,-0.3920520512473179,-0.3872056247291097,-0.5119332042819751,1
0.10526109915615703,-0.25581298403169694,-0.46353701312847867,1.0222526358417223,1.0879157567375068,2.40992160697291,0
1.1923353313248095,0.364717969426236,-0.46353701312847867,-0.3920520512473179,-0.3872056247291097,-0.3825521794293602,1
0.21396852237302227,1.7298860670336886,0.2882100439851129,-0.3920520512473179,-0.3872056247291097,-0.7599135019161535,1
-0.7643982865787651,-0.7522377467980433,-0.46353701312847867,-0.3920520512473179,-0.3872056247291097,-0.7599135019161535,0
-1.3079354026630914,-0.007600602648523745,0.6626758065173514,-0.3920520512473179,-0.3872056247291097,1.676762466141426,1
-1.8514725187474177,-1.3727687002559763,-0.3875176478023851,3.4972858382475422,1.2354278948841684,1.719889474425631,0
1.1923353313248095,0.364717969426236,-0.28756626005881775,-0.3920520512473179,-0.3872056247291097,-0.7599135019161535,0
-2.503717058048609,-1.745087272330736,-0.02572177949116231,-0.3920520512473179,-0.3872056247291097,1.2994011436546327,1
1.1923353313248095,0.364717969426236,-0.46353701312847867,-0.3920520512473179,-0.3872056247291097,-0.7599135019161535,1
0.10526109915615703,-0.25581298403169694,1.5636460622340156,-0.3920520512473179,-0.3872056247291097,0.01637264719953555,1
1.1923353313248095,0.364717969426236,-0.269265301739573,0.8202091091147165,1.2986473826613092,0.9867303335941469,0
1.1923353313248095,0.364717969426236,-0.29460509018160413,-0.3920520512473179,-0.3872056247291097,-0.4688061959977701,1
-0.7643982865787651,-0.7522377467980433,-0.40300307407251534,-0.3920520512473179,-0.3872056247291097,-0.7599135019161535,0
-0.6556908633618997,0.7370365415009958,3.514809772270416,-0.3920520512473179,-0.3872056247291097,2.269758830049244,1
-1.8514725187474177,-1.3727687002559763,-0.46353701312847867,-0.3920520512473179,-0.3872056247291097,-0.7599135019161535,0
0.10526109915615703,-0.25581298403169694,0.21219067865901947,-0.3920520512473179,-0.3872056247291097,-0.7599135019161535,0
-0.329568593711304,1.1093551135757556,0.2882100439851129,-0.3920520512473179,-0.3872056247291097,1.6444172099282723,1
-0.7643982865787651,-0.7522377467980433,-0.3706244555076977,-0.3920520512473179,-0.3872056247291097,-0.7599135019161535,0
1.1923353313248095,0.364717969426236,-0.0876634845716829,3.244731429838785,4.670353397442147,2.1619413093387316,0
-0.9818131330124955,-0.8763439374896299,-0.46353701312847867,-0.3920520512473179,-0.3872056247291097,-0.7599135019161535,0
-0.329568593711304,1.1093551135757556,1.189180299701777,-0.3920520512473179,-0.3872056247291097,2.4638303673281663,1
-0.7643982865787651,-0.7522377467980433,0.6373360180753203,-0.3920520512473179,-0.3872056247291097,0.02715439927058679,1
0.6487982152404833,2.226310829800035,0.2882100439851129,-0.3920520512473179,-0.3872056247291097,-0.145353633866233,1
1.1923353313248095,0.364717969426236,-0.46353701312847867,-0.3920520512473179,-0.3872056247291097,1.8384887472071945,1
0.10526109915615703,-0.25581298403169694,0.24738482927295166,-0.3920520512473179,-0.3872056247291097,-0.7599135019161535,1
-1.8514725187474177,-1.3727687002559763,0.21219067865901947,-0.3920520512473179,-0.3872056247291097,-0.7599135019161535,0
-0.7643982865787651,-0.7522377467980433,-0.46353701312847867,-0.3920520512473179,-0.3872056247291097,0.01637264719953555,0
1.1923353313248095,0.364717969426236,-0.46353701312847867,-0.3920520512473179,-0.3872056247291097,1.4287821685072475,1
-1.8514725187474177,-1.3727687002559763,-0.46353701312847867,-0.3920520512473179,-0.3872056247291097,-0.7599135019161535,1
1.1923353313248095,0.364717969426236,-0.46353701312847867,-0.3920520512473179,-0.3872056247291097,-0.10222662558202805,1
0.10526109915615703,-0.25581298403169694,-0.2031002985853805,-0.3920520512473179,-0.3872056247291097,-0.7599135019161535,1
0.6487982152404833,2.226310829800035,0.2882100439851129,-0.3920520512473179,-0.3872056247291097,-0.7599135019161535,1
0.10526109915615703,-0.25581298403169694,-0.28756626005881775,-0.3920520512473179,-0.3872056247291097,0.7387500359599685,0
1.1923353313248095,0.364717969426236,-0.4128574362444163,-0.3920520512473179,-0.3872056247291097,2.172723061409783,0
0.10526109915615703,-0.25581298403169694,0.21219067865901947,1.224296162568728,1.2986473826613092,-0.4903697001398726,0
1.1923353313248095,0.364717969426236,-0.269265301739573,-0.3920520512473179,-0.3872056247291097,-0.7599135019161535,1
-2.503717058048609,-1.745087272330736,-0.46353701312847867,-0.3920520512473179,-0.3872056247291097,-0.7599135019161535,0
1.1923353313248095,0.364717969426236,-0.4353816926373329,-0.3920520512473179,-0.3872056247291097,-0.7599135019161535,0
-0.7643982865787651,-0.7522377467980433,-0.0876634845716829,-0.3920520512473179,-0.3872056247291097,-0.7599135019161535,0
0.10526109915615703,-0.25581298403169694,-0.46353701312847867,-0.3920520512473179,-0.3872056247291097,-0.6305324770635387,1
-0.7643982865787651,-0.7522377467980433,-0.4128574362444163,-0.3920520512473179,-0.3872056247291097,-0.4364609397846164,1
1.1923353313248095,0.364717969426236,-0.46353701312847867,-0.3920520512473179,-0.3872056247291097,-0.7167864936319486,1
0.10526109915615703,-0.25581298403169694,-0.0876634845716829,1.123274399205225,1.1932815696994081,-0.4688061959977701,0
-0.7643982865787651,-0.7522377467980433,-0.46353701312847867,-0.3920520512473179,-0.3872056247291097,1.9355245158466556,0
0.10526109915615703,-0.25581298403169694,-0.46353701312847867,-0.291030287883815,-0.28183981176720857,0.1457536720521504,0
-1.8514725187474177,-1.3727687002559763,-0.3875176478023851,-0.3920520512473179,-0.3872056247291097,1.6659807140703748,1
1.1923353313248095,0.364717969426236,-0.21436242678183884,-0.3920520512473179,-0.3872056247291097,-0.7599135019161535,1
-0.7643982865787651,-0.7522377467980433,-0.0876634845716829,-0.3920520512473179,-0.3872056247291097,-0.7599135019161535,0
-0.7643982865787651,-0.7522377467980433,-0.46353701312847867,-0.3920520512473179,-0.3872056247291097,1.0729843501625567,1
-0.18462536275548366,2.9709479739495546,1.0385493350741473,-0.3920520512473179,-0.3872056247291097,1.5797266975019648,1
-0.7643982865787651,-0.7522377467980433,-0.3875176478023851,-0.34154116956556646,-0.34857149330974596,-0.6736594853477436,0
-0.7643982865787651,-0.7522377467980433,-0.46916807722670784,-0.3920520512473179,-0.3872056247291097,-0.7599135019161535,0
0.6487982152404833,2.226310829800035,0.6922388930330543,-0.3920520512473179,-0.3872056247291097,-0.5981872208503849,1
-0.9818131330124955,-0.8763439374896299,-0.46353701312847867,-0.3920520512473179,-0.3872056247291097,0.1780989282653041,1
0.10526109915615703,-0.25581298403169694,-0.1341197633820734,-0.3920520512473179,-0.3872056247291097,-0.7599135019161535,0
0.10526109915615703,-0.25581298403169694,-0.42411956444087456,-0.3920520512473179,-0.3872056247291097,-0.7599135019161535,0
1.1923353313248095,0.364717969426236,-0.46353701312847867,-0.3920520512473179,-0.3872056247291097,-0.7599135019161535,1
-0.7643982865787651,-0.7522377467980433,-0.46353701312847867,-0.3920520512473179,-0.3872056247291097,-0.7599135019161535,1
-0.8731057097956303,0.48882416011782265,0.2882100439851129,-0.3920520512473179,-0.3872056247291097,-0.40411568357146266,1
-0.329568593711304,1.1093551135757556,1.0385493350741473,-0.3920520512473179,-0.3872056247291097,-0.7599135019161535,1
1.1923353313248095,0.364717969426236,-0.46353701312847867,0.8202091091147165,1.2986473826613092,0.6956230276757635,0
1.1923353313248095,0.364717969426236,-0.31290604850084885,0.21407852893369927,0.45572087896609975,-0.5334967084240775,0
0.10526109915615703,-0.25581298403169694,-0.0876634845716829,-0.3920520512473179,-0.3872056247291097,-0.5658419646372312,1
-1.8514725187474177,-1.3727687002559763,0.2741323837395401,-0.3920520512473179,-0.3872056247291097,-0.7599135019161535,1
-1.8514725187474177,-1.3727687002559763,-0.045430503834964164,4.659036116927825,1.7201106345089139,0.2104441844784578,0
-0.7643982865787651,-0.7522377467980433,0.16714216587318623,-0.3920520512473179,-0.3872056247291097,1.1484566146599153,1
-1.8514725187474177,-1.3727687002559763,-0.46353701312847867,-0.3920520512473179,-0.3872056247291097,-0.7599135019161535,1
0.10526109915615703,-0.25581298403169694,-0.0876634845716829,-0.3920520512473179,-0.3872056247291097,-0.005190856942566924,0
0.10526109915615703,-0.25581298403169694,-0.34950796513933846,-0.3920520512473179,-0.3872056247291097,-0.7599135019161535,1
-0.9818131330124955,0.364717969426236,0.2882100439851129,-0.3920520512473179,-0.3872056247291097,0.2104441844784578,1
0.21396852237302227,1.7298860670336886,1.2117045560946937,-0.3920520512473179,-0.3872056247291097,-0.7491317498451022,1
-0.43827601692816925,0.985248922884169,0.4472876047600865,-0.3920520512473179,-0.3872056247291097,-0.7599135019161535,1
-0.9818131330124955,-0.8763439374896299,-0.028537311540276826,-0.3920520512473179,-0.3872056247291097,-0.7599135019161535,0
-2.503717058048609,-1.745087272330736,-0.46353701312847867,-0.3920520512473179,-0.3872056247291097,-0.7599135019161535,0
0.10526109915615703,-0.25581298403169694,-0.013051885270146741,-0.3920520512473179,-0.3872056247291097,2.0972507969124243,0
0.10526109915615703,-0.25581298403169694,-0.028537311540276826,0.7191873457512136,0.7718183178518032,0.2859164489758165,0
1.1923353313248095,0.364717969426236,-0.46353701312847867,-0.3920520512473179,-0.3872056247291097,-0.7599135019161535,0
-0.7643982865787651,-0.7522377467980433,-0.0876634845716829,3.244731429838785,2.3944518374650814,-0.7491317498451022,0
0.10526109915615703,-0.25581298403169694,-0.29460509018160413,-0.3920520512473179,-0.3872056247291097,0.10262666376794545,1
0.21396852237302227,1.7298860670336886,0.6626758065173514,-0.3920520512473179,-0.3872056247291097,-0.7599135019161535,1
1.1923353313248095,0.364717969426236,-0.46353701312847867,-0.3920520512473179,-0.3872056247291097,-0.7599135019161535,0
1.1923353313248095,0.364717969426236,-0.4170807343180882,-0.3920520512473179,-0.3872056247291097,-0.7491317498451022,1
1.1923353313248095,0.364717969426236,0.0319966275156865,-0.3920520512473179,-0.3872056247291097,0.4045157217573801,1
0.10526109915615703,-0.25581298403169694,-0.46353701312847867,-0.3920520512473179,-0.3872056247291097,0.005590895128484314,0
0.10526109915615703,-0.25581298403169694,-0.46353701312847867,-0.3920520512473179,-0.3872056247291097,-0.7599135019161535,0
-0.5469834401450345,2.3504170204916215,1.2637918990033135,-0.3920520512473179,-0.3872056247291097,1.407218664365145,1
1.1923353313248095,0.364717969426236,-0.0876634845716829,-0.3920520512473179,-0.3872056247291097,-0.7599135019161535,0
0.10526109915615703,-0.25581298403169694,-0.40159530804795807,-0.3920520512473179,-0.3872056247291097,0.4045157217573801,1
0.10526109915615703,-0.25581298403169694,-0.46353701312847867,-0.3920520512473179,-0.3872056247291097,-0.7599135019161535,1
1.1923353313248095,0.364717969426236,-0.46353701312847867,-0.3920520512473179,-0.3872056247291097,-0.6952229894898461,1
1.1923353313248095,0.364717969426236,-0.4339739266127756,-0.3920520512473179,-0.3872056247291097,1.633635457857221,1
0.10526109915615703,-0.25581298403169694,-0.46353701312847867,-0.3920520512473179,-0.3872056247291097,-0.7599135019161535,0
0.10526109915615703,-0.25581298403169694,-0.31290604850084885,0.46663293734245653,0.5084037854470503,0.037936151341638025,0
-0.7643982865787651,-0.7522377467980433,-0.46353701312847867,0.16356764725194786,0.03776982088389175,1.7630164827098358,0
-0.329568593711304,1.1093551135757556,1.0385493350741473,-0.3920520512473179,-0.3872056247291097,-0.4688061959977701,1
0.10526109915615703,-0.25581298403169694,-0.013051885270146741,-0.3920520512473179,-0.3872056247291097,-0.4472426918556676,1
1.1923353313248095,0.364717969426236,-0.42411956444087456,-0.3920520512473179,-0.3872056247291097,-0.7599135019161535,0
-0.7643982865787651,-0.7522377467980433,-0.3875176478023851,-0.3920520512473179,-0.3872056247291097,2.6902471608202423,1
0.10526109915615703,-0.25581298403169694,-0.0876634845716829,1.2748070442504795,1.3513302891422598,1.310182895725684,0
-0.9818131330124955,-0.8763439374896299,-0.46353701312847867,-0.3920520512473179,-0.3872056247291097,-0.7599135019161535,1
-0.7643982865787651,-0.7522377467980433,-0.35654679526212485,-0.3920520512473179,-0.3872056247291097,1.7953617389229897,1
-0.7643982865787651,-0.7522377467980433,-0.1341197633820734,4.659036116927825,3.476207517207267,-0.15613538593728424,0
0.10526109915615703,-0.25581298403169694,-0.26363423764134386,4.6085252352460735,4.828402116884998,0.3182617051889702,0
0.10526109915615703,-0.25581298403169694,-0.46353701312847867,0.7696982274329651,0.824501224332754,1.1268931105178128,0
1.1923353313248095,0.364717969426236,0.21219067865901947,3.9013728917015538,5.583523776445291,-0.5766237167082825,0
1.1923353313248095,0.364717969426236,-0.0876634845716829,0.06254588388844498,0.2449892530422974,1.4826909288625036,0
-0.7643982865787651,-0.7522377467980433,-0.2382944491993127,0.6181655823877108,0.3854770036581656,0.6740595235336609,0
-0.7643982865787651,-0.7522377467980433,-0.46353701312847867,-0.3920520512473179,-0.3872056247291097,-0.7599135019161535,0
-0.7643982865787651,-0.7522377467980433,-0.46353701312847867,-0.3920520512473179,-0.3872056247291097,0.3182617051889702,1
1.1923353313248095,0.364717969426236,-0.5860126572649628,-0.3920520512473179,-0.3872056247291097,-0.7599135019161535,0
1.1923353313248095,0.364717969426236,-0.31290604850084885,-0.3920520512473179,-0.3872056247291097,0.18888068033635533,1
-0.329568593711304,1.1093551135757556,0.2882100439851129,-0.3920520512473179,-0.3872056247291097,-0.7599135019161535,1
1.1923353313248095,0.364717969426236,-0.46353701312847867,4.659036116927825,6.637181906064303,1.3317463998677865,0
0.10526109915615703,-0.25581298403169694,-0.0876634845716829,-0.3920520512473179,-0.3872056247291097,-0.12379012972413053,1
0.10526109915615703,-0.25581298403169694,-0.40159530804795807,-0.3920520512473179,-0.3872056247291097,1.407218664365145,0
-2.068887365181148,-1.4968748909475629,-0.46353701312847867,-0.3920520512473179,-0.3872056247291097,-0.6197507249924874,1
-0.7643982865787651,-0.7522377467980433,-0.3875176478023851,-0.2405194062020636,-0.2713032304710184,1.223928879157274,0
0.10526109915615703,-0.25581298403169694,0.21219067865901947,-0.3920520512473179,-0.3872056247291097,-0.6952229894898461,1
0.10526109915615703,-0.25581298403169694,0.21219067865901947,-0.3920520512473179,-0.3872056247291097,-0.6736594853477436,0
-0.329568593711304,1.1093551135757556,0.7485495340153459,-0.3920520512473179,-0.3872056247291097,1.7845799868519383,1
-0.7643982865787651,-0.7522377467980433,-0.46353701312847867,-0.3920520512473179,-0.3872056247291097,-0.7599135019161535,0
0.10526109915615703,-0.25581298403169694,-0.4353816926373329,-0.19000852452031217,-0.17647399880530734,-0.5119332042819751,0
1.1923353313248095,0.364717969426236,-0.46353701312847867,-0.3920520512473179,-0.3872056247291097,-0.5766237167082825,0
-0.7643982865787651,-0.7522377467980433,-0.46353701312847867,-0.3920520512473179,-0.3872056247291097,-0.7599135019161535,1
-0.7643982865787651,-0.7522377467980433,-0.2382944491993127,-0.3920520512473179,-0.3872056247291097,-0.7599135019161535,1
0.6487982152404833,2.226310829800035,1.2117045560946937,-0.3920520512473179,-0.3872056247291097,-0.738349997774051,1
-0.7643982865787651,-0.7522377467980433,-0.46353701312847867,-0.3920520512473179,-0.3872056247291097,-0.7599135019161535,1
1.1923353313248095,0.364717969426236,-0.31431381452540624,-0.3920520512473179,-0.3872056247291097,-0.7599135019161535,0
-0.7643982865787651,-0.7522377467980433,-0.46353701312847867,0.7696982274329651,0.501379397916257,1.1915836229441203,0
-0.7643982865787651,-0.7522377467980433,-0.46353701312847867,-0.3920520512473179,-0.3872056247291097,-0.42567918771356517,1
0.10526109915615703,-0.25581298403169694,-0.37625551960592685,-0.3920520512473179,-0.3872056247291097,-0.7599135019161535,1
0.10526109915615703,-0.25581298403169694,0.05170535185948861,-0.3920520512473179,-0.3872056247291097,-0.6736594853477436,1
-2.503717058048609,-1.745087272330736,-0.46353701312847867,-0.3920520512473179,-0.3872056247291097,-0.7491317498451022,1
-1.0542847484904057,1.4816736856505153,1.527044145595526,-0.3920520512473179,-0.3872056247291097,-0.37177042735830895,1
1.1923353313248095,0.364717969426236,-0.0876634845716829,-0.3920520512473179,-0.3872056247291097,-0.7599135019161535,1
-0.7643982865787651,-0.7522377467980433,-0.46353701312847867,-0.3920520512473179,-0.3872056247291097,0.3829522176152776,1
-0.7643982865787651,-0.7522377467980433,-0.46353701312847867,-0.3920520512473179,-0.3872056247291097,1.3425281519388377,0
-0.7643982865787651,-0.7522377467980433,-0.29038179210793236,2.9921770214300283,2.201281180368263,0.5123332424678925,0
-0.7643982865787651,-0.7522377467980433,-0.5057699938651973,-0.3920520512473179,-0.3872056247291097,-0.3825521794293602,0
-0.7643982865787651,-0.7522377467980433,-0.3875176478023851,-0.3920520512473179,-0.3872056247291097,-0.145353633866233,1
1.1923353313248095,0.364717969426236,-0.42130403239176006,1.123274399205225,1.7201106345089139,-0.7060047415608973,0
0.10526109915615703,-0.25581298403169694,-0.0876634845716829,2.5375790862942647,2.6684029511660246,-0.39333393150041146,0
1.1923353313248095,0.364717969426236,-0.3678089234585832,-0.3920520512473179,-0.3872056247291097,-0.7491317498451022,1
-0.6339493787185269,5.080753215706527,4.417187794011637,-0.3920520512473179,-0.3872056247291097,-0.7599135019161535,1
-0.7643982865787651,-0.7522377467980433,-0.0876634845716829,0.21407852893369927,0.0764039523032555,1.3533099040098888,0
-2.503717058048609,-1.745087272330736,0.21219067865901947,-0.3920520512473179,-0.3872056247291097,-0.7599135019161535,0
0.6487982152404833,2.226310829800035,2.016946722141462,-0.3920520512473179,-0.3872056247291097,3.035263227093882,1
0.10526109915615703,-0.25581298403169694,0.21219067865901947,0.46663293734245653,0.5084037854470503,-0.005190856942566924,0
1.1923353313248095,0.364717969426236,-0.46353701312847867,-0.3920520512473179,-0.3872056247291097,-0.7599135019161535,0
-0.9818131330124955,-0.8763439374896299,-0.08907125059624016,-0.3920520512473179,-0.3872056247291097,-0.7599135019161535,1
-0.7643982865787651,-0.7522377467980433,-0.46353701312847867,-0.3920520512473179,-0.3872056247291097,-0.5981872208503849,1
0.21396852237302227,1.7298860670336886,0.2882100439851129,-0.3920520512473179,-0.3872056247291097,-0.7599135019161535,1
-0.18462536275548366,2.9709479739495546,1.0385493350741473,-0.3920520512473179,-0.3872056247291097,-0.7599135019161535,1
0.10526109915615703,-0.25581298403169694,-0.46353701312847867,-0.3920520512473179,-0.3872056247291097,-0.7599135019161535,0
1.1923353313248095,0.364717969426236,-0.4170807343180882,1.5273614526592365,2.2820616369723865,-0.6520959812056412,0
0.6487982152404833,2.226310829800035,1.0385493350741473,-0.3920520512473179,-0.3872056247291097,1.040639093949403,1
-1.8514725187474177,-1.3727687002559763,-0.46353701312847867,-0.3920520512473179,-0.3872056247291097,-0.6305324770635387,1
1.1923353313248095,0.364717969426236,-0.3509157311638957,-0.3920520512473179,-0.3872056247291097,-0.7599135019161535,0
0.10526109915615703,-0.25581298403169694,0.16573439984862898,1.5273614526592365,1.6147448215470128,2.40992160697291,0
-0.7643982865787651,-0.7522377467980433,-0.46353701312847867,-0.3920520512473179,-0.3872056247291097,-0.7599135019161535,1
1.1923353313248095,0.364717969426236,0.21219067865901947,1.9314485061132483,2.8440126394358596,-0.4795879480688213,0
-0.6556908633618997,0.7370365415009958,1.639665427560109,-0.3920520512473179,-0.3872056247291097,1.1915836229441203,1
-0.7643982865787651,-0.7522377467980433,-0.2382944491993127,-0.3920520512473179,-0.3872056247291097,-0.7599135019161535,0
0.10526109915615703,1.605779876342102,0.6091806975841744,-0.3920520512473179,-0.3872056247291097,-0.7167864936319486,1
-0.7643982865787651,-0.7522377467980433,-0.46353701312847867,-0.3920520512473179,-0.3872056247291097,-0.16691713800833546,1
-1.8514725187474177,-1.3727687002559763,-0.0876634845716829,0.11305676557019646,-0.17647399880530734,-0.5874054687793338,0
0.1777327146340672,3.5914789274074876,1.4144228636309433,-0.3920520512473179,-0.3872056247291097,-0.24238940250569413,1
-2.1413589806590583,-0.3799191747232835,4.148304483321196,-0.3920520512473179,-0.3872056247291097,-0.7599135019161535,1
-0.7643982865787651,-0.7522377467980433,-0.0876634845716829,-0.13949764283856073,-0.1940349676322909,-0.18848064215043794,0
0.10526109915615703,-0.25581298403169694,-0.3875176478023851,-0.3920520512473179,-0.3872056247291097,-0.7060047415608973,1
-0.7643982865787651,-0.7522377467980433,-0.46353701312847867,-0.3920520512473179,-0.3872056247291097,0.7818770442441734,1
0.10526109915615703,-0.25581298403169694,-0.46353701312847867,-0.3920520512473179,-0.3872056247291097,0.7603135401020709,1
-0.7643982865787651,-0.7522377467980433,-0.46353701312847867,-0.291030287883815,-0.3099373618903822,-0.7599135019161535,0
0.21396852237302227,1.7298860670336886,0.2882100439851129,-0.3920520512473179,-0.3872056247291097,-0.7599135019161535,1
1.1923353313248095,0.364717969426236,-0.23970221522386997,-0.3920520512473179,-0.3872056247291097,-0.6305324770635387,1
1.1923353313248095,0.364717969426236,-0.46353701312847867,-0.08898676115680931,0.034257627118495,0.11340841583899668,0
1.1923353313248095,0.364717969426236,-0.40581860612162984,-0.291030287883815,-0.24671787411324145,1.1484566146599153,0
0.21396852237302227,1.7298860670336886,0.4036468579988105,-0.3920520512473179,-0.3872056247291097,-0.4472426918556676,1
1.1923353313248095,0.364717969426236,2.388596952624586,0.7696982274329651,1.2284035073533752,-0.4903697001398726,0
0.6487982152404833,2.226310829800035,1.0385493350741473,-0.3920520512473179,-0.3872056247291097,-0.7599135019161535,1
1.1923353313248095,0.364717969426236,-0.46353701312847867,-0.3920520512473179,-0.3872056247291097,-0.7599135019161535,1
1.1923353313248095,0.364717969426236,-0.0876634845716829,-0.19000852452031217,-0.10623012349737321,-0.16691713800833546,0
-2.503717058048609,-1.745087272330736,-0.46353701312847867,0.46663293734245653,-0.2080837426938777,-0.40411568357146266,0
-0.9818131330124955,-0.8763439374896299,-0.3875176478023851,-0.3920520512473179,-0.3872056247291097,-0.7491317498451022,0
1.1923353313248095,0.364717969426236,-0.46353701312847867,-0.3920520512473179,-0.3872056247291097,1.0298573418783519,1
-0.7643982865787651,-0.7522377467980433,-0.46353701312847867,1.9314485061132483,1.3899644205616237,2.2374135738360903,0
-2.503717058048609,-1.745087272330736,-0.0876634845716829,-0.3920520512473179,-0.3872056247291097,1.4826909288625036,1
1.1923353313248095,0.364717969426236,0.21219067865901947,-0.3920520512473179,-0.3872056247291097,0.01637264719953555,1
-0.8731057097956303,0.48882416011782265,1.639665427560109,-0.3920520512473179,-0.3872056247291097,-0.7599135019161535,1
1.1923353313248095,0.364717969426236,-0.0876634845716829,0.36561117397895354,0.6664525048899022,0.8034405483862759,0
0.10526109915615703,-0.25581298403169694,-0.46353701312847867,-0.3920520512473179,-0.3872056247291097,-0.7599135019161535,1
0.10526109915615703,-0.25581298403169694,-0.46353701312847867,-0.3920520512473179,-0.3872056247291097,1.4180004164361963,1
-1.8514725187474177,-1.3727687002559763,-0.46353701312847867,-0.3920520512473179,-0.3872056247291097,-0.7599135019161535,0
-2.503717058048609,-1.745087272330736,-0.46353701312847867,-0.3920520512473179,-0.3872056247291097,-0.7599135019161535,1
1.1923353313248095,0.364717969426236,-0.46353701312847867,-0.3920520512473179,-0.3872056247291097,-0.7599135019161535,0
1.1923353313248095,0.364717969426236,-0.31290604850084885,-0.3920520512473179,-0.3872056247291097,-0.7599135019161535,0
1.1923353313248095,0.364717969426236,-0.37625551960592685,-0.3920520512473179,-0.3872056247291097,1.6120719537151187,1
1.1923353313248095,0.364717969426236,-0.0876634845716829,-0.3920520512473179,-0.3872056247291097,1.4719091767914525,1
-0.7643982865787651,-0.7522377467980433,-0.01868294936837577,-0.3920520512473179,-0.3872056247291097,1.860052251349297,1
-2.7211319044823394,-1.8691934630223226,-0.0876634845716829,-0.3920520512473179,-0.3872056247291097,-0.7599135019161535,1
-2.503717058048609,-1.745087272330736,0.21219067865901947,-0.3920520512473179,-0.3872056247291097,-0.7599135019161535,1
0.10526109915615703,-0.25581298403169694,0.16995769792230075,-0.3920520512473179,-0.3872056247291097,-0.5334967084240775,1
1.1923353313248095,0.364717969426236,-0.5719349970193899,2.3355355595672593,3.405963641899333,0.3829522176152776,0
-0.8368699020566752,1.8539922577252752,3.065732410436641,-0.3920520512473179,-0.3872056247291097,-0.7599135019161535,1
-0.9818131330124955,-0.8763439374896299,-0.46353701312847867,4.659036116927825,3.1249881406675963,-0.24238940250569413,0
0.10526109915615703,-0.25581298403169694,-0.5860126572649628,-0.3920520512473179,-0.3872056247291097,0.39373396968632884,1
0.10526109915615703,-0.25581298403169694,-0.08907125059624016,-0.3920520512473179,-0.3872056247291097,-0.7599135019161535,1
0.10526109915615703,-0.25581298403169694,-0.46353701312847867,-0.3920520512473179,-0.3872056247291097,-0.12379012972413053,1
1.1923353313248095,0.364717969426236,-0.08907125059624016,-0.3920520512473179,-0.3872056247291097,-0.7599135019161535,0
1.1923353313248095,0.364717969426236,-0.12004210313650057,-0.3920520512473179,-0.3872056247291097,-0.7060047415608973,1
-1.1629921717072709,4.708434643631767,4.417187794011637,-0.3920520512473179,-0.3872056247291097,-0.2531711545767454,1
0.10526109915615703,-0.25581298403169694,-0.0876634845716829,-0.3920520512473179,-0.3872056247291097,-0.7599135019161535,0
-0.7643982865787651,-0.7522377467980433,-0.46353701312847867,-0.3920520512473179,-0.3872056247291097,2.0972507969124243,1
0.10526109915615703,-0.25581298403169694,-0.40581860612162984,-0.19000852452031217,-0.17647399880530734,-0.6413142291345899,0
-0.7643982865787651,-0.7522377467980433,-0.3706244555076977,-0.3920520512473179,-0.3872056247291097,-0.7599135019161535,0
1.1923353313248095,0.364717969426236,-0.46353701312847867,4.6085252352460735,6.5669380307563685,2.5608661359676272,0
-0.7643982865787651,-0.7522377467980433,-0.0876634845716829,4.659036116927825,3.476207517207267,1.4180004164361963,0
0.10526109915615703,-0.25581298403169694,-0.0876634845716829,-0.3920520512473179,-0.3872056247291097,0.07028140755479173,1
0.10526109915615703,-0.25581298403169694,-0.028537311540276826,-0.3920520512473179,-0.3872056247291097,-0.6089689729214361,1
-0.329568593711304,1.1093551135757556,1.639665427560109,-0.3920520512473179,-0.3872056247291097,-0.6305324770635387,1
0.21396852237302227,1.7298860670336886,0.8907339024956319,-0.3920520512473179,-0.3872056247291097,2.4853938714702686,1
1.1923353313248095,0.364717969426236,-0.2382944491993127,-0.3920520512473179,-0.3872056247291097,1.083766102233608,0
1.1923353313248095,0.364717969426236,-0.08907125059624016,-0.2405194062020636,-0.17647399880530734,-0.5874054687793338,0
-1.8514725187474177,-1.3727687002559763,-0.46353701312847867,-0.03847587947505783,-0.23969348658244805,-0.08066312143992559,0
1.1923353313248095,0.364717969426236,-0.31290604850084885,-0.34154116956556646,-0.31696174942117555,1.2131471270862229,0
1.1923353313248095,0.364717969426236,-0.0876634845716829,0.5171438190242078,0.8771841308137045,-0.01597260901361816,0
1.1923353313248095,0.364717969426236,-0.46353701312847867,-0.3920520512473179,-0.3872056247291097,-0.6413142291345899,0
-1.8514725187474177,-1.3727687002559763,-0.46353701312847867,-0.3920520512473179,-0.3872056247291097,-0.7491317498451022,1
-0.7643982865787651,-0.7522377467980433,-0.46353701312847867,-0.3920520512473179,-0.3872056247291097,-0.7599135019161535,0
1.1923353313248095,0.364717969426236,0.21219067865901947,0.3151002922972022,0.596208629581968,-0.6089689729214361,0
-0.7643982865787651,-0.7522377467980433,-0.46353701312847867,-0.3920520512473179,-0.3872056247291097,-0.7599135019161535,0
-0.7643982865787651,-0.7522377467980433,-0.13271199735751613,4.406481708519068,3.283036860110448,2.4207033590439613,0
-2.1775947883980136,-1.0004501281812166,1.0385493350741473,-0.3920520512473179,-0.3872056247291097,-0.7599135019161535,1
-0.7643982865787651,-0.7522377467980433,-0.46353701312847867,-0.3920520512473179,-0.3872056247291097,-0.7599135019161535,0
0.10526109915615703,-0.25581298403169694,-0.46353701312847867,1.7294049793862423,1.825476447470815,-0.6844412374187948,0
0.10526109915615703,-0.25581298403169694,-0.0876634845716829,1.9314485061132483,2.0362080733946173,-0.2855164107898991,0
0.10526109915615703,-0.25581298403169694,-0.46353701312847867,-0.3920520512473179,-0.3872056247291097,1.1268931105178128,1
0.10526109915615703,-0.25581298403169694,-0.46353701312847867,-0.3920520512473179,-0.3872056247291097,-0.5119332042819751,1
0.10526109915615703,-0.25581298403169694,-0.46353701312847867,3.3457531932022877,3.511329454861234,0.4152974738284313,0
-0.7643982865787651,-0.7522377467980433,-0.46353701312847867,-0.3920520512473179,-0.3872056247291097,1.719889474425631,1
0.10526109915615703,-0.25581298403169694,-0.4128574362444163,-0.3920520512473179,-0.3872056247291097,-0.7599135019161535,0
0.10526109915615703,-0.25581298403169694,-0.46353701312847867,-0.3920520512473179,-0.3872056247291097,-0.7599135019161535,1
0.10526109915615703,-0.25581298403169694,-0.3875176478023851,-0.291030287883815,-0.28183981176720857,0.45842448211263626,0
1.1923353313248095,0.364717969426236,-0.0876634845716829,-0.3920520512473179,-0.3872056247291097,0.9759485815230956,1
1.1923353313248095,0.364717969426236,0.21219067865901947,-0.3920520512473179,-0.3872056247291097,-0.7599135019161535,0
0.10526109915615703,-0.25581298403169694,-0.0876634845716829,-0.3920520512473179,-0.3872056247291097,-0.1992623942214892,1
1.1923353313248095,0.364717969426236,-0.46353701312847867,-0.3920520512473179,-0.3872056247291097,-0.7599135019161535,0
1.1923353313248095,0.364717969426236,-0.46353701312847867,-0.19000852452031217,-0.10623012349737321,1.6120719537151187,0
1.1923353313248095,0.364717969426236,-0.5691194649702752,-0.3920520512473179,-0.3872056247291097,-0.7599135019161535,0
1.1923353313248095,0.364717969426236,-0.46353701312847867,-0.3920520512473179,-0.3872056247291097,1.4826909288625036,1
-0.7643982865787651,-0.7522377467980433,-0.23970221522386997,-0.03847587947505783,-0.11676670479356335,-0.738349997774051,0
0.10526109915615703,-0.25581298403169694,0.21219067865901947,-0.3920520512473179,-0.3872056247291097,-0.6520959812056412,0
1.1923353313248095,0.364717969426236,-0.08907125059624016,0.36561117397895354,0.6664525048899022,0.6848412756047122,0
0.10526109915615703,-0.25581298403169694,0.21219067865901947,1.4263396892957334,1.5093790085851118,0.5662420028231486,0
1.1923353313248095,0.364717969426236,-0.0876634845716829,-0.3920520512473179,-0.3872056247291097,2.2589770779781926,1
0.10526109915615703,-0.25581298403169694,-0.46353701312847867,0.012035002206693575,0.034257627118495,-0.6844412374187948,0
0.10526109915615703,-0.25581298403169694,-0.31290604850084885,-0.3920520512473179,-0.3872056247291097,-0.7599135019161535,0
1.1923353313248095,0.364717969426236,-0.3875176478023851,-0.3920520512473179,-0.3872056247291097,-0.7599135019161535,1
-1.8514725187474177,-1.3727687002559763,-0.0876634845716829,-0.3920520512473179,-0.3872056247291097,-0.7599135019161535,1
-0.329568593711304,1.1093551135757556,0.20092855046256117,-0.3920520512473179,-0.3872056247291097,-0.5334967084240775,1
1.1923353313248095,0.364717969426236,-0.0017897570736884307,-0.291030287883815,-0.24671787411324145,-0.6305324770635387,0
1.1923353313248095,0.364717969426236,-0.28756626005881775,-0.3920520512473179,-0.3872056247291097,0.39373396968632884,1
-0.9818131330124955,-0.8763439374896299,-0.21717795883095334,2.739622613021271,1.790354509816848,0.5662420028231486,0
0.10526109915615703,-0.25581298403169694,0.21219067865901947,-0.3920520512473179,-0.3872056247291097,0.5446784986810461,1
0.10526109915615703,-0.25581298403169694,-0.0876634845716829,-0.3920520512473179,-0.3872056247291097,-0.7491317498451022,1
0.10526109915615703,-0.25581298403169694,-0.0876634845716829,1.375828807613982,1.4566961021041611,-0.4688061959977701,0
-0.8731057097956303,0.48882416011782265,0.43461771053907094,-0.3920520512473179,-0.3872056247291097,2.172723061409783,1
-0.9818131330124955,-0.8763439374896299,-0.46353701312847867,-0.3920520512473179,-0.3872056247291097,0.37217046554422634,1
-0.7643982865787651,-0.7522377467980433,-0.3509157311638957,-0.291030287883815,-0.3099373618903822,2.3021040862623976,0
1.1923353313248095,0.364717969426236,-0.16227508387321918,-0.3920520512473179,-0.3872056247291097,-0.7599135019161535,0
1.1923353313248095,0.364717969426236,-0.5198476541107703,-0.3920520512473179,-0.3872056247291097,-0.7599135019161535,0
0.10526109915615703,-0.25581298403169694,-0.16227508387321918,-0.3920520512473179,-0.3872056247291097,-0.7599135019161535,1
0.6487982152404833,2.226310829800035,0.2882100439851129,-0.3920520512473179,-0.3872056247291097,-0.7599135019161535,1
0.10526109915615703,-0.25581298403169694,-0.0876634845716829,-0.08898676115680931,-0.07110818584340615,-0.30707991493200154,0
1.1923353313248095,0.364717969426236,-0.21717795883095334,-0.3920520512473179,-0.3872056247291097,0.5662420028231486,1
0.10526109915615703,-0.25581298403169694,-0.16368284989777643,-0.3920520512473179,-0.3872056247291097,-0.4688061959977701,1
1.1923353313248095,0.364717969426236,-0.5691194649702752,-0.3920520512473179,-0.3872056247291097,-0.5334967084240775,1
-0.7643982865787651,-0.7522377467980433,-0.46353701312847867,-0.3920520512473179,-0.3872056247291097,1.5473814412888112,1
0.10526109915615703,-0.25581298403169694,-0.16227508387321918,-0.3920520512473179,-0.3872056247291097,-0.7599135019161535,0
-0.7643982865787651,-0.7522377467980433,-0.5691194649702752,-0.3920520512473179,-0.3872056247291097,-0.7491317498451022,0
-0.7643982865787651,-0.7522377467980433,-0.3509157311638957,-0.3920520512473179,-0.3872056247291097,-0.7599135019161535,0
-1.8514725187474177,-1.3727687002559763,-0.37625551960592685,-0.3920520512473179,-0.3872056247291097,-0.7599135019161535,0
-0.329568593711304,1.1093551135757556,0.2882100439851129,-0.3920520512473179,-0.3872056247291097,-0.7599135019161535,1
-0.9818131330124955,-0.8763439374896299,-0.46353701312847867,-0.3920520512473179,-0.3872056247291097,-0.7599135019161535,0
-0.9818131330124955,-0.8763439374896299,-0.46353701312847867,-0.3920520512473179,-0.3872056247291097,-0.7599135019161535,1
-0.7643982865787651,-0.7522377467980433,0.21219067865901947,-0.3920520512473179,-0.3872056247291097,-0.7599135019161535,1
-0.7643982865787651,-0.7522377467980433,-0.31290604850084885,-0.3920520512473179,-0.3872056247291097,0.2859164489758165,1
1.1923353313248095,0.364717969426236,-0.4353816926373329,-0.3920520512473179,-0.3872056247291097,-0.7599135019161535,1
0.10526109915615703,-0.25581298403169694,-0.2382944491993127,-0.3920520512473179,-0.3872056247291097,-0.2316076504346429,0
-0.329568593711304,1.1093551135757556,0.5373846303317528,-0.3920520512473179,-0.3872056247291097,0.09184491169689421,1
1.1923353313248095,0.364717969426236,-0.46353701312847867,0.8202091091147165,1.2986473826613092,-0.6305324770635387,0
1.1923353313248095,0.364717969426236,-0.46353701312847867,-0.3920520512473179,-0.3872056247291097,-0.7275682457029998,0
0.6487982152404833,2.226310829800035,0.2882100439851129,-0.3920520512473179,-0.3872056247291097,1.5042544330046062,1
0.1777327146340672,3.5914789274074876,1.4890344629324792,-0.3920520512473179,-0.3872056247291097,0.8250040525283783,1
-0.7643982865787651,-0.7522377467980433,-0.0876634845716829,-0.3920520512473179,-0.3872056247291097,0.13497191998109914,1
1.1923353313248095,0.364717969426236,-0.46353701312847867,-0.3920520512473179,-0.3872056247291097,-0.7599135019161535,0
0.10526109915615703,-0.25581298403169694,-0.46353701312847867,-0.3920520512473179,-0.3872056247291097,-0.7599135019161535,0
-0.7643982865787651,-0.7522377467980433,-0.0876634845716829,-0.3920520512473179,-0.3872056247291097,-0.7599135019161535,1
1.1923353313248095,0.364717969426236,-0.46353701312847867,-0.3920520512473179,-0.3872056247291097,-0.7599135019161535,0
0.10526109915615703,-0.25581298403169694,-0.46353701312847867,-0.3920520512473179,-0.3872056247291097,-0.4364609397846164,0
1.1923353313248095,0.364717969426236,-0.2382944491993127,-0.3920520512473179,-0.3872056247291097,2.3452310945466026,0
-2.503717058048609,-1.745087272330736,-0.46353701312847867,-0.3920520512473179,-0.3872056247291097,-0.17769889007938672,1
1.1923353313248095,0.364717969426236,-0.12004210313650057,-0.3920520512473179,-0.3872056247291097,-0.33942517114515525,1
0.10526109915615703,-0.25581298403169694,-0.0876634845716829,-0.3920520512473179,-0.3872056247291097,-0.3825521794293602,1
1.1923353313248095,0.364717969426236,-0.46353701312847867,-0.3920520512473179,-0.3872056247291097,-0.7599135019161535,0
0.10526109915615703,-0.25581298403169694,-0.0876634845716829,-0.3920520512473179,-0.3872056247291097,-0.7275682457029998,0
-0.7643982865787651,-0.7522377467980433,-0.3706244555076977,-0.3920520512473179,-0.3872056247291097,-0.7599135019161535,0
-0.7643982865787651,-0.7522377467980433,-0.46353701312847867,4.659036116927825,3.476207517207267,1.1592383667309667,0
0.10526109915615703,-0.25581298403169694,-0.46353701312847867,-0.03847587947505783,-0.018425279362455554,0.42607922589948255,0
-0.9818131330124955,2.846841783257968,2.5701987697924764,-0.3920520512473179,-0.3872056247291097,2.7010289128912937,1
0.10526109915615703,-0.25581298403169694,-0.28756626005881775,-0.3920520512473179,-0.3872056247291097,1.6551989619993235,1
-0.7643982865787651,-0.7522377467980433,-0.46353701312847867,-0.3920520512473179,-0.3872056247291097,0.5554602507520974,0
-0.7643982865787651,-0.7522377467980433,-0.0876634845716829,-0.3920520512473179,-0.3872056247291097,-0.5658419646372312,1
1.1923353313248095,0.364717969426236,-0.46353701312847867,-0.291030287883815,-0.24671787411324145,-0.7599135019161535,0
-0.38392230531973665,4.212009880865421,2.540635683276773,-0.3920520512473179,-0.3872056247291097,-0.6089689729214361,1
0.10526109915615703,-0.25581298403169694,-0.46353701312847867,-0.3920520512473179,-0.3872056247291097,-0.7599135019161535,0
1.1923353313248095,0.364717969426236,-0.0017897570736884307,-0.3920520512473179,-0.3872056247291097,-0.5442784604951287,0
-0.7643982865787651,-0.7522377467980433,-0.46353701312847867,-0.3920520512473179,-0.3872056247291097,-0.7599135019161535,1
-0.7643982865787651,-0.7522377467980433,2.4646163179506795,-0.3920520512473179,-0.3872056247291097,1.8923975075624508,1
1.1923353313248095,0.364717969426236,-0.08907125059624016,-0.3920520512473179,-0.3872056247291097,-0.7599135019161535,0
1.1923353313248095,0.364717969426236,-0.0876634845716829,-0.3920520512473179,-0.3872056247291097,0.33982520933107263,1
-0.6556908633618997,0.7370365415009958,0.2882100439851129,-0.3920520512473179,-0.3872056247291097,0.32904345726002143,1
-0.7643982865787651,-0.7522377467980433,-0.0876634845716829,-0.3920520512473179,-0.3872056247291097,-0.7599135019161535,1
-0.7643982865787651,-0.7522377467980433,-0.024314013466605052,-0.3920520512473179,-0.3872056247291097,-0.33942517114515525,0
1.1923353313248095,0.364717969426236,-0.46353701312847867,-0.3920520512473179,-0.3872056247291097,-0.6736594853477436,1
-0.7643982865787651,-0.7522377467980433,-0.3875176478023851,-0.3920520512473179,-0.3872056247291097,0.7387500359599685,1
1.1923353313248095,0.364717969426236,-0.08907125059624016,2.082981151158502,3.0547442653596626,3.0244814750228306,0
0.10526109915615703,-0.25581298403169694,10.04684412621623,3.850862010019802,4.0381585196707395,2.0109967803440143,0
0.10526109915615703,-0.25581298403169694,-0.0876634845716829,-0.3920520512473179,-0.3872056247291097,-0.7599135019161535,0
-1.7427650955305523,-0.5040253654148701,1.1399084888422717,-0.3920520512473179,-0.3872056247291097,-0.7599135019161535,1
1.1923353313248095,0.364717969426236,0.33185079074638885,-0.3920520512473179,-0.3872056247291097,-0.4364609397846164,1
0.10526109915615703,-0.25581298403169694,-0.46353701312847867,-0.3920520512473179,-0.3872056247291097,-0.7599135019161535,0
-0.7643982865787651,-0.7522377467980433,-0.0876634845716829,1.0222526358417223,0.6945500550130758,-0.4364609397846164,0
1.1923353313248095,0.364717969426236,-0.46353701312847867,2.0324702694767507,2.984500390051728,2.1511595572676803,0
-0.329568593711304,1.1093551135757556,0.6626758065173514,-0.3920520512473179,-0.3872056247291097,2.6039931442518323,1
0.21396852237302227,1.7298860670336886,1.0385493350741473,-0.3920520512473179,-0.3872056247291097,-0.4688061959977701,1
0.10526109915615703,-0.25581298403169694,-0.20450806460993778,-0.3920520512473179,-0.3872056247291097,-0.7599135019161535,1
0.21396852237302227,1.7298860670336886,0.43743324258818544,-0.3920520512473179,-0.3872056247291097,-0.7275682457029998,1
0.10526109915615703,-0.25581298403169694,-0.6704786187384001,-0.3920520512473179,-0.3872056247291097,-0.7599135019161535,1
1.1923353313248095,0.364717969426236,0.21219067865901947,-0.3920520512473179,-0.3872056247291097,0.04871790341268926,0
-0.7643982865787651,-0.7522377467980433,-0.4353816926373329,-0.3920520512473179,-0.3872056247291097,-0.7599135019161535,1
1.1923353313248095,0.364717969426236,0.33185079074638885,-0.3920520512473179,-0.3872056247291097,0.9328215732388907,1
1.1923353313248095,0.364717969426236,-0.42411956444087456,-0.3920520512473179,-0.3872056247291097,-0.7599135019161535,0
0.6487982152404833,2.226310829800035,0.6626758065173514,-0.3920520512473179,-0.3872056247291097,0.33982520933107263,1
-0.329568593711304,1.1093551135757556,1.0385493350741473,-0.3920520512473179,-0.3872056247291097,-0.7599135019161535,1
-0.7643982865787651,-0.7522377467980433,-0.46353701312847867,-0.3920520512473179,-0.3872056247291097,-0.6520959812056412,0
-0.18462536275548366,2.9709479739495546,2.302723225126592,-0.3920520512473179,-0.3872056247291097,-0.4364609397846164,1
0.10526109915615703,-0.25581298403169694,-0.0876634845716829,-0.3920520512473179,-0.3872056247291097,1.1592383667309667,0
1.1923353313248095,0.364717969426236,-0.31431381452540624,-0.34154116956556646,-0.31696174942117555,-0.6197507249924874,0
-0.7643982865787651,-0.7522377467980433,-0.3889254138269424,-0.3920520512473179,-0.3872056247291097,-0.21004414629254042,1
0.6487982152404833,2.226310829800035,0.5866564411912577,-0.3920520512473179,-0.3872056247291097,-0.7599135019161535,1
1.1923353313248095,0.364717969426236,-0.0876634845716829,0.5676547007059594,0.9474280061216386,0.1780989282653041,0
0.6487982152404833,2.226310829800035,2.2787912027091175,-0.3920520512473179,-0.3872056247291097,-0.7599135019161535,1
1.1923353313248095,0.364717969426236,0.21219067865901947,-0.3920520512473179,-0.3872056247291097,-0.42567918771356517,1
-0.7643982865787651,-0.7522377467980433,-0.46353701312847867,-0.3920520512473179,-0.3872056247291097,1.5797266975019648,1
-0.7643982865787651,-0.7522377467980433,-0.46353701312847867,1.6788940977044908,1.1967937634648047,-0.24238940250569413,0
-0.7643982865787651,-0.7522377467980433,-0.46353701312847867,0.21407852893369927,0.0764039523032555,-0.40411568357146266,0
0.10526109915615703,-0.25581298403169694,-0.46353701312847867,2.5375790862942647,2.6684029511660246,1.2454923832993765,0
0.10526109915615703,-0.25581298403169694,-0.0876634845716829,4.507503471882571,4.723036303923098,-0.3502069232162065,0
-0.9818131330124955,-0.8763439374896299,-0.46353701312847867,-0.3920520512473179,-0.3872056247291097,-0.7599135019161535,0
1.1923353313248095,0.364717969426236,-0.6451388302963688,-0.3920520512473179,-0.3872056247291097,-0.3178616670030528,1
-0.7643982865787651,-0.7522377467980433,-0.46353701312847867,-0.3920520512473179,-0.3872056247291097,-0.7599135019161535,1
1.1923353313248095,0.364717969426236,-0.0876634845716829,-0.03847587947505783,0.1045015024264291,1.0082938377362494,0
0.21396852237302227,1.7298860670336886,0.2882100439851129,-0.3920520512473179,-0.3872056247291097,-0.7599135019161535,1
1.1923353313248095,0.364717969426236,-0.40159530804795807,0.16356764725194786,0.3854770036581656,-0.738349997774051,0
1.1923353313248095,0.364717969426236,-0.0876634845716829,-0.3920520512473179,-0.3872056247291097,-0.7599135019161535,1
0.10526109915615703,-0.25581298403169694,-0.31290604850084885,2.0324702694767507,2.1415738863565186,1.8816157554913995,0
0.21396852237302227,1.7298860670336886,0.2882100439851129,-0.3920520512473179,-0.3872056247291097,-0.7599135019161535,1
-1.8514725187474177,-1.3727687002559763,-0.46353701312847867,-0.3920520512473179,-0.3872056247291097,-0.7060047415608973,1
0.10526109915615703,-0.25581298403169694,-0.2382944491993127,-0.3920520512473179,-0.3872056247291097,-0.7599135019161535,0
0.10526109915615703,-0.25581298403169694,0.21219067865901947,-0.3920520512473179,-0.3872056247291097,2.9382274584544206,1
1.1923353313248095,0.364717969426236,-0.46353701312847867,-0.3920520512473179,-0.3872056247291097,1.5797266975019648,0
-0.7643982865787651,-0.7522377467980433,-0.46353701312847867,-0.3920520512473179,-0.3872056247291097,2.0649055406992707,0
1.1923353313248095,0.364717969426236,-0.3875176478023851,-0.3920520512473179,-0.3872056247291097,-0.7599135019161535,1
-0.9818131330124955,-0.8763439374896299,-0.0876634845716829,4.659036116927825,3.1249881406675963,-0.33942517114515525,0
0.10526109915615703,-0.25581298403169694,0.21219067865901947,-0.3920520512473179,-0.3872056247291097,0.42607922589948255,1
0.10526109915615703,-0.25581298403169694,-0.3509157311638957,-0.3920520512473179,-0.3872056247291097,0.07028140755479173,1
-0.9818131330124955,-0.8763439374896299,0.21219067865901947,-0.3920520512473179,-0.3872056247291097,-0.7599135019161535,1
1.1923353313248095,0.364717969426236,-0.045430503834964164,-0.3920520512473179,-0.3872056247291097,-0.7599135019161535,0
-2.7211319044823394,-1.8691934630223226,-0.46353701312847867,-0.3920520512473179,-0.3872056247291097,-0.7599135019161535,0
-0.7643982865787651,-0.7522377467980433,-0.40581860612162984,-0.3920520512473179,-0.3872056247291097,-0.6089689729214361,0
1.1923353313248095,0.364717969426236,-0.0876634845716829,-0.3920520512473179,-0.3872056247291097,-0.7599135019161535,0
-1.0542847484904057,1.4816736856505153,3.065732410436641,-0.3920520512473179,-0.3872056247291097,-0.5766237167082825,1
0.10526109915615703,-0.25581298403169694,-0.13271199735751613,4.6085252352460735,4.828402116884998,-0.4148974356425139,0
-1.8514725187474177,-1.3727687002559763,-0.46353701312847867,0.41612205566070504,-0.050035023251025906,1.4611274247204014,0
1.1923353313248095,0.364717969426236,-0.46353701312847867,0.16356764725194786,0.3854770036581656,-0.3178616670030528,0
1.1923353313248095,0.364717969426236,-0.3875176478023851,-0.3920520512473179,-0.3872056247291097,-0.17769889007938672,1
1.1923353313248095,0.364717969426236,0.4444720727109717,0.012035002206693575,0.1747453777343633,1.633635457857221,0
-0.329568593711304,1.1093551135757556,0.34733621701651896,-0.3920520512473179,-0.3872056247291097,-0.09144487351097681,1
1.1923353313248095,0.364717969426236,-0.46353701312847867,1.375828807613982,2.0713300110485844,0.5015514903968412,0
1.1923353313248095,0.364717969426236,-0.40159530804795807,-0.3920520512473179,-0.3872056247291097,-0.7599135019161535,0
1.1923353313248095,0.364717969426236,-0.08907125059624016,-0.3920520512473179,-0.3872056247291097,0.7710952921731221,1
-0.7643982865787651,-0.7522377467980433,-0.46353701312847867,-0.3920520512473179,-0.3872056247291097,-0.7491317498451022,1
-1.8514725187474177,-1.3727687002559763,-0.24110998124842722,-0.3920520512473179,-0.3872056247291097,-0.6413142291345899,1
1.1923353313248095,0.364717969426236,-0.0876634845716829,0.9717417541599709,1.5093790085851118,1.1053296063757105,0
-0.7643982865787651,-0.7522377467980433,-0.46353701312847867,-0.3920520512473179,-0.3872056247291097,-0.7599135019161535,0
-1.8514725187474177,-1.3727687002559763,-0.46353701312847867,-0.3920520512473179,-0.3872056247291097,-0.7599135019161535,1
-0.7643982865787651,-0.7522377467980433,-0.46353701312847867,-0.3920520512473179,-0.3872056247291097,-0.7599135019161535,0
1.1923353313248095,0.364717969426236,-0.3889254138269424,-0.3920520512473179,-0.3872056247291097,2.3775763507597563,0
-0.7643982865787651,-0.7522377467980433,0.16573439984862898,-0.3920520512473179,-0.3872056247291097,0.3182617051889702,1
0.10526109915615703,-0.25581298403169694,-0.0876634845716829,1.8304267427497454,1.930842260432716,0.5338967466099949,0
0.10526109915615703,-0.25581298403169694,-0.40159530804795807,-0.3920520512473179,-0.3872056247291097,-0.7599135019161535,0
-1.4166428258799566,0.8611427321925824,1.0385493350741473,-0.3920520512473179,-0.3872056247291097,-0.2639529066477966,1
-0.329568593711304,1.1093551135757556,0.5810253770930287,-0.3920520512473179,-0.3872056247291097,-0.4148974356425139,1
-0.9818131330124955,-0.8763439374896299,-0.46353701312847867,-0.3920520512473179,-0.3872056247291097,1.1376748625888642,1
-1.8514725187474177,-1.3727687002559763,-0.46353701312847867,-0.3920520512473179,-0.3872056247291097,-0.7599135019161535,0
-0.7643982865787651,-0.7522377467980433,-0.46353701312847867,-0.08898676115680931,-0.1554008362129271,-0.7599135019161535,0
1.1923353313248095,0.364717969426236,-0.38329434972871324,0.3151002922972022,0.596208629581968,-0.6628777332766924,0
0.10526109915615703,-0.25581298403169694,-0.31149828247629163,-0.3920520512473179,-0.3872056247291097,-0.7599135019161535,1
1.1923353313248095,0.364717969426236,-0.14256635952941707,-0.3920520512473179,-0.3872056247291097,-0.7599135019161535,0
0.10526109915615703,-0.25581298403169694,-0.0876634845716829,-0.3920520512473179,-0.3872056247291097,0.8357858045994295,1
0.10526109915615703,-0.25581298403169694,0.21219067865901947,0.012035002206693575,0.034257627118495,-0.6628777332766924,0
1.1923353313248095,0.364717969426236,-0.46353701312847867,-0.03847587947505783,0.1045015024264291,-0.7599135019161535,0
1.1923353313248095,0.364717969426236,-0.46353701312847867,-0.19000852452031217,-0.10623012349737321,-0.7491317498451022,0
0.6487982152404833,2.226310829800035,0.2882100439851129,-0.3920520512473179,-0.3872056247291097,0.2427894406916115,1
-0.7643982865787651,-0.7522377467980433,-0.0017897570736884307,-0.3920520512473179,-0.3872056247291097,-0.7167864936319486,0
1.1923353313248095,0.364717969426236,0.05170535185948861,-0.3920520512473179,-0.3872056247291097,0.5554602507520974,1
-0.43827601692816925,0.985248922884169,1.639665427560109,-0.3920520512473179,-0.3872056247291097,2.0109967803440143,1
1.1923353313248095,0.364717969426236,-0.46353701312847867,1.2748070442504795,1.930842260432716,0.16731717619425288,0
-0.7643982865787651,-0.7522377467980433,-0.40581860612162984,0.16356764725194786,0.03776982088389175,-0.5119332042819751,0
-0.7643982865787651,-0.7522377467980433,-0.3706244555076977,-0.3920520512473179,-0.3872056247291097,-0.6089689729214361,1
1.1923353313248095,0.364717969426236,-0.0876634845716829,1.1737852808869764,1.790354509816848,-0.2962981628609503,0
0.10526109915615703,-0.25581298403169694,-0.46353701312847867,-0.03847587947505783,-0.018425279362455554,1.7414529785677335,0
1.1923353313248095,0.364717969426236,-0.4931000996441817,-0.34154116956556646,-0.31696174942117555,0.5231149945389437,0
-0.9818131330124955,-0.8763439374896299,-0.31290604850084885,-0.3920520512473179,-0.3872056247291097,-0.7599135019161535,0
0.6487982152404833,2.226310829800035,1.0385493350741473,-0.3920520512473179,-0.3872056247291097,-0.7599135019161535,1
1.1923353313248095,0.364717969426236,-0.46353701312847867,0.06254588388844498,0.2449892530422974,-0.6628777332766924,0
1.1923353313248095,0.364717969426236,-0.4170807343180882,-0.3920520512473179,-0.3872056247291097,-0.7599135019161535,0
-0.7643982865787651,-0.7522377467980433,-0.46353701312847867,4.305459945155565,3.20576859727172,2.2589770779781926,0
0.21396852237302227,1.7298860670336886,0.2882100439851129,-0.3920520512473179,-0.3872056247291097,-0.7599135019161535,1
-0.7643982865787651,-0.7522377467980433,-0.46353701312847867,-0.3920520512473179,-0.3872056247291097,-0.7599135019161535,1
1.1923353313248095,0.364717969426236,-0.46353701312847867,0.11305676557019646,0.3152331283502315,-0.6952229894898461,0
0.10526109915615703,-0.25581298403169694,-0.46353701312847867,-0.3920520512473179,-0.3872056247291097,1.2562741353704279,1
0.10526109915615703,-0.25581298403169694,-0.42411956444087456,-0.3920520512473179,-0.3872056247291097,-0.7599135019161535,1
1.1923353313248095,0.364717969426236,-0.46353701312847867,-0.291030287883815,-0.24671787411324145,-0.4148974356425139,0
0.6487982152404833,2.226310829800035,1.0385493350741473,-0.3920520512473179,-0.3872056247291097,-0.7599135019161535,1
-0.9818131330124955,-0.8763439374896299,-0.127080933259287,-0.3920520512473179,-0.3872056247291097,-0.7599135019161535,0
1.1923353313248095,0.364717969426236,-0.07217805830155281,1.0222526358417223,1.5796228838930455,0.7064047797468147,0
-2.503717058048609,-1.745087272330736,-0.38329434972871324,-0.3920520512473179,-0.3872056247291097,-0.7599135019161535,1
0.10526109915615703,-0.25581298403169694,-0.28756626005881775,-0.3920520512473179,-0.3872056247291097,-0.7599135019161535,0
-0.7643982865787651,-0.7522377467980433,-0.14397412555397446,-0.3920520512473179,-0.3872056247291097,2.172723061409783,1
0.10526109915615703,-0.25581298403169694,-0.46353701312847867,-0.3920520512473179,-0.3872056247291097,-0.7599135019161535,1
1.1923353313248095,0.364717969426236,-0.24110998124842722,-0.3920520512473179,-0.3872056247291097,-0.7599135019161535,0
1.1923353313248095,0.364717969426236,-0.46353701312847867,-0.3920520512473179,-0.3872056247291097,1.0190755898073005,1
-0.7643982865787651,-0.7522377467980433,-0.3734399875568123,-0.291030287883815,-0.3099373618903822,-0.3825521794293602,0
1.1923353313248095,0.364717969426236,-0.46353701312847867,-0.3920520512473179,-0.3872056247291097,-0.7599135019161535,0
-0.7643982865787651,-0.7522377467980433,-0.46353701312847867,0.9717417541599709,0.655915923593712,-0.42567918771356517,0
1.1923353313248095,0.364717969426236,-0.08907125059624016,-0.3920520512473179,-0.3872056247291097,-0.7599135019161535,1
-2.503717058048609,-1.745087272330736,-0.0876634845716829,-0.3920520512473179,-0.3872056247291097,-0.7599135019161535,0
1.1923353313248095,0.364717969426236,-0.46353701312847867,1.2748070442504795,1.930842260432716,-0.42567918771356517,0
-2.7211319044823394,-1.8691934630223226,-0.46353701312847867,-0.3920520512473179,-0.3872056247291097,-0.7599135019161535,0
-0.7643982865787651,-0.7522377467980433,-0.46353701312847867,-0.3920520512473179,-0.3872056247291097,-0.7599135019161535,1
-0.7643982865787651,-0.7522377467980433,-0.46353701312847867,-0.3920520512473179,-0.3872056247291097,-0.7599135019161535,1
0.10526109915615703,-0.25581298403169694,-0.3509157311638957,-0.3920520512473179,-0.3872056247291097,-0.7599135019161535,1
0.10526109915615703,-0.25581298403169694,-0.46353701312847867,1.4768505709774848,1.5620619150660622,1.53659968921776,0
-1.8514725187474177,-1.3727687002559763,-0.3537312632130102,-0.3920520512473179,-0.3872056247291097,0.5985872590363024,1
1.1923353313248095,0.364717969426236,-0.02572177949116231,0.7191873457512136,1.158159632045441,-0.7599135019161535,0
0.10526109915615703,-0.25581298403169694,-0.11863433711194318,-0.3920520512473179,-0.3872056247291097,0.5554602507520974,1
1.1923353313248095,0.364717969426236,-0.46353701312847867,-0.3920520512473179,-0.3872056247291097,-0.7599135019161535,0
-1.8514725187474177,-1.3727687002559763,-0.18620710629069306,3.8003511283380504,1.36186687043845,-0.5658419646372312,0
1.1923353313248095,0.364717969426236,-0.28756626005881775,-0.3920520512473179,-0.3872056247291097,-0.7599135019161535,1
0.10526109915615703,-0.25581298403169694,-0.08907125059624016,-0.3920520512473179,-0.3872056247291097,-0.7167864936319486,1
-0.7643982865787651,-0.7522377467980433,-0.31290604850084885,-0.3920520512473179,-0.3872056247291097,-0.7599135019161535,0
-0.9818131330124955,-0.8763439374896299,-0.2382944491993127,-0.3920520512473179,-0.3872056247291097,-0.7275682457029998,1
-1.8514725187474177,-1.3727687002559763,-0.4170807343180882,-0.3920520512473179,-0.3872056247291097,-0.7599135019161535,1
1.1923353313248095,0.364717969426236,-0.0876634845716829,-0.3920520512473179,-0.3872056247291097,-0.2316076504346429,0
-0.9818131330124955,-0.8763439374896299,-0.46353701312847867,-0.3920520512473179,-0.3872056247291097,-0.6413142291345899,1
1.1923353313248095,0.364717969426236,-0.0876634845716829,-0.3920520512473179,-0.3872056247291097,2.0109967803440143,1
1.1923353313248095,0.364717969426236,2.390004718649143,-0.3920520512473179,-0.3872056247291097,0.6093690111073535,1
1.1923353313248095,0.364717969426236,-0.08907125059624016,-0.2405194062020636,-0.17647399880530734,-0.7491317498451022,0
0.10526109915615703,-0.25581298403169694,-0.0876634845716829,-0.3920520512473179,-0.3872056247291097,2.5608661359676272,1
0.10526109915615703,-0.25581298403169694,-0.46353701312847867,-0.3920520512473179,-0.3872056247291097,-0.7599135019161535,1
-2.068887365181148,-1.4968748909475629,-0.028537311540276826,-0.3920520512473179,-0.3872056247291097,-0.7275682457029998,1
0.10526109915615703,-0.25581298403169694,-0.0876634845716829,-0.3920520512473179,-0.3872056247291097,0.19966243240740658,1
0.10526109915615703,-0.25581298403169694,-0.46353701312847867,-0.34154116956556646,-0.3345227182481591,-0.7491317498451022,0
-0.329568593711304,1.1093551135757556,0.2882100439851129,-0.3920520512473179,-0.3872056247291097,0.814222300457327,1
1.1923353313248095,0.364717969426236,-0.013051885270146741,0.7191873457512136,1.158159632045441,-0.738349997774051,0
1.1923353313248095,0.364717969426236,-0.3889254138269424,-0.3920520512473179,-0.3872056247291097,-0.005190856942566924,0
-0.7643982865787651,-0.7522377467980433,-0.23970221522386997,-0.3920520512473179,-0.3872056247291097,-0.7599135019161535,0
0.10526109915615703,-0.25581298403169694,-0.0876634845716829,4.6085252352460735,4.828402116884998,-0.2316076504346429,0
-0.7643982865787651,-0.7522377467980433,-0.3875176478023851,-0.3920520512473179,-0.3872056247291097,-0.7599135019161535,1
1.1923353313248095,0.364717969426236,-0.08907125059624016,-0.3920520512473179,-0.3872056247291097,-0.7599135019161535,0
0.10526109915615703,-0.25581298403169694,-0.37625551960592685,-0.3920520512473179,-0.3872056247291097,-0.7599135019161535,0
1.1923353313248095,0.364717969426236,-0.42411956444087456,-0.3920520512473179,-0.3872056247291097,-0.7599135019161535,0
0.10526109915615703,-0.25581298403169694,-0.15242072170131812,-0.3920520512473179,-0.3872056247291097,1.0514208460204544,0
1.1923353313248095,0.364717969426236,-0.0876634845716829,-0.3920520512473179,-0.3872056247291097,-0.7599135019161535,1
-0.9818131330124955,-0.8763439374896299,-0.0876634845716829,-0.3920520512473179,-0.3872056247291097,-0.7599135019161535,0
-0.8731057097956303,0.48882416011782265,0.07422960825240522,-0.3920520512473179,-0.3872056247291097,-0.7599135019161535,1
0.10526109915615703,-0.25581298403169694,-0.3537312632130102,-0.03847587947505783,-0.018425279362455554,1.8816157554913995,0
-0.7643982865787651,-0.7522377467980433,-0.46353701312847867,-0.3920520512473179,-0.3872056247291097,-0.4688061959977701,0
-0.18462536275548366,2.9709479739495546,0.7386951718434448,-0.3920520512473179,-0.3872056247291097,0.2751346969047652,1
1.1923353313248095,0.364717969426236,-0.3030516863289479,-0.3920520512473179,-0.3872056247291097,-0.7275682457029998,0
-0.7643982865787651,-0.7522377467980433,-0.3509157311638957,-0.3920520512473179,-0.3872056247291097,-0.7599135019161535,0
1.1923353313248095,0.364717969426236,-0.46353701312847867,0.3151002922972022,0.596208629581968,1.45034567264935,0
0.6487982152404833,2.226310829800035,1.1553939151124017,-0.3920520512473179,-0.3872056247291097,1.6983259702835285,1
1.1923353313248095,0.364717969426236,-0.46353701312847867,0.26458941061545077,0.525964754274034,-0.2316076504346429,0
-0.329568593711304,1.1093551135757556,0.6626758065173514,-0.3920520512473179,-0.3872056247291097,-0.7599135019161535,1
-0.7643982865787651,-0.7522377467980433,-0.46353701312847867,-0.3920520512473179,-0.3872056247291097,0.7603135401020709,1
0.6487982152404833,2.226310829800035,0.6626758065173514,-0.3920520512473179,-0.3872056247291097,2.765719425317601,1
0.10526109915615703,-0.25581298403169694,-0.0876634845716829,-0.3920520512473179,-0.3872056247291097,2.625556648393935,1
1.1923353313248095,0.364717969426236,-0.46353701312847867,-0.3920520512473179,-0.3872056247291097,2.2481953259071417,1
0.21396852237302227,1.7298860670336886,0.6626758065173514,-0.3920520512473179,-0.3872056247291097,0.8681310608125833,1
1.1923353313248095,0.364717969426236,0.963937735772611,-0.3920520512473179,-0.3872056247291097,1.5150361850756575,1
1.1923353313248095,0.364717969426236,0.21219067865901947,0.9717417541599709,1.5093790085851118,1.2023653750151715,0
1.1923353313248095,0.364717969426236,-0.29038179210793236,-0.3920520512473179,-0.3872056247291097,0.8250040525283783,1
-0.329568593711304,1.1093551135757556,0.2882100439851129,-0.3920520512473179,-0.3872056247291097,-0.7599135019161535,1
-2.7211319044823394,-1.8691934630223226,0.21219067865901947,-0.3920520512473179,-0.3872056247291097,-0.7599135019161535,0
-0.9818131330124955,-0.8763439374896299,0.21219067865901947,-0.3920520512473179,-0.3872056247291097,-0.7491317498451022,1
1.1923353313248095,0.364717969426236,-0.0876634845716829,3.7498402466562992,5.372792150521488,1.2562741353704279,0
1.1923353313248095,0.364717969426236,0.21219067865901947,0.6686764640694621,1.0879157567375068,-0.738349997774051,0
1.1923353313248095,0.364717969426236,0.21219067865901947,-0.3920520512473179,-0.3872056247291097,-0.7599135019161535,1
0.10526109915615703,-0.25581298403169694,-0.42411956444087456,-0.3920520512473179,-0.3872056247291097,-0.7599135019161535,1
1.1923353313248095,0.364717969426236,-0.0876634845716829,-0.3920520512473179,-0.3872056247291097,-0.4688061959977701,1
-0.7643982865787651,-0.7522377467980433,-0.08907125059624016,0.11305676557019646,-0.0008643105354720518,-0.7599135019161535,0
-0.7643982865787651,-0.7522377467980433,-0.46353701312847867,-0.3920520512473179,-0.3872056247291097,-0.7599135019161535,0
1.1923353313248095,0.364717969426236,-0.46353701312847867,-0.3920520512473179,-0.3872056247291097,-0.7599135019161535,1
1.1923353313248095,0.364717969426236,-0.0876634845716829,-0.3920520512473179,-0.3872056247291097,-0.7275682457029998,0
-0.7643982865787651,-0.7522377467980433,-0.46353701312847867,0.6181655823877108,0.3854770036581656,-0.7167864936319486,0
1.1923353313248095,0.364717969426236,-0.3875176478023851,-0.3920520512473179,-0.3872056247291097,-0.40411568357146266,1
-1.8514725187474177,-1.3727687002559763,-0.46353701312847867,-0.3920520512473179,-0.3872056247291097,-0.7599135019161535,1
1.1923353313248095,0.364717969426236,-0.0876634845716829,-0.3920520512473179,-0.3872056247291097,-0.45802444392671887,1
-0.7643982865787651,-0.7522377467980433,-0.46353701312847867,-0.3920520512473179,-0.3872056247291097,-0.7599135019161535,1
-0.7643982865787651,-0.7522377467980433,-0.0876634845716829,-0.3920520512473179,-0.3872056247291097,0.5446784986810461,1
0.10526109915615703,-0.25581298403169694,-0.6366922341490251,1.7294049793862423,1.825476447470815,0.2320076886205603,0
1.1923353313248095,0.364717969426236,-0.40159530804795807,-0.291030287883815,-0.24671787411324145,-0.2531711545767454,0
1.1923353313248095,0.364717969426236,-0.0876634845716829,0.36561117397895354,0.6664525048899022,0.717186531817866,0
0.10526109915615703,-0.25581298403169694,-0.46353701312847867,-0.3920520512473179,-0.3872056247291097,-0.7599135019161535,0
-0.9818131330124955,-0.8763439374896299,-0.37625551960592685,4.659036116927825,3.1249881406675963,-0.4688061959977701,0
0.10526109915615703,-0.25581298403169694,-0.11159550698915678,-0.3920520512473179,-0.3872056247291097,-0.048317865226771874,1
0.10526109915615703,-0.25581298403169694,-0.46353701312847867,4.456992590200819,4.670353397442147,2.0972507969124243,0
-0.7643982865787651,-0.7522377467980433,-0.42411956444087456,-0.3920520512473179,-0.3872056247291097,-0.7599135019161535,0
1.1923353313248095,0.364717969426236,-0.42411956444087456,-0.3920520512473179,-0.3872056247291097,-0.7599135019161535,1
-0.7643982865787651,-0.7522377467980433,-0.5860126572649628,0.012035002206693575,-0.07813257337419956,0.1457536720521504,0
-1.8514725187474177,-1.3727687002559763,-0.46353701312847867,-0.3920520512473179,-0.3872056247291097,-0.7599135019161535,1
-1.4166428258799566,-0.13170679334011035,1.8114128825560978,-0.3920520512473179,-0.3872056247291097,0.7710952921731221,1
-0.9818131330124955,-0.8763439374896299,-0.08907125059624016,3.598307601611045,2.3874274499342882,-0.5766237167082825,0
1.1923353313248095,0.364717969426236,-0.46353701312847867,-0.3920520512473179,-0.3872056247291097,-0.6952229894898461,1
-0.9818131330124955,-0.8763439374896299,-0.0876634845716829,-0.3920520512473179,-0.3872056247291097,-0.45802444392671887,0
-0.7643982865787651,-0.7522377467980433,-0.46353701312847867,-0.3920520512473179,-0.3872056247291097,-0.2316076504346429,1
0.21396852237302227,1.7298860670336886,0.6626758065173514,-0.3920520512473179,-0.3872056247291097,-0.7599135019161535,1
-0.7643982865787651,-0.7522377467980433,-0.041207205761292394,-0.3920520512473179,-0.3872056247291097,-0.7599135019161535,1
0.21396852237302227,1.7298860670336886,0.2882100439851129,-0.3920520512473179,-0.3872056247291097,-0.13457188179518176,1
1.1923353313248095,0.364717969426236,-0.46353701312847867,-0.3920520512473179,-0.3872056247291097,-0.7599135019161535,1
-0.7643982865787651,-0.7522377467980433,-0.46353701312847867,-0.3920520512473179,-0.3872056247291097,0.8034405483862759,1
-0.7643982865787651,-0.7522377467980433,-0.0876634845716829,-0.3920520512473179,-0.3872056247291097,-0.7599135019161535,0
0.10526109915615703,-0.25581298403169694,-0.46353701312847867,-0.3920520512473179,-0.3872056247291097,0.7603135401020709,1
-0.7643982865787651,-0.7522377467980433,-0.0876634845716829,-0.3920520512473179,-0.3872056247291097,0.8034405483862759,1
-1.8514725187474177,-1.3727687002559763,-0.46353701312847867,-0.3920520512473179,-0.3872056247291097,-0.7599135019161535,0
-2.068887365181148,-1.4968748909475629,0.21219067865901947,-0.3920520512473179,-0.3872056247291097,-0.738349997774051,1
-0.9455773252735404,5.453071787781287,3.5837903074737225,-0.3920520512473179,-0.3872056247291097,0.264352944833714,1
-0.7643982865787651,-0.7522377467980433,-0.23970221522386997,0.46663293734245653,0.2695746094000743,0.5338967466099949,0
-0.7643982865787651,-0.7522377467980433,-0.08907125059624016,-0.3920520512473179,-0.3872056247291097,0.5338967466099949,0
1.1923353313248095,0.364717969426236,-0.08907125059624016,-0.3920520512473179,-0.3872056247291097,-0.7599135019161535,1
0.10526109915615703,-0.25581298403169694,-0.18620710629069306,-0.3920520512473179,-0.3872056247291097,-0.6952229894898461,1
0.1777327146340672,3.5914789274074876,1.3735976489187816,-0.3920520512473179,-0.3872056247291097,-0.7599135019161535,1
1.1923353313248095,0.364717969426236,-0.40581860612162984,-0.3920520512473179,-0.3872056247291097,-0.5011514522109238,1
1.1923353313248095,0.364717969426236,-0.37625551960592685,-0.3920520512473179,-0.3872056247291097,0.4368609779705338,0
-0.7643982865787651,-0.7522377467980433,-0.0876634845716829,-0.3920520512473179,-0.3872056247291097,-0.33942517114515525,1
1.1923353313248095,0.364717969426236,-0.46353701312847867,-0.3920520512473179,-0.3872056247291097,-0.6413142291345899,0
-0.7643982865787651,-0.7522377467980433,-0.40581860612162984,-0.3920520512473179,-0.3872056247291097,0.02715439927058679,1
-0.329568593711304,1.1093551135757556,1.0385493350741473,-0.3920520512473179,-0.3872056247291097,2.1942865655518853,1
-0.7643982865787651,-0.7522377467980433,-0.013051885270146741,1.375828807613982,0.9649889749486222,-0.6197507249924874,0
0.10526109915615703,-0.25581298403169694,-0.46353701312847867,-0.3920520512473179,-0.3872056247291097,-0.7599135019161535,0
0.10526109915615703,-0.25581298403169694,-0.4170807343180882,-0.3920520512473179,-0.3872056247291097,1.1484566146599153,1
-0.43827601692816925,0.985248922884169,0.2882100439851129,-0.3920520512473179,-0.3872056247291097,2.453048615257115,1
1.1923353313248095,0.364717969426236,-0.46353701312847867,1.325317925932231,2.00108613574065,-0.6520959812056412,0
0.10526109915615703,-0.25581298403169694,-0.12144986916105782,-0.3920520512473179,-0.3872056247291097,-0.7599135019161535,1
0.10526109915615703,-0.25581298403169694,-0.0876634845716829,-0.3920520512473179,-0.3872056247291097,-0.3825521794293602,1
1.1923353313248095,0.364717969426236,-0.35936232731123935,-0.2405194062020636,-0.17647399880530734,0.6956230276757635,0
1.1923353313248095,0.364717969426236,-0.3030516863289479,-0.3920520512473179,-0.3872056247291097,1.0622025980915055,1
-0.7643982865787651,-0.7522377467980433,-0.3875176478023851,-0.3920520512473179,-0.3872056247291097,-0.5981872208503849,1
1.1923353313248095,0.364717969426236,-0.16227508387321918,0.6686764640694621,1.0879157567375068,1.6983259702835285,0
0.10526109915615703,-0.25581298403169694,-0.1369352954311879,-0.3920520512473179,-0.3872056247291097,1.7091077223545796,1
0.10526109915615703,-0.25581298403169694,-0.35936232731123935,-0.3920520512473179,-0.3872056247291097,1.0514208460204544,1
0.10526109915615703,-0.25581298403169694,0.21219067865901947,-0.3920520512473179,-0.3872056247291097,2.7549376732465496,1
0.6487982152404833,2.226310829800035,0.2882100439851129,-0.3920520512473179,-0.3872056247291097,-0.18848064215043794,1
-0.9818131330124955,-0.8763439374896299,-0.29460509018160413,0.41612205566070504,0.1747453777343633,-0.7275682457029998,0
1.1923353313248095,0.364717969426236,0.21219067865901947,-0.3920520512473179,-0.3872056247291097,-0.7599135019161535,0
0.10526109915615703,1.605779876342102,1.0385493350741473,-0.3920520512473179,-0.3872056247291097,-0.5981872208503849,1
0.10526109915615703,-0.25581298403169694,0.21219067865901947,-0.3920520512473179,-0.3872056247291097,-0.7599135019161535,0
0.10526109915615703,-0.25581298403169694,-0.3875176478023851,-0.3920520512473179,-0.3872056247291097,-0.7599135019161535,0
0.10526109915615703,-0.25581298403169694,0.21219067865901947,-0.3920520512473179,-0.3872056247291097,0.7064047797468147,1
-0.9818131330124955,-0.8763439374896299,-0.46353701312847867,-0.3920520512473179,-0.3872056247291097,-0.7599135019161535,1
-0.43827601692816925,0.985248922884169,0.2882100439851129,-0.3920520512473179,-0.3872056247291097,-0.7599135019161535,1
0.10526109915615703,-0.25581298403169694,-0.37625551960592685,1.0727635175234735,1.1405986632184575,0.15653542412320162,0
1.1923353313248095,0.364717969426236,-0.3509157311638957,-0.3920520512473179,-0.3872056247291097,-0.5658419646372312,1
0.10526109915615703,-0.25581298403169694,0.21219067865901947,1.325317925932231,1.4040131956232103,0.13497191998109914,0
0.10526109915615703,-0.25581298403169694,-0.46353701312847867,-0.3920520512473179,-0.3872056247291097,-0.7599135019161535,1
1.1923353313248095,0.364717969426236,-0.02572177949116231,-0.3920520512473179,-0.3872056247291097,-0.7491317498451022,0
0.10526109915615703,-0.25581298403169694,-0.2382944491993127,-0.19000852452031217,-0.17647399880530734,1.6228537057861698,0
1.1923353313248095,0.364717969426236,-0.46353701312847867,-0.3920520512473179,-0.3872056247291097,-0.738349997774051,0
0.10526109915615703,-0.25581298403169694,0.21219067865901947,0.7191873457512136,0.7718183178518032,-0.2855164107898991,0
0.10526109915615703,-0.25581298403169694,-0.46353701312847867,-0.3920520512473179,-0.3872056247291097,-0.42567918771356517,0
-0.7643982865787651,-0.7522377467980433,-0.12144986916105782,0.11305676557019646,-0.0008643105354720518,0.8465675566704808,0
-0.7643982865787651,-0.7522377467980433,0.21219067865901947,-0.3920520512473179,-0.3872056247291097,0.5878055069652511,1
-0.9818131330124955,-0.8763439374896299,-0.46353701312847867,0.012035002206693575,-0.10623012349737321,-0.7599135019161535,0
0.10526109915615703,-0.25581298403169694,-0.0876634845716829,0.5171438190242078,0.5610866919280011,-0.6952229894898461,0
1.1923353313248095,0.364717969426236,-0.46353701312847867,-0.3920520512473179,-0.3872056247291097,1.2778376395125302,1
1.1923353313248095,0.364717969426236,-0.46353701312847867,-0.3920520512473179,-0.3872056247291097,2.1080325489834753,1
-2.7211319044823394,-1.8691934630223226,-0.0876634845716829,-0.3920520512473179,-0.3872056247291097,-0.7599135019161535,0
1.1923353313248095,0.364717969426236,-0.46353701312847867,-0.13949764283856073,-0.0359862481894391,-0.7275682457029998,0
-2.068887365181148,-1.4968748909475629,-0.0876634845716829,-0.3920520512473179,-0.3872056247291097,-0.7599135019161535,0
-0.7643982865787651,-0.7522377467980433,-0.46353701312847867,-0.3920520512473179,-0.3872056247291097,-0.16691713800833546,1
0.6487982152404833,2.226310829800035,0.6626758065173514,-0.3920520512473179,-0.3872056247291097,-0.7599135019161535,1
0.21396852237302227,1.7298860670336886,0.4078701560724823,-0.3920520512473179,-0.3872056247291097,1.8061434909940408,1
-0.329568593711304,4.336116071557007,3.399372958256719,-0.3920520512473179,-0.3872056247291097,2.1511595572676803,1
-0.9818131330124955,-0.8763439374896299,-0.46353701312847867,-0.3920520512473179,-0.3872056247291097,-0.7599135019161535,0
-1.8514725187474177,-1.3727687002559763,-0.31290604850084885,-0.3920520512473179,-0.3872056247291097,-0.7599135019161535,0
-0.7643982865787651,-0.7522377467980433,-0.6381000001735824,-0.3920520512473179,-0.3872056247291097,0.9975120856651981,1
1.1923353313248095,0.364717969426236,-0.46353701312847867,-0.291030287883815,-0.24671787411324145,-0.7599135019161535,0
1.1923353313248095,0.364717969426236,-0.46353701312847867,-0.3920520512473179,-0.3872056247291097,-0.7599135019161535,0
0.10526109915615703,-0.25581298403169694,-0.0876634845716829,-0.3920520512473179,-0.3872056247291097,-0.6628777332766924,1
1.1923353313248095,0.364717969426236,-0.46353701312847867,-0.03847587947505783,0.1045015024264291,0.4692062341836875,0
0.10526109915615703,-0.25581298403169694,-0.46353701312847867,-0.3920520512473179,-0.3872056247291097,1.267055887441479,1
1.1923353313248095,0.364717969426236,-0.46353701312847867,-0.3920520512473179,-0.3872056247291097,-0.7599135019161535,0
-0.7643982865787651,-0.7522377467980433,-0.0876634845716829,0.012035002206693575,-0.07813257337419956,-0.7599135019161535,0
1.1923353313248095,0.364717969426236,-0.46353701312847867,4.6085252352460735,6.5669380307563685,-0.5442784604951287,0
-0.7643982865787651,-0.7522377467980433,-0.16227508387321918,-0.3920520512473179,-0.3872056247291097,-0.7599135019161535,0
0.10526109915615703,-0.25581298403169694,-0.0876634845716829,-0.3920520512473179,-0.3872056247291097,0.09184491169689421,1
-1.8514725187474177,-1.3727687002559763,-0.1341197633820734,-0.3920520512473179,-0.3872056247291097,-0.7599135019161535,0
-0.8731057097956303,0.48882416011782265,1.639665427560109,-0.3920520512473179,-0.3872056247291097,2.0972507969124243,1
-0.38392230531973665,4.212009880865421,1.7888886261631813,-0.3920520512473179,-0.3872056247291097,0.9220398211678394,1
1.1923353313248095,0.364717969426236,-0.0876634845716829,2.9921770214300283,4.319134020902476,-0.145353633866233,0
-2.068887365181148,-1.4968748909475629,5.917866376189705,2.2345137962037565,0.525964754274034,-0.7599135019161535,0
-0.329568593711304,1.1093551135757556,0.43743324258818544,-0.3920520512473179,-0.3872056247291097,1.0729843501625567,1
-0.7643982865787651,-0.7522377467980433,-0.0876634845716829,-0.08898676115680931,-0.1554008362129271,-0.7599135019161535,0
-0.11215374727757349,4.832540834323353,2.390004718649143,-0.3920520512473179,-0.3872056247291097,0.3074799531179189,1
-0.7643982865787651,-0.7522377467980433,-0.46353701312847867,-0.3920520512473179,-0.3872056247291097,-0.738349997774051,1
0.21396852237302227,1.7298860670336886,0.7049087872540701,-0.3920520512473179,-0.3872056247291097,0.4045157217573801,1
-2.1775947883980136,-1.0004501281812166,0.5120448418897215,-0.3920520512473179,-0.3872056247291097,-0.7599135019161535,1
0.10526109915615703,-0.25581298403169694,-0.0876634845716829,-0.3920520512473179,-0.3872056247291097,-0.7599135019161535,1
0.10526109915615703,-0.25581298403169694,-0.0876634845716829,0.3151002922972022,0.3503550660041986,-0.738349997774051,0
-1.8514725187474177,-1.3727687002559763,-0.0876634845716829,-0.3920520512473179,-0.3872056247291097,-0.7599135019161535,1
1.1923353313248095,0.364717969426236,-0.38329434972871324,-0.3920520512473179,-0.3872056247291097,-0.27473465871884784,0
-0.7643982865787651,-0.7522377467980433,-0.46353701312847867,-0.3920520512473179,-0.3872056247291097,0.7279682838889172,1
1.1923353313248095,0.364717969426236,-0.46353701312847867,-0.08898676115680931,0.034257627118495,-0.3502069232162065,0
-0.7643982865787651,-0.7522377467980433,-0.46353701312847867,4.659036116927825,3.476207517207267,-0.7491317498451022,0
-0.9818131330124955,-0.8763439374896299,-0.34950796513933846,-0.3920520512473179,-0.3872056247291097,-0.7599135019161535,0
-1.3079354026630914,-0.007600602648523745,0.6626758065173514,-0.3920520512473179,-0.3872056247291097,-0.7275682457029998,1
1.1923353313248095,0.364717969426236,-0.46353701312847867,-0.3920520512473179,-0.3872056247291097,-0.4688061959977701,0
1.1923353313248095,0.364717969426236,-0.0876634845716829,-0.3920520512473179,-0.3872056247291097,1.1592383667309667,1
-0.329568593711304,1.1093551135757556,0.2882100439851129,-0.3920520512473179,-0.3872056247291097,-0.4364609397846164,1
-0.7643982865787651,-0.7522377467980433,-0.0017897570736884307,-0.3920520512473179,-0.3872056247291097,-0.17769889007938672,1
1.1923353313248095,0.364717969426236,-0.21717795883095334,1.8809376244314968,2.7737687641279254,1.0082938377362494,0
0.1777327146340672,3.5914789274074876,1.7874808601386243,-0.3920520512473179,-0.3872056247291097,-0.5658419646372312,1
-0.7643982865787651,-0.7522377467980433,-0.23970221522386997,-0.3920520512473179,-0.3872056247291097,-0.738349997774051,1
1.1923353313248095,0.364717969426236,-0.46353701312847867,-0.3920520512473179,-0.3872056247291097,0.6093690111073535,1
1.1923353313248095,0.364717969426236,-0.46353701312847867,2.891155258066525,4.178646270286608,0.943603325309942,0
-2.068887365181148,-1.4968748909475629,-0.0876634845716829,-0.3920520512473179,-0.3872056247291097,2.5500843838965763,1
1.1923353313248095,0.364717969426236,-0.0876634845716829,-0.3920520512473179,-0.3872056247291097,1.0298573418783519,0
-0.329568593711304,1.1093551135757556,0.2882100439851129,-0.3920520512473179,-0.3872056247291097,-0.5874054687793338,1
0.10526109915615703,-0.25581298403169694,7.598739009511108,-0.3920520512473179,-0.3872056247291097,2.043342036557168,1
0.10526109915615703,-0.25581298403169694,-0.028537311540276826,-0.3920520512473179,-0.3872056247291097,1.310182895725684,1
0.10526109915615703,-0.25581298403169694,-0.31290604850084885,-0.3920520512473179,-0.3872056247291097,-0.7491317498451022,0
0.21396852237302227,1.7298860670336886,1.03714156904959,-0.3920520512473179,-0.3872056247291097,-0.7599135019161535,1
1.1923353313248095,0.364717969426236,-0.40581860612162984,-0.3920520512473179,-0.3872056247291097,-0.7599135019161535,0
1.1923353313248095,0.364717969426236,-0.46353701312847867,-0.3920520512473179,-0.3872056247291097,-0.7599135019161535,0
0.10526109915615703,-0.25581298403169694,-0.46353701312847867,-0.3920520512473179,-0.3872056247291097,-0.7599135019161535,1
1.1923353313248095,0.364717969426236,-0.3875176478023851,-0.2405194062020636,-0.17647399880530734,0.6417142673205073,0
1.1923353313248095,0.364717969426236,-0.4353816926373329,-0.3920520512473179,-0.3872056247291097,-0.005190856942566924,0
1.1923353313248095,0.364717969426236,-0.0876634845716829,0.3151002922972022,0.596208629581968,0.5878055069652511,0
-0.9818131330124955,-0.8763439374896299,-0.0876634845716829,-0.3920520512473179,-0.3872056247291097,-0.7599135019161535,0
0.21396852237302227,1.7298860670336886,0.6626758065173514,-0.3920520512473179,-0.3872056247291097,1.1161113584467617,1
0.10526109915615703,-0.25581298403169694,-0.46353701312847867,-0.3920520512473179,-0.3872056247291097,-0.7599135019161535,0
1.1923353313248095,0.364717969426236,-0.0876634845716829,-0.3920520512473179,-0.3872056247291097,0.5770237548941999,1
1.1923353313248095,0.364717969426236,-0.0876634845716829,-0.3920520512473179,-0.3872056247291097,-0.5011514522109238,1
-0.9818131330124955,-0.8763439374896299,-0.42693509648998923,-0.3920520512473179,-0.3872056247291097,1.3317463998677865,0
1.1923353313248095,0.364717969426236,-0.2382944491993127,-0.3920520512473179,-0.3872056247291097,-0.7599135019161535,1
1.1923353313248095,0.364717969426236,-0.41848850034264545,-0.3920520512473179,-0.3872056247291097,0.9220398211678394,1
0.10526109915615703,-0.25581298403169694,-0.46353701312847867,-0.3920520512473179,-0.3872056247291097,0.8465675566704808,1
1.1923353313248095,0.364717969426236,-0.38329434972871324,-0.3920520512473179,-0.3872056247291097,-0.2639529066477966,0
-0.9818131330124955,-0.8763439374896299,-0.4353816926373329,-0.3920520512473179,-0.3872056247291097,-0.7599135019161535,1
1.1923353313248095,0.364717969426236,-0.46353701312847867,-0.3920520512473179,-0.3872056247291097,0.264352944833714,1
-0.9818131330124955,-0.8763439374896299,-0.46353701312847867,1.577872334340988,0.9825499437756057,-0.18848064215043794,0
-0.7643982865787651,3.3432665460243145,2.915101445809011,-0.3920520512473179,-0.3872056247291097,1.5042544330046062,1
0.10526109915615703,-0.25581298403169694,-0.0876634845716829,-0.3920520512473179,-0.3872056247291097,-0.7599135019161535,0
0.10526109915615703,-0.25581298403169694,0.307918768328915,-0.3920520512473179,-0.3872056247291097,0.2966982010468677,1
0.10526109915615703,-0.25581298403169694,-0.0876634845716829,-0.3920520512473179,-0.3872056247291097,0.37217046554422634,1
-0.7643982865787651,-0.7522377467980433,-0.1341197633820734,-0.291030287883815,-0.3099373618903822,0.9759485815230956,0
1.1923353313248095,0.364717969426236,0.05170535185948861,-0.3920520512473179,-0.3872056247291097,-0.2316076504346429,1
0.10526109915615703,-0.25581298403169694,0.21219067865901947,-0.03847587947505783,-0.018425279362455554,3.046044979164933,0
-1.8514725187474177,-1.3727687002559763,0.21219067865901947,-0.3920520512473179,-0.3872056247291097,-0.7599135019161535,1
0.1777327146340672,3.5914789274074876,1.9986457638222175,-0.3920520512473179,-0.3872056247291097,1.1700201188020178,1
0.10526109915615703,-0.25581298403169694,-0.46353701312847867,-0.3920520512473179,-0.3872056247291097,-0.7599135019161535,0
-0.7643982865787651,-0.7522377467980433,-0.46353701312847867,-0.3920520512473179,-0.3872056247291097,-0.7599135019161535,1
0.10526109915615703,-0.25581298403169694,0.15869556972584245,-0.3920520512473179,-0.3872056247291097,-0.7599135019161535,0
-0.7643982865787651,-0.7522377467980433,-0.34950796513933846,-0.3920520512473179,-0.3872056247291097,-0.7599135019161535,0
